Question,2026-01-29_155911_radio bénin culture_GW_50,2026-01-29_155911_radio bénin culture_GW_50_n,2026-01-29_155911_radio bénin culture_GW_50_wn,2026-01-29_155911_radio bénin culture_GW_50_state,2026-01-29_160556_bip radio_GW_50,2026-01-29_160556_bip radio_GW_50_n,2026-01-29_160556_bip radio_GW_50_wn,2026-01-29_160556_bip radio_GW_50_state,2026-01-29_161039_couffo_GW_50,2026-01-29_161039_couffo_GW_50_n,2026-01-29_161039_couffo_GW_50_wn,2026-01-29_161039_couffo_GW_50_state,2026-01-29_161339_adja ouere_GW_50,2026-01-29_161339_adja ouere_GW_50_n,2026-01-29_161339_adja ouere_GW_50_wn,2026-01-29_161339_adja ouere_GW_50_state,2026-01-29_161633_deeman radio_GW_50,2026-01-29_161633_deeman radio_GW_50_n,2026-01-29_161633_deeman radio_GW_50_wn,2026-01-29_161633_deeman radio_GW_50_state,2026-01-29_161728_ortb_GW_50,2026-01-29_161728_ortb_GW_50_n,2026-01-29_161728_ortb_GW_50_wn,2026-01-29_161728_ortb_GW_50_state,2026-01-29_162016_Radio TONASSE (higher antenna)_GW_50,2026-01-29_162016_Radio TONASSE (higher antenna)_GW_50_n,2026-01-29_162016_Radio TONASSE (higher antenna)_GW_50_wn,2026-01-29_162016_Radio TONASSE (higher antenna)_GW_50_state,2026-01-29_162256_Radio TONIGNON_GW_50,2026-01-29_162256_Radio TONIGNON_GW_50_n,2026-01-29_162256_Radio TONIGNON_GW_50_wn,2026-01-29_162256_Radio TONIGNON_GW_50_state,2026-01-29_162351_la voix de la vallee [location 2]_GW_50,2026-01-29_162351_la voix de la vallee [location 2]_GW_50_n,2026-01-29_162351_la voix de la vallee [location 2]_GW_50_wn,2026-01-29_162351_la voix de la vallee [location 2]_GW_50_state,2026-01-29_165417_Solidarité FM_GW_50,2026-01-29_165417_Solidarité FM_GW_50_n,2026-01-29_165417_Solidarité FM_GW_50_wn,2026-01-29_165417_Solidarité FM_GW_50_state
Station Most Listened,"ORTB FM
18.3
Capp FM
10.7
Radio wekê
10.5
Alliance FM
9.3
Lama FM
9.3
La Voix de la Vallée
9.0
Radio wêkè Alléluia FM
8.1
Tokpa FM
6.8
Radio wekê Peace fm
3.8
radio Alliance
2.3
Radio LAMA
2.3
Radio weke
2.1
Radio wêkè Alléluia FM Radio protestante
1.7
Radio Wèkè
1.7
Radio Attakè Radio wêkè Radio Alléluia FM
0.9
Radio Alléluia FM
0.9
Radio wêkè
0.6
Radio Wèkè et radio Alléluia FM
0.4
Alléluia Fm
0.4
Alléluia fm
0.4
radio Alléluia
0.4","ORTB FM
5
Capp FM
5
Radio wekê
5
Alliance FM
1
Lama FM
1
La Voix de la Vallée
3
Radio wêkè Alléluia FM
3
Tokpa FM
4
Radio wekê Peace fm
1
radio Alliance
1
Radio LAMA
1
Radio weke
5
Radio wêkè Alléluia FM Radio protestante
1
Radio Wèkè
4
Radio Attakè Radio wêkè Radio Alléluia FM
1
Radio Alléluia FM
2
Radio wêkè
1
Radio Wèkè et radio Alléluia FM
1
Alléluia Fm
1
Alléluia fm
1
radio Alléluia
1","ORTB FM
1649.0
Capp FM
961.6
Radio wekê
945.5
Alliance FM
841.3
Lama FM
841.3
La Voix de la Vallée
807.7
Radio wêkè Alléluia FM
730.8
Tokpa FM
615.4
Radio wekê Peace fm
346.2
radio Alliance
210.3
Radio LAMA
210.3
Radio weke
192.3
Radio wêkè Alléluia FM Radio protestante
153.9
Radio Wèkè
153.9
Radio Attakè Radio wêkè Radio Alléluia FM
76.9
Radio Alléluia FM
76.9
Radio wêkè
51.3
Radio Wèkè et radio Alléluia FM
38.5
Alléluia Fm
38.5
Alléluia fm
38.5
radio Alléluia
38.5",Unknown,"Capp FM
25.4
ORTB FM
19.5
Radio Kpassè
14.2
Tokpa FM
10.7
Soleil fm
10.1
La Voix de la Vallée
5.3
Radio Sedohoun
5.3
Radio Gbéti
2.4
Je ne sais pas : Un tuùn ǎ
1.2
Maranatha FM
1.2
Radio GBÉTI
1.2
Radio Gbéti 88.1FM
1.2
Radio Immaculée
1.2
Radio Kpassè Radio Gbètin La voix de la lama
1.2","Capp FM
5
ORTB FM
3
Radio Kpassè
2
Tokpa FM
1
Soleil fm
2
La Voix de la Vallée
1
Radio Sedohoun
1
Radio Gbéti
2
Je ne sais pas : Un tuùn ǎ
1
Maranatha FM
1
Radio GBÉTI
1
Radio Gbéti 88.1FM
1
Radio Immaculée
1
Radio Kpassè Radio Gbètin La voix de la lama
1","Capp FM
1746.0
ORTB FM
1339.9
Radio Kpassè
974.5
Tokpa FM
730.9
Soleil fm
690.3
La Voix de la Vallée
365.4
Radio Sedohoun
365.4
Radio Gbéti
162.4
Je ne sais pas : Un tuùn ǎ
81.2
Maranatha FM
81.2
Radio GBÉTI
81.2
Radio Gbéti 88.1FM
81.2
Radio Immaculée
81.2
Radio Kpassè Radio Gbètin La voix de la lama
81.2",Unknown,"ORTB FM
14.3
Radio Tonnasse
11.7
FM Alakétou
11.4
Ala ketou FM
10.3
ALAFIA FM
9.1
Radio Sedohoun
5.0
radio bénin Alafia
4.6
Radio bénin Alafia
3.5
ADJA OUERE FM
3.4
La Voix de la Vallée
2.5
Capp FM
2.5
Radio Alakétou
2.3
radio FM Alakétou
1.1
Radio pobe
1.1
Ketou FM
1.1
ALAFIA FM et Ala ketou FM
1.1
Alliance FM
1.0
Lama FM
0.7
Bénin Alafia
0.7
Alliance
0.7
Radio Carrefour
0.6
Lama
0.6
Tokpa FM
0.6
Diaspora FM
0.6
La voix de la lama
0.5
Nanto FM
0.5
Lama fm
0.4
Immaculée Conception
0.3
Maranatha FM
0.3
Radio Tonignon
0.3
Radio lalo
0.3
la voix de la lama
0.3
La voix de la lama Alliance fm
0.3
Radio LAMA
0.3
Ahémé FM
0.3
Bip Radio
0.2
Comé
0.2
Radio immaculée
0.1
Radio ALLIANCE
0.1
La voix de la lama Alliance FM
0.1
Couffo FM
0.1
Ocean FM
0.1
radio la voix de la lama
0.1
Radio Bénin alafia Radio lama
0.1
Radio Bénin alafia Lama fm
0.1
Radio Bénin Culture
0.1
Radio Bénin Alafia
0.1
Alléluia FM
0.1
Alliance fm
0.1
radio immaculée
0.1
Radio Bénin alafia Alliance fm La voix de la lama
0.1
Radio misserrete
0.1
Zomatchi
0.1
Lalo FM
0.1
Voix de la lama
0.1
Radio lama Alliance fm Golf fm
0.1
immaculée Alliance FM
0.1
Radio lama Immaculée conception radio
0.1
Radio Bénin Alafia.
0.1
Radio Bénin alafia
0.1
Radio Immaculée conception
0.1
Benin alafia Lama fm
0.1
radio Agbotagon
0.1
Lama fm Benin alafia
0.1
Radio Agbotagon
0.1
Royal
0.1
Alafia
0.1
Royal Fm
0.1
Kpassè
0.1
Lama fm Radio Bénin alafia
0.1
immaculée conception
0.1
Alliance FM La voix de la lama Immaculée conception
0.1
Alliance FM Immaculée conception
0.1
Jakora FM Immaculée FM Alliance FM
0.1
Radio Immaculée
0.1
Je ne maîtrise pas le nom des chaînes Mais j'écoute la radio
0.1
Ahémé
0.1
Allohado FM
0.0
Benin Alafia
0.0
Agbanyizoun
0.0
Radio la diaspora
0.0
radio Bénin alafia
0.0
Kpossotome
0.0
Sauveur FM
0.0
Gbeti.
0.0
Mono Fm
0.0
kpassè
0.0
Comé FM.
0.0
Gerdes FM
0.0
Radio lama Alliance fm
0.0
Radio lama Alliance Radio immaculée conception
0.0
Radio lama Royal fm Tonignon
0.0
RFI
0.0
Weke
0.0
Maranatha
0.0
Radio Alliance
0.0
Immaculée conception
0.0
Radio trait d'union (bohicon)
0.0
radio Alliance
0.0
Frisson
0.0
Gbeti
0.0
Alakétou FM
0.0
Radio Alafia
0.0
Fm Aheme
0.0
Alléluia fm
0.0
c'est quelque chose FM..
0.0
Trait d'union émettant depuis Bohicon
0.0
Il y a une autre radio que j: écoute mais j'ai oublié le nom
0.0
Radio weke (fréquence inconnue)
0.0
Radio la voix de la lama
0.0
Radio la voix de la LAMA 103.8
0.0
immaculée
0.0
108.3
0.0
Alliance fm Radio immaculée
0.0
Alliance fm Lama fm
0.0
Radio Parakou
0.0
radio alliance
0.0
mais j'ignore le nom des chaînes
0.0
J'écoute d'autres à part la vallée
0.0
Atlantique FM
0.0
Lama fm Immaculée conception
0.0
Royal FM
0.0
LALO FM
0.0
LAMA FM
0.0
radio Alliance fm
0.0
Radio Alliance et Radio LAMA
0.0
Radia LAMA
0.0
Fm Aheme Kpasse
0.0
Royale FM
0.0
Diaspora 102.3 FM.
0.0
Je ne sais pas : Un tuùn ǎ
0.0
Radio Lalo
0.0
Radio bénin Alafia Radio Lalo
0.0
Imonle fm
0.0
Fm Aheme 87.7
0.0
Kpossotome Come
0.0
Mono FM.
0.0
Radio possotome 97.7
0.0
radio Alafia
0.0
radio LAMA
0.0
Alliance Fm
0.0
Immaculée
0.0
ALAFIA FM Cotonou
0.0
Radio Lalo Coufo FM
0.0
alafia
0.0
ALLOHADO FM
0.0
Radio wêkè
0.0
GAMELI FM Azove
0.0
Lalo FM Radio bénin Alafia
0.0
Radio bénin Alafia Radio Alakétou
0.0
Gassui FM toviklin
0.0
Djakotomey
0.0
Radio Tonion
0.0
zogbodomey
0.0
GASSOU FM
0.0
GASSOU FM a Aplahoue
0.0
Alléluia Fm
0.0
Fm 98.09
0.0
TRAIT-D'UNION
0.0
Allohado 104.1 FM
0.0
Radio aloxado
0.0
ROYALE FM
0.0
radio aloxado
0.0
Immaculée FM
0.0
Radio royal FM
0.0
Radio zinkamè
0.0
mixa alodo
0.0
Radio aloxado et royal FM
0.0
radio IFÈ ( collines)
0.0
Leeman FM
0.0
Radio Leeman
0.0
Radio trait d'union
0.0","ORTB FM
102
Radio Tonnasse
30
FM Alakétou
7
Ala ketou FM
9
ALAFIA FM
17
Radio Sedohoun
72
radio bénin Alafia
1
Radio bénin Alafia
7
ADJA OUERE FM
39
La Voix de la Vallée
86
Capp FM
46
Radio Alakétou
2
radio FM Alakétou
1
Radio pobe
1
Ketou FM
1
ALAFIA FM et Ala ketou FM
1
Alliance FM
14
Lama FM
4
Bénin Alafia
9
Alliance
6
Radio Carrefour
31
Lama
12
Tokpa FM
9
Diaspora FM
3
La voix de la lama
8
Nanto FM
3
Lama fm
9
Immaculée Conception
1
Maranatha FM
6
Radio Tonignon
6
Radio lalo
2
la voix de la lama
6
La voix de la lama Alliance fm
4
Radio LAMA
14
Ahémé FM
8
Bip Radio
5
Comé
5
Radio immaculée
3
Radio ALLIANCE
4
La voix de la lama Alliance FM
3
Couffo FM
26
Ocean FM
3
radio la voix de la lama
2
Radio Bénin alafia Radio lama
1
Radio Bénin alafia Lama fm
1
Radio Bénin Culture
2
Radio Bénin Alafia
1
Alléluia FM
8
Alliance fm
5
radio immaculée
3
Radio Bénin alafia Alliance fm La voix de la lama
1
Radio misserrete
1
Zomatchi
1
Lalo FM
15
Voix de la lama
1
Radio lama Alliance fm Golf fm
1
immaculée Alliance FM
1
Radio lama Immaculée conception radio
1
Radio Bénin Alafia.
1
Radio Bénin alafia
1
Radio Immaculée conception
1
Benin alafia Lama fm
1
radio Agbotagon
1
Lama fm Benin alafia
1
Radio Agbotagon
1
Royal
1
Alafia
1
Royal Fm
1
Kpassè
2
Lama fm Radio Bénin alafia
1
immaculée conception
1
Alliance FM La voix de la lama Immaculée conception
1
Alliance FM Immaculée conception
1
Jakora FM Immaculée FM Alliance FM
1
Radio Immaculée
5
Je ne maîtrise pas le nom des chaînes Mais j'écoute la radio
1
Ahémé
2
Allohado FM
1
Benin Alafia
1
Agbanyizoun
1
Radio la diaspora
1
radio Bénin alafia
1
Kpossotome
2
Sauveur FM
1
Gbeti.
1
Mono Fm
1
kpassè
1
Comé FM.
1
Gerdes FM
2
Radio lama Alliance fm
1
Radio lama Alliance Radio immaculée conception
1
Radio lama Royal fm Tonignon
1
RFI
1
Weke
1
Maranatha
1
Radio Alliance
3
Immaculée conception
1
Radio trait d'union (bohicon)
1
radio Alliance
2
Frisson
2
Gbeti
1
Alakétou FM
1
Radio Alafia
2
Fm Aheme
3
Alléluia fm
1
c'est quelque chose FM..
1
Trait d'union émettant depuis Bohicon
1
Il y a une autre radio que j: écoute mais j'ai oublié le nom
1
Radio weke (fréquence inconnue)
1
Radio la voix de la lama
1
Radio la voix de la LAMA 103.8
1
immaculée
1
108.3
1
Alliance fm Radio immaculée
1
Alliance fm Lama fm
1
Radio Parakou
1
radio alliance
2
mais j'ignore le nom des chaînes
1
J'écoute d'autres à part la vallée
1
Atlantique FM
1
Lama fm Immaculée conception
1
Royal FM
13
LALO FM
4
LAMA FM
1
radio Alliance fm
1
Radio Alliance et Radio LAMA
1
Radia LAMA
1
Fm Aheme Kpasse
1
Royale FM
15
Diaspora 102.3 FM.
1
Je ne sais pas : Un tuùn ǎ
3
Radio Lalo
2
Radio bénin Alafia Radio Lalo
3
Imonle fm
1
Fm Aheme 87.7
1
Kpossotome Come
1
Mono FM.
1
Radio possotome 97.7
1
radio Alafia
2
radio LAMA
1
Alliance Fm
1
Immaculée
2
ALAFIA FM Cotonou
1
Radio Lalo Coufo FM
1
alafia
1
ALLOHADO FM
6
Radio wêkè
1
GAMELI FM Azove
1
Lalo FM Radio bénin Alafia
1
Radio bénin Alafia Radio Alakétou
1
Gassui FM toviklin
1
Djakotomey
1
Radio Tonion
1
zogbodomey
1
GASSOU FM
1
GASSOU FM a Aplahoue
1
Alléluia Fm
1
Fm 98.09
1
TRAIT-D'UNION
4
Allohado 104.1 FM
1
Radio aloxado
3
ROYALE FM
2
radio aloxado
2
Immaculée FM
2
Radio royal FM
1
Radio zinkamè
1
mixa alodo
1
Radio aloxado et royal FM
1
radio IFÈ ( collines)
1
Leeman FM
1
Radio Leeman
1
Radio trait d'union
1","ORTB FM
139553.5
Radio Tonnasse
114205.7
FM Alakétou
111386.2
Ala ketou FM
100247.6
ALAFIA FM
89244.9
Radio Sedohoun
48626.4
radio bénin Alafia
44554.5
Radio bénin Alafia
33750.9
ADJA OUERE FM
33086.9
La Voix de la Vallée
24713.2
Capp FM
24106.1
Radio Alakétou
22277.2
radio FM Alakétou
11138.6
Radio pobe
11138.6
Ketou FM
11138.6
ALAFIA FM et Ala ketou FM
11138.6
Alliance FM
10093.7
Lama FM
7220.7
Bénin Alafia
6706.5
Alliance
6521.5
Radio Carrefour
6276.3
Lama
5897.1
Tokpa FM
5784.1
Diaspora FM
5439.5
La voix de la lama
4693.9
Nanto FM
4492.6
Lama fm
4286.2
Immaculée Conception
3365.0
Maranatha FM
3364.3
Radio Tonignon
2955.1
Radio lalo
2925.6
la voix de la lama
2752.7
La voix de la lama Alliance fm
2627.6
Radio LAMA
2587.1
Ahémé FM
2549.4
Bip Radio
2129.4
Comé
1702.2
Radio immaculée
1436.4
Radio ALLIANCE
1412.8
La voix de la lama Alliance FM
1376.7
Couffo FM
1370.2
Ocean FM
1365.7
radio la voix de la lama
1314.5
Radio Bénin alafia Radio lama
1226.2
Radio Bénin alafia Lama fm
1226.2
Radio Bénin Culture
1188.8
Radio Bénin Alafia
1121.7
Alléluia FM
1119.2
Alliance fm
1117.2
radio immaculée
1054.8
Radio Bénin alafia Alliance fm La voix de la lama
946.4
Radio misserrete
904.0
Zomatchi
904.0
Lalo FM
875.4
Voix de la lama
841.3
Radio lama Alliance fm Golf fm
841.3
immaculée Alliance FM
841.3
Radio lama Immaculée conception radio
841.3
Radio Bénin Alafia.
841.3
Radio Bénin alafia
785.5
Radio Immaculée conception
781.9
Benin alafia Lama fm
781.9
radio Agbotagon
731.4
Lama fm Benin alafia
698.3
Radio Agbotagon
698.3
Royal
698.3
Alafia
698.3
Royal Fm
698.3
Kpassè
685.1
Lama fm Radio Bénin alafia
590.0
immaculée conception
590.0
Alliance FM La voix de la lama Immaculée conception
590.0
Alliance FM Immaculée conception
545.0
Jakora FM Immaculée FM Alliance FM
545.0
Radio Immaculée
543.8
Je ne maîtrise pas le nom des chaînes Mais j'écoute la radio
524.5
Ahémé
503.3
Allohado FM
487.6
Benin Alafia
487.6
Agbanyizoun
487.6
Radio la diaspora
473.2
radio Bénin alafia
473.2
Kpossotome
424.1
Sauveur FM
391.5
Gbeti.
391.5
Mono Fm
391.5
kpassè
391.5
Comé FM.
391.5
Gerdes FM
389.2
Radio lama Alliance fm
347.5
Radio lama Alliance Radio immaculée conception
347.5
Radio lama Royal fm Tonignon
347.5
RFI
333.2
Weke
313.9
Maranatha
313.9
Radio Alliance
310.0
Immaculée conception
306.5
Radio trait d'union (bohicon)
297.7
radio Alliance
297.2
Frisson
296.1
Gbeti
293.6
Alakétou FM
289.8
Radio Alafia
283.8
Fm Aheme
228.4
Alléluia fm
226.0
c'est quelque chose FM..
223.3
Trait d'union émettant depuis Bohicon
223.3
Il y a une autre radio que j: écoute mais j'ai oublié le nom
223.3
Radio weke (fréquence inconnue)
223.3
Radio la voix de la lama
210.3
Radio la voix de la LAMA 103.8
210.3
immaculée
210.3
108.3
210.3
Alliance fm Radio immaculée
196.4
Alliance fm Lama fm
181.7
Radio Parakou
174.6
radio alliance
173.8
mais j'ignore le nom des chaînes
167.5
J'écoute d'autres à part la vallée
167.5
Atlantique FM
144.9
Lama fm Immaculée conception
139.7
Royal FM
136.7
LALO FM
135.6
LAMA FM
131.1
radio Alliance fm
131.1
Radio Alliance et Radio LAMA
131.1
Radia LAMA
131.1
Fm Aheme Kpasse
130.5
Royale FM
123.1
Diaspora 102.3 FM.
111.6
Je ne sais pas : Un tuùn ǎ
105.0
Radio Lalo
101.7
Radio bénin Alafia Radio Lalo
101.7
Imonle fm
100.4
Fm Aheme 87.7
97.9
Kpossotome Come
97.9
Mono FM.
97.9
Radio possotome 97.7
97.9
radio Alafia
94.3
radio LAMA
86.9
Alliance Fm
86.9
Immaculée
76.9
ALAFIA FM Cotonou
72.4
Radio Lalo Coufo FM
67.8
alafia
57.9
ALLOHADO FM
52.7
Radio wêkè
40.0
GAMELI FM Azove
36.2
Lalo FM Radio bénin Alafia
36.2
Radio bénin Alafia Radio Alakétou
36.2
Gassui FM toviklin
36.2
Djakotomey
36.2
Radio Tonion
33.9
zogbodomey
33.9
GASSOU FM
33.9
GASSOU FM a Aplahoue
33.9
Alléluia Fm
33.5
Fm 98.09
32.6
TRAIT-D'UNION
31.2
Allohado 104.1 FM
27.9
Radio aloxado
23.8
ROYALE FM
18.1
radio aloxado
18.1
Immaculée FM
16.5
Radio royal FM
9.1
Radio zinkamè
9.1
mixa alodo
9.1
Radio aloxado et royal FM
9.1
radio IFÈ ( collines)
7.4
Leeman FM
7.4
Radio Leeman
7.4
Radio trait d'union
7.4",Unknown,"ORTB FM
20.6
FM Alakétou
15.0
Radio Sedohoun
11.5
Capp FM
11.1
La voix de la lama
4.9
La Voix de la Vallée
4.9
Alliance FM
4.2
Maranatha FM
2.8
Bip Radio
2.0
ADJA OUERE FM
1.9
Lama FM.
1.8
Lama FM
1.8
Lama fm
1.8
Radio Bénin alafia
1.8
Bénin Alafia
1.4
Ka voix de la lama
1.3
Alléluia FM
1.2
Alliance fm Radio lama
1.1
Golf fm
1.1
Radio LAMA
1.0
Maranatha.
0.9
Lama
0.9
La voix de la Lama
0.8
Immaculée conception
0.8
Alliance fm
0.8
Radio Bénin Culture
0.4
Benin alafia Alliance fm Radio lama
0.4
Radio Tonnasse
0.3
RFI
0.3
Rfi
0.2
Radio Immaculée
0.2
La voix de la vallée et Radio LAMA
0.2
Radio LAMA 103.8
0.2
radio Immaculée
0.2
Tado FM
0.1","ORTB FM
9
FM Alakétou
1
Radio Sedohoun
12
Capp FM
12
La voix de la lama
6
La Voix de la Vallée
17
Alliance FM
3
Maranatha FM
3
Bip Radio
2
ADJA OUERE FM
10
Lama FM.
1
Lama FM
1
Lama fm
1
Radio Bénin alafia
1
Bénin Alafia
2
Ka voix de la lama
1
Alléluia FM
4
Alliance fm Radio lama
1
Golf fm
1
Radio LAMA
5
Maranatha.
1
Lama
1
La voix de la Lama
1
Immaculée conception
1
Alliance fm
1
Radio Bénin Culture
2
Benin alafia Alliance fm Radio lama
1
Radio Tonnasse
2
RFI
1
Rfi
1
Radio Immaculée
2
La voix de la vallée et Radio LAMA
1
Radio LAMA 103.8
1
radio Immaculée
1
Tado FM
1","ORTB FM
15271.1
FM Alakétou
11138.6
Radio Sedohoun
8513.4
Capp FM
8241.6
La voix de la lama
3656.0
La Voix de la Vallée
3644.5
Alliance FM
3102.1
Maranatha FM
2068.0
Bip Radio
1457.4
ADJA OUERE FM
1427.0
Lama FM.
1329.5
Lama FM
1329.5
Lama fm
1329.5
Radio Bénin alafia
1329.5
Bénin Alafia
1034.0
Ka voix de la lama
946.4
Alléluia FM
861.0
Alliance fm Radio lama
841.3
Golf fm
787.8
Radio LAMA
738.6
Maranatha.
664.7
Lama
664.7
La voix de la Lama
590.9
Immaculée conception
590.9
Alliance fm
590.9
Radio Bénin Culture
327.6
Benin alafia Alliance fm Radio lama
295.4
Radio Tonnasse
217.9
RFI
213.2
Rfi
179.9
Radio Immaculée
176.2
La voix de la vallée et Radio LAMA
147.7
Radio LAMA 103.8
147.7
radio Immaculée
147.7
Tado FM
90.0",Unknown,"Deeman FM
43.2
Radio Parakou
12.0
Tchaourou FM
8.0
SAKA YERIMA FM
7.7
Radio Nonsina de Bembereke 90.8 FM
5.3
Radio SAKA Yerima 100.1 FM
4.6
Radio tchaorou 104.7 FM
3.6
Solidarité FM
3.4
FM nonsina
3.3
ORTB FM
2.7
Radio Tchaourou 104.7 FM
2.2
Nonsina de Bembereke 90.8 FM
1.6
Radio Tchaorou 104.7 FM
0.4
Radio Tchaourou 104.7 FM.
0.4
FM nonsima
0.4
FM nonsima 90.8
0.4
FM soutisoua
0.4
FM SAKA YERIMA
0.3","Deeman FM
80
Radio Parakou
18
Tchaourou FM
12
SAKA YERIMA FM
14
Radio Nonsina de Bembereke 90.8 FM
7
Radio SAKA Yerima 100.1 FM
15
Radio tchaorou 104.7 FM
5
Solidarité FM
6
FM nonsina
8
ORTB FM
4
Radio Tchaourou 104.7 FM
5
Nonsina de Bembereke 90.8 FM
4
Radio Tchaorou 104.7 FM
1
Radio Tchaourou 104.7 FM.
1
FM nonsima
1
FM nonsima 90.8
1
FM soutisoua
1
FM SAKA YERIMA
1","Deeman FM
172873.9
Radio Parakou
47932.5
Tchaourou FM
32029.8
SAKA YERIMA FM
30966.4
Radio Nonsina de Bembereke 90.8 FM
21170.8
Radio SAKA Yerima 100.1 FM
18579.8
Radio tchaorou 104.7 FM
14235.5
Solidarité FM
13494.8
FM nonsina
13028.2
ORTB FM
10795.9
Radio Tchaourou 104.7 FM
8897.2
Nonsina de Bembereke 90.8 FM
6514.1
Radio Tchaorou 104.7 FM
1779.4
Radio Tchaourou 104.7 FM.
1779.4
FM nonsima
1628.5
FM nonsima 90.8
1628.5
FM soutisoua
1628.5
FM SAKA YERIMA
1238.7",Unknown,"Gbeti
19.9
ORTB FM
19.1
Kpassè
16.4
Bénin Alafia
8.6
kpassè
5.5
Immaculée Conception
4.8
Capp FM
4.8
RFI
3.5
Maranatha FM
2.4
Tokpa FM
2.1
Gbeti 88.7 FM
2.0
Radio gbetin Radio kpasse
1.4
Gbetie
0.9
Radio Kpassè
0.7
Gbetin
0.7
Radio kpasse Radio immaculée
0.6
Mono fm
0.6
Soleil fm
0.6
Radio Sedohoun
0.6
Radio Benin alafia
0.6
La Voix de la Vallée
0.6
Radio Gbetin 88.1 Radio kpasse 93.8
0.4
Kiff FM
0.4
Gbetin 98.fm
0.4
Je ne sais pas : Un tuùn ǎ
0.4
Radio Gbètin Ouidah
0.4
Radio Kpassè Radio Gbètin
0.4
Radio Gbètin Radio Kpassè Radio Bénin alafia
0.2
Immaculée
0.2
Radio kpasse Radio gbetin Radio immaculée
0.2
Gbetin 93.8
0.1
RadioGbetin 93.8 Radio Kpasse 98.8
0.1
Radio Gbètin Radio Kpassè
0.1
Radio Kpassé et radio Gbéti
0.1
Radio Alafia fm
0.1
Radio KPASSÉ
0.1
Radio Gbètin et radio Kpassè
0.1
Radio Gbètin et Radio Kpassè
0.1
Radio Kpassè fm
0.1","Gbeti
11
ORTB FM
16
Kpassè
9
Bénin Alafia
4
kpassè
3
Immaculée Conception
2
Capp FM
10
RFI
2
Maranatha FM
3
Tokpa FM
4
Gbeti 88.7 FM
1
Radio gbetin Radio kpasse
1
Gbetie
1
Radio Kpassè
3
Gbetin
2
Radio kpasse Radio immaculée
1
Mono fm
1
Soleil fm
1
Radio Sedohoun
1
Radio Benin alafia
1
La Voix de la Vallée
1
Radio Gbetin 88.1 Radio kpasse 93.8
1
Kiff FM
1
Gbetin 98.fm
1
Je ne sais pas : Un tuùn ǎ
1
Radio Gbètin Ouidah
3
Radio Kpassè Radio Gbètin
2
Radio Gbètin Radio Kpassè Radio Bénin alafia
1
Immaculée
1
Radio kpasse Radio gbetin Radio immaculée
1
Gbetin 93.8
1
RadioGbetin 93.8 Radio Kpasse 98.8
1
Radio Gbètin Radio Kpassè
1
Radio Kpassé et radio Gbéti
1
Radio Alafia fm
1
Radio KPASSÉ
1
Radio Gbètin et radio Kpassè
1
Radio Gbètin et Radio Kpassè
1
Radio Kpassè fm
1","Gbeti
25938.5
ORTB FM
24940.4
Kpassè
21361.1
Bénin Alafia
11157.4
kpassè
7152.2
Immaculée Conception
6293.9
Capp FM
6207.6
RFI
4577.4
Maranatha FM
3146.9
Tokpa FM
2764.8
Gbeti 88.7 FM
2574.8
Radio gbetin Radio kpasse
1788.0
Gbetie
1144.3
Radio Kpassè
974.5
Gbetin
858.3
Radio kpasse Radio immaculée
762.9
Mono fm
762.9
Soleil fm
730.9
Radio Sedohoun
730.9
Radio Benin alafia
730.9
La Voix de la Vallée
730.9
Radio Gbetin 88.1 Radio kpasse 93.8
572.2
Kiff FM
572.2
Gbetin 98.fm
572.2
Je ne sais pas : Un tuùn ǎ
572.2
Radio Gbètin Ouidah
487.2
Radio Kpassè Radio Gbètin
473.7
Radio Gbètin Radio Kpassè Radio Bénin alafia
324.8
Immaculée
286.1
Radio kpasse Radio gbetin Radio immaculée
286.1
Gbetin 93.8
190.7
RadioGbetin 93.8 Radio Kpasse 98.8
190.7
Radio Gbètin Radio Kpassè
108.3
Radio Kpassé et radio Gbéti
81.2
Radio Alafia fm
81.2
Radio KPASSÉ
81.2
Radio Gbètin et radio Kpassè
81.2
Radio Gbètin et Radio Kpassè
81.2
Radio Kpassè fm
81.2",Unknown,"Royal FM
20.0
ALAFIA FM
13.3
ORTB FM
13.3
TRAIT-D'UNION
13.3
IMMACULÉE
6.7
Radio Carrefour
6.7
Radio Gbanamè
6.7
Radio Tonignon
6.7
Radio Tonnasse
6.7
radio aloxado
6.7","Royal FM
3
ALAFIA FM
2
ORTB FM
2
TRAIT-D'UNION
2
IMMACULÉE
1
Radio Carrefour
1
Radio Gbanamè
1
Radio Tonignon
1
Radio Tonnasse
1
radio aloxado
1","Royal FM
22.2
ALAFIA FM
14.8
ORTB FM
14.8
TRAIT-D'UNION
14.8
IMMACULÉE
7.4
Radio Carrefour
7.4
Radio Gbanamè
7.4
Radio Tonignon
7.4
Radio Tonnasse
7.4
radio aloxado
7.4",Unknown,"La voix de la lama
23.2
ORTB FM
23.2
Radio Sedohoun
23.2
radio immaculée
23.2
ADJA OUERE FM
3.2
Alléluia fm
2.4
Bip radio
0.9
La Voix de la Vallée
0.9","La voix de la lama
1
ORTB FM
1
Radio Sedohoun
1
radio immaculée
1
ADJA OUERE FM
2
Alléluia fm
1
Bip radio
1
La Voix de la Vallée
1","La voix de la lama
1571.1
ORTB FM
1571.1
Radio Sedohoun
1571.1
radio immaculée
1571.1
ADJA OUERE FM
219.9
Alléluia fm
159.9
Bip radio
60.0
La Voix de la Vallée
60.0",Unknown,"Ahémé FM
40.0
ORTB FM
26.7
Immaculée Conception
13.3
Kpassè
13.3
Fm 97.7
3.3
Radio possotome
3.3","Ahémé FM
2
ORTB FM
1
Immaculée Conception
1
Kpassè
1
Fm 97.7
1
Radio possotome
1","Ahémé FM
587.2
ORTB FM
391.5
Immaculée Conception
195.7
Kpassè
195.7
Fm 97.7
48.9
Radio possotome
48.9",Unknown,"Solidarité FM
82.9
Radio Parakou
13.0
Deeman FM
3.3
ORTB FM
0.7","Solidarité FM
50
Radio Parakou
15
Deeman FM
1
ORTB FM
1","Solidarité FM
173838.2
Radio Parakou
27316.8
Deeman FM
7023.3
ORTB FM
1506.7",Unknown
Station Listened Yesterday,"Radio wekê
19.9
Lama FM
17.7
Capp FM
12.2
Radio wêkè
10.8
Alléluia FM Radio Wêkè
7.3
La Voix de la Vallée
7.3
Radio wekê Peace fm
7.3
Radio LAMA
4.4
Radio Wèkè
3.2
Radio wêkè Alliance FM
3.2
Je ne sais pas : Un tuùn ǎ
2.4
Radio Alléluia FM
1.6
Radio weke
1.6
Alléluia Fm
0.8","Radio wekê
5
Lama FM
1
Capp FM
3
Radio wêkè
4
Alléluia FM Radio Wêkè
1
La Voix de la Vallée
1
Radio wekê Peace fm
1
Radio LAMA
1
Radio Wèkè
4
Radio wêkè Alliance FM
1
Je ne sais pas : Un tuùn ǎ
3
Radio Alléluia FM
2
Radio weke
2
Alléluia Fm
1","Radio wekê
945.5
Lama FM
841.3
Capp FM
576.9
Radio wêkè
512.8
Alléluia FM Radio Wêkè
346.2
La Voix de la Vallée
346.2
Radio wekê Peace fm
346.2
Radio LAMA
210.3
Radio Wèkè
153.9
Radio wêkè Alliance FM
153.9
Je ne sais pas : Un tuùn ǎ
115.4
Radio Alléluia FM
76.9
Radio weke
76.9
Alléluia Fm
38.5",Unknown,"Radio Kpassè
24.2
ORTB FM
20.2
Capp FM
17.2
Soleil fm
17.2
Radio Sedohoun
9.1
Je ne sais pas : Un tuùn ǎ
8.1
Je préfère ne pas répondre/ Un yí wǎn nú xósin ma yí gbè ǎ
2.0
La voix de la lama Radio Kpassè
2.0","Radio Kpassè
2
ORTB FM
2
Capp FM
2
Soleil fm
2
Radio Sedohoun
1
Je ne sais pas : Un tuùn ǎ
4
Je préfère ne pas répondre/ Un yí wǎn nú xósin ma yí gbè ǎ
1
La voix de la lama Radio Kpassè
1","Radio Kpassè
974.5
ORTB FM
812.1
Capp FM
690.3
Soleil fm
690.3
Radio Sedohoun
365.4
Je ne sais pas : Un tuùn ǎ
324.8
Je préfère ne pas répondre/ Un yí wǎn nú xósin ma yí gbè ǎ
81.2
La voix de la lama Radio Kpassè
81.2",Unknown,"Je ne sais pas : Un tuùn ǎ
20.0
Ala ketou FM
17.5
ALAFIA FM
15.8
Radio Tonnasse
12.4
ORTB FM
10.2
Radio Sedohoun
5.4
Radio bénin Alafia
3.5
La Voix de la Vallée
2.2
Radio pobe
1.8
Ketou FM
1.8
Capp FM
1.2
Lama FM
1.0
Lama fm
0.9
La voix de la lama
0.7
Je préfère ne pas répondre/ Un yí wǎn nú xósin ma yí gbè ǎ
0.6
Radio lalo
0.3
Ahémé FM
0.3
Lama
0.3
Bip Radio
0.3
Alliance fm La voix de la lama
0.2
ADJA OUERE FM
0.2
Radio lama Radio Bénin alafia
0.2
Alliance fm
0.2
Lama FM 103.8
0.2
Alliance FM
0.2
Radio LAMA
0.2
Couffo FM
0.1
Immaculée conception
0.1
La voix de la lama Alliance fm
0.1
Lama fm Alliance fm
0.1
Lama fm Benin alafia
0.1
Radio Tonignon
0.1
Lama Alliance fm
0.1
Neant
0.1
Radio Carrefour
0.1
Alliance FM La voix de la lama
0.1
Lalo FM
0.1
Jakora FM
0.1
Ocean FM
0.1
Ahémé
0.1
Ahémé FM.
0.1
Maranatha FM
0.1
Aucune
0.1
Radio lama Alliance fm
0.1
la voix de la lama
0.1
Alléluia FM
0.1
immaculée
0.1
Lama Royal fm
0.1
Maranatha
0.0
Dispora FM
0.0
Frisson
0.0
Voix de la lama Alliance FM
0.0
Radio Lama
0.0
108.3
0.0
Immaculée
0.0
Ahémé.
0.0
Atlantique FM
0.0
Rien
0.0
LAMA FM
0.0
Fm Aheme Kpasse
0.0
Royale FM
0.0
DIASPORA 102.3 FM.
0.0
Radio alliance et lama
0.0
Radio Alliance
0.0
Aucune radio
0.0
ALLIANCE Fm
0.0
Royal FM
0.0
Radio Lalo
0.0
ALLOHADO FM
0.0
Fm Aheme
0.0
Djakotomey
0.0
Lalo FM et GASSOU FM a Aplahoue
0.0
Lalo FM et ALAFIA FM
0.0
Lalo FM et GASSOU FM
0.0
Alléluia Fm
0.0
Fm.
0.0
Kpossotome 87.7
0.0
TRAIT-D'UNION
0.0
Allohado 104.1 FM
0.0
ALAFIA
0.0
ROYALE FM
0.0
radio aloxado
0.0
Radio Leeman
0.0
Leeman FM
0.0","Je ne sais pas : Un tuùn ǎ
54
Ala ketou FM
10
ALAFIA FM
16
Radio Tonnasse
13
ORTB FM
47
Radio Sedohoun
49
Radio bénin Alafia
3
La Voix de la Vallée
53
Radio pobe
1
Ketou FM
1
Capp FM
16
Lama FM
3
Lama fm
10
La voix de la lama
8
Je préfère ne pas répondre/ Un yí wǎn nú xósin ma yí gbè ǎ
11
Radio lalo
1
Ahémé FM
5
Lama
5
Bip Radio
3
Alliance fm La voix de la lama
2
ADJA OUERE FM
9
Radio lama Radio Bénin alafia
1
Alliance fm
3
Lama FM 103.8
1
Alliance FM
4
Radio LAMA
3
Couffo FM
19
Immaculée conception
2
La voix de la lama Alliance fm
1
Lama fm Alliance fm
1
Lama fm Benin alafia
1
Radio Tonignon
4
Lama Alliance fm
2
Neant
3
Radio Carrefour
18
Alliance FM La voix de la lama
1
Lalo FM
13
Jakora FM
1
Ocean FM
1
Ahémé
2
Ahémé FM.
2
Maranatha FM
3
Aucune
2
Radio lama Alliance fm
1
la voix de la lama
1
Alléluia FM
2
immaculée
1
Lama Royal fm
1
Maranatha
1
Dispora FM
1
Frisson
1
Voix de la lama Alliance FM
1
Radio Lama
1
108.3
1
Immaculée
4
Ahémé.
1
Atlantique FM
1
Rien
1
LAMA FM
1
Fm Aheme Kpasse
1
Royale FM
14
DIASPORA 102.3 FM.
1
Radio alliance et lama
1
Radio Alliance
1
Aucune radio
1
ALLIANCE Fm
1
Royal FM
8
Radio Lalo
2
ALLOHADO FM
6
Fm Aheme
1
Djakotomey
1
Lalo FM et GASSOU FM a Aplahoue
1
Lalo FM et ALAFIA FM
1
Lalo FM et GASSOU FM
1
Alléluia Fm
1
Fm.
1
Kpossotome 87.7
1
TRAIT-D'UNION
4
Allohado 104.1 FM
1
ALAFIA
2
ROYALE FM
2
radio aloxado
1
Radio Leeman
1
Leeman FM
1","Je ne sais pas : Un tuùn ǎ
127224.1
Ala ketou FM
111386.2
ALAFIA FM
100396.5
Radio Tonnasse
78701.5
ORTB FM
64570.8
Radio Sedohoun
34065.4
Radio bénin Alafia
22313.5
La Voix de la Vallée
13942.9
Radio pobe
11138.6
Ketou FM
11138.6
Capp FM
7407.5
Lama FM
6099.1
Lama fm
6022.9
La voix de la lama
4762.1
Je préfère ne pas répondre/ Un yí wǎn nú xósin ma yí gbè ǎ
3871.3
Radio lalo
2194.2
Ahémé FM
1883.9
Lama
1709.7
Bip Radio
1662.0
Alliance fm La voix de la lama
1470.9
ADJA OUERE FM
1425.0
Radio lama Radio Bénin alafia
1226.2
Alliance fm
1196.7
Lama FM 103.8
1121.7
Alliance FM
1096.6
Radio LAMA
955.6
Couffo FM
865.4
Immaculée conception
851.5
La voix de la lama Alliance fm
841.3
Lama fm Alliance fm
841.3
Lama fm Benin alafia
781.9
Radio Tonignon
753.6
Lama Alliance fm
695.0
Neant
619.8
Radio Carrefour
619.5
Alliance FM La voix de la lama
590.0
Lalo FM
554.1
Jakora FM
545.0
Ocean FM
524.5
Ahémé
503.3
Ahémé FM.
469.8
Maranatha FM
447.9
Aucune
420.6
Radio lama Alliance fm
420.6
la voix de la lama
420.6
Alléluia FM
373.2
immaculée
347.5
Lama Royal fm
347.5
Maranatha
313.9
Dispora FM
272.5
Frisson
262.2
Voix de la lama Alliance FM
262.2
Radio Lama
210.3
108.3
210.3
Immaculée
198.4
Ahémé.
195.7
Atlantique FM
144.9
Rien
136.2
LAMA FM
131.1
Fm Aheme Kpasse
130.5
Royale FM
115.7
DIASPORA 102.3 FM.
111.6
Radio alliance et lama
86.9
Radio Alliance
86.9
Aucune radio
86.9
ALLIANCE Fm
86.9
Royal FM
69.2
Radio Lalo
67.8
ALLOHADO FM
52.7
Fm Aheme
48.9
Djakotomey
36.2
Lalo FM et GASSOU FM a Aplahoue
33.9
Lalo FM et ALAFIA FM
33.9
Lalo FM et GASSOU FM
33.9
Alléluia Fm
33.5
Fm.
32.6
Kpossotome 87.7
32.6
TRAIT-D'UNION
31.2
Allohado 104.1 FM
27.9
ALAFIA
25.5
ROYALE FM
16.5
radio aloxado
9.1
Radio Leeman
7.4
Leeman FM
7.4",Unknown,"Je ne sais pas : Un tuùn ǎ
38.5
Radio Sedohoun
12.0
Capp FM
8.7
La voix de la lama
6.5
Radio Bénin alafia
4.3
Aucune radio J'ai pas pu écouter la radio hier
4.3
Lama FM
4.3
Lama
4.1
ORTB FM
3.1
ADJA OUERE FM
3.0
Lama Alliance fm
2.7
La Voix de la Vallée
2.2
Alliance fm
1.9
Alliance FM
1.4
Aucune
1.0
Radio lama Alliance fm
1.0
Radio LAMA
0.5
Bip Radio
0.4
Radio Immaculée
0.1","Je ne sais pas : Un tuùn ǎ
6
Radio Sedohoun
5
Capp FM
6
La voix de la lama
4
Radio Bénin alafia
1
Aucune radio J'ai pas pu écouter la radio hier
1
Lama FM
1
Lama
2
ORTB FM
2
ADJA OUERE FM
4
Lama Alliance fm
1
La Voix de la Vallée
6
Alliance fm
1
Alliance FM
1
Aucune
2
Radio lama Alliance fm
1
Radio LAMA
1
Bip Radio
1
Radio Immaculée
1","Je ne sais pas : Un tuùn ǎ
11865.7
Radio Sedohoun
3700.3
Capp FM
2693.2
La voix de la lama
1994.2
Radio Bénin alafia
1329.5
Aucune radio J'ai pas pu écouter la radio hier
1329.5
Lama FM
1329.5
Lama
1255.6
ORTB FM
947.8
ADJA OUERE FM
932.9
Lama Alliance fm
841.3
La Voix de la Vallée
689.7
Alliance fm
590.9
Alliance FM
443.2
Aucune
295.4
Radio lama Alliance fm
295.4
Radio LAMA
147.7
Bip Radio
127.9
Radio Immaculée
40.0",Unknown,"Deeman FM
42.5
Radio Parakou
11.0
Tchaourou FM
9.1
SAKA YERIMA FM
8.8
Radio SAKA Yerima 100.1 FM
5.3
Radio Nonsina de Bembereke 90.8 FM
5.1
FM nonsina
4.2
Je ne sais pas : Un tuùn ǎ
3.2
Radio Tchaourou 104.7 FM
2.5
Radio Nonsina de Bembereke 90.8 FM et de Ndali 103.5 FM
1.8
Radio tchaorou 104.7 FM
1.5
ORTB FM
1.2
Solidarité FM
0.6
Radio Tchaourou 104.7 FM.
0.5
Tchaorou 104.7 FM
0.5
Nonsina de Bembereke 90.8 FM
0.5
Radio Nonsina 90.8 FM
0.5
FM nonsima 90.8
0.5
FM soutisoua
0.5
SAKA YERIMA
0.4","Deeman FM
75
Radio Parakou
13
Tchaourou FM
12
SAKA YERIMA FM
14
Radio SAKA Yerima 100.1 FM
15
Radio Nonsina de Bembereke 90.8 FM
8
FM nonsina
9
Je ne sais pas : Un tuùn ǎ
2
Radio Tchaourou 104.7 FM
5
Radio Nonsina de Bembereke 90.8 FM et de Ndali 103.5 FM
1
Radio tchaorou 104.7 FM
3
ORTB FM
1
Solidarité FM
2
Radio Tchaourou 104.7 FM.
1
Tchaorou 104.7 FM
1
Nonsina de Bembereke 90.8 FM
1
Radio Nonsina 90.8 FM
1
FM nonsima 90.8
1
FM soutisoua
1
SAKA YERIMA
1","Deeman FM
149580.5
Radio Parakou
38587.8
Tchaourou FM
32029.8
SAKA YERIMA FM
30966.4
Radio SAKA Yerima 100.1 FM
18579.8
Radio Nonsina de Bembereke 90.8 FM
17913.8
FM nonsina
14656.7
Je ne sais pas : Un tuùn ǎ
11436.1
Radio Tchaourou 104.7 FM
8897.2
Radio Nonsina de Bembereke 90.8 FM et de Ndali 103.5 FM
6514.1
Radio tchaorou 104.7 FM
5338.3
ORTB FM
4318.3
Solidarité FM
2159.2
Radio Tchaourou 104.7 FM.
1779.4
Tchaorou 104.7 FM
1779.4
Nonsina de Bembereke 90.8 FM
1628.5
Radio Nonsina 90.8 FM
1628.5
FM nonsima 90.8
1628.5
FM soutisoua
1628.5
SAKA YERIMA
1238.7",Unknown,"Gbeti
34.6
Kpassè
24.7
ORTB FM
11.2
Maranatha FM
4.9
Capp FM
4.5
Radio gbetin
3.8
Radio Kpassè
2.6
Je préfère ne pas répondre/ Un yí wǎn nú xósin ma yí gbè ǎ
2.4
Gbetin
2.2
Radio kpasse
1.6
Radio Sedohoun
1.6
Soleil fm
1.6
Radio Gbètin
1.3
Radio Gbètin Ouidah
1.0
Immaculée
0.6
Neant
0.4
Radio Kpassè fm
0.3
Je ne sais pas : Un tuùn ǎ
0.3
Radio Kpassè Radio Gbètin
0.2
Radio Alafia fm
0.2","Gbeti
7
Kpassè
6
ORTB FM
6
Maranatha FM
1
Capp FM
4
Radio gbetin
1
Radio Kpassè
3
Je préfère ne pas répondre/ Un yí wǎn nú xósin ma yí gbè ǎ
2
Gbetin
3
Radio kpasse
1
Radio Sedohoun
1
Soleil fm
1
Radio Gbètin
4
Radio Gbètin Ouidah
3
Immaculée
1
Neant
1
Radio Kpassè fm
2
Je ne sais pas : Un tuùn ǎ
2
Radio Kpassè Radio Gbètin
1
Radio Alafia fm
1","Gbeti
16306.9
Kpassè
11634.2
ORTB FM
5263.9
Maranatha FM
2288.7
Capp FM
2113.3
Radio gbetin
1788.0
Radio Kpassè
1218.1
Je préfère ne pas répondre/ Un yí wǎn nú xósin ma yí gbè ǎ
1144.3
Gbetin
1049.0
Radio kpasse
762.9
Radio Sedohoun
730.9
Soleil fm
730.9
Radio Gbètin
636.1
Radio Gbètin Ouidah
487.2
Immaculée
286.1
Neant
190.7
Radio Kpassè fm
162.4
Je ne sais pas : Un tuùn ǎ
162.4
Radio Kpassè Radio Gbètin
108.3
Radio Alafia fm
81.2",Unknown,"ALAFIA FM
15.4
Je ne sais pas : Un tuùn ǎ
15.4
ORTB FM
15.4
TRAIT-D'UNION
15.4
Immaculée
7.7
Radio Carrefour
7.7
Radio Tonnasse
7.7
Royal FM
7.7
radio Gbanamè
7.7","ALAFIA FM
2
Je ne sais pas : Un tuùn ǎ
2
ORTB FM
2
TRAIT-D'UNION
2
Immaculée
1
Radio Carrefour
1
Radio Tonnasse
1
Royal FM
1
radio Gbanamè
1","ALAFIA FM
14.8
Je ne sais pas : Un tuùn ǎ
14.8
ORTB FM
14.8
TRAIT-D'UNION
14.8
Immaculée
7.4
Radio Carrefour
7.4
Radio Tonnasse
7.4
Royal FM
7.4
radio Gbanamè
7.4",Unknown,"La voix de la lama
46.7
Radio Sedohoun
46.7
Je ne sais pas : Un tuùn ǎ
4.8
La Voix de la Vallée
1.8","La voix de la lama
1
Radio Sedohoun
1
Je ne sais pas : Un tuùn ǎ
1
La Voix de la Vallée
1","La voix de la lama
1571.1
Radio Sedohoun
1571.1
Je ne sais pas : Un tuùn ǎ
159.9
La Voix de la Vallée
60.0",Unknown,"Ahémé FM
85.7
Je ne sais pas : Un tuùn ǎ
14.3","Ahémé FM
2
Je ne sais pas : Un tuùn ǎ
2","Ahémé FM
587.2
Je ne sais pas : Un tuùn ǎ
97.9",Unknown,"Solidarité FM
86.7
Radio Parakou
6.9
Nanto FM
3.6
Je ne sais pas : Un tuùn ǎ
2.3
Je n'ai pas écouter la radio hier j'étais en voyage
0.5","Solidarité FM
45
Radio Parakou
6
Nanto FM
1
Je ne sais pas : Un tuùn ǎ
3
Je n'ai pas écouter la radio hier j'étais en voyage
1","Solidarité FM
166933.7
Radio Parakou
13258.6
Nanto FM
7023.3
Je ne sais pas : Un tuùn ǎ
4520.0
Je n'ai pas écouter la radio hier j'étais en voyage
877.9",Unknown
Station Past 7 Days,"ORTB FM
19.6
Radio wekê
12.1
Alliance FM
10.8
Lama FM
10.8
La Voix de la Vallée
10.3
Capp FM
5.9
Radio wêkè
5.1
Radio wêkè Alléluia FM
4.9
Radio wekê Peace fm
4.4
Tokpa FM
4.4
Radio LAMA
2.7
Radio weke
2.0
Radio wêkè Alliance FM Radio protectante
2.0
Radio Wèkè
2.0
Radio Alléluia FM
1.0
Radio wêkè Radio Attakè
1.0
Alléluia Fm
0.5
Radio Weke
0.5","ORTB FM
3
Radio wekê
5
Alliance FM
1
Lama FM
1
La Voix de la Vallée
3
Capp FM
3
Radio wêkè
2
Radio wêkè Alléluia FM
2
Radio wekê Peace fm
1
Tokpa FM
1
Radio LAMA
1
Radio weke
4
Radio wêkè Alliance FM Radio protectante
1
Radio Wèkè
4
Radio Alléluia FM
2
Radio wêkè Radio Attakè
1
Alléluia Fm
1
Radio Weke
1","ORTB FM
1533.6
Radio wekê
945.5
Alliance FM
841.3
Lama FM
841.3
La Voix de la Vallée
807.7
Capp FM
461.6
Radio wêkè
397.5
Radio wêkè Alléluia FM
384.6
Radio wekê Peace fm
346.2
Tokpa FM
346.2
Radio LAMA
210.3
Radio weke
153.9
Radio wêkè Alliance FM Radio protectante
153.9
Radio Wèkè
153.9
Radio Alléluia FM
76.9
Radio wêkè Radio Attakè
76.9
Alléluia Fm
38.5
Radio Weke
38.5",Unknown,"Capp FM
26.1
ORTB FM
21.0
Radio Kpassè
12.7
Tokpa FM
11.5
La Voix de la Vallée
5.7
Radio Sedohoun
5.7
Soleil fm
5.7
Soleil
5.1
Radio Gbéti
2.5
Gbéti
1.3
Radio GBÉTI
1.3
Radio Gbéti 88.1FM
1.3","Capp FM
4
ORTB FM
3
Radio Kpassè
2
Tokpa FM
1
La Voix de la Vallée
1
Radio Sedohoun
1
Soleil fm
1
Soleil
1
Radio Gbéti
2
Gbéti
1
Radio GBÉTI
1
Radio Gbéti 88.1FM
1","Capp FM
1664.8
ORTB FM
1339.9
Radio Kpassè
812.1
Tokpa FM
730.9
La Voix de la Vallée
365.4
Radio Sedohoun
365.4
Soleil fm
365.4
Soleil
324.8
Radio Gbéti
162.4
Gbéti
81.2
Radio GBÉTI
81.2
Radio Gbéti 88.1FM
81.2",Unknown,"Ala ketou FM
15.1
ALAFIA FM
13.6
Radio Tonnasse
11.0
Je ne sais pas : Un tuùn ǎ
10.8
ORTB FM
10.3
Radio Sedohoun
6.2
FM Alakétou
4.5
Capp FM
3.3
Radio bénin Alafia
3.0
La Voix de la Vallée
2.5
radio pobe
1.5
Radio bénin Alafia et radio FM Alakétou
1.5
Radio Alakétou
1.5
Ketou FM
1.5
ADJA OUERE FM
1.1
Lama
0.8
Diaspora FM
0.7
La voix de la lama
0.7
Lama fm
0.7
Radio Carrefour
0.6
Tokpa FM
0.6
Bénin Alafia
0.6
Immaculée Conception
0.5
Maranatha FM
0.4
Alliance FM
0.4
Radio lalo
0.3
Alliance FM.
0.3
Lama FM
0.3
Radio LAMA
0.3
Ahémé FM
0.2
alliance FM
0.2
La voix de la lama Alliance fm
0.2
Bip Radio
0.2
Immaculée
0.2
Comé
0.2
Benin alafia Lama fm
0.2
Alliance fm
0.2
Radio lama Radio Bénin alafia
0.2
Alliance
0.2
Lama fm Alliance fm
0.2
LAMA FM 103.8
0.2
Alliance FM 97.0
0.2
Radio Tonignon
0.1
Ahémé
0.1
Alliance fm La voix de la lama Radio Bénin alafia
0.1
Alafia
0.1
Alliance FM et Radio immaculée
0.1
Lama FM.
0.1
Lama Alliance fm Golf fm
0.1
Couffo FM
0.1
Radio immaculée conception
0.1
La voix de la lama Alliance FM
0.1
Immaculée conception
0.1
la voix de la lama
0.1
Lama fm Bénin alafia
0.1
Alliance FM La voix de la lama
0.1
Alléluia FM
0.1
Alliance fm La voix de la lama
0.1
Neant
0.1
Allohado FM
0.1
Radio lama Alliance fm
0.1
immaculée
0.1
Radio Immaculée
0.1
Bénin Alafia.
0.1
Lalo FM
0.1
la voix de la Lama
0.0
Alliance fm Lama Immaculée conception
0.0
Lama Alliance fm
0.0
Immaculée Conception.
0.0
Frisson
0.0
Ahémé FM.
0.0
Diaspora fm
0.0
Alliance FM Voix de la lama
0.0
Ocean FM
0.0
Radio Lalo
0.0
Radio Adja wéré
0.0
Radio immaculée
0.0
Voix de la LAMA 103.8
0.0
108.3
0.0
Radio immaculée Alliance fm
0.0
Alliance fm lama fm
0.0
Radio alliance
0.0
Nanto FM
0.0
radio LAMA
0.0
Royale FM
0.0
Radio Alliance 97.0fm
0.0
LAMA FM
0.0
Kpossotome
0.0
Kpasse
0.0
DIASPORA 102.3 FM.
0.0
Radio Bénin Culture
0.0
Radio Alliance
0.0
Alliance Fm
0.0
RAdio LAMA
0.0
Gerdes FM
0.0
LALO FM
0.0
Lalo FM et GASSOU FM
0.0
Radio Dispora
0.0
ALLOHADO FM
0.0
Fm Aheme
0.0
Gassui FM
0.0
GAMELI
0.0
Royal FM
0.0
Lalo FM et ALAFIA FM
0.0
Radio Tonion zogbodomey
0.0
Alléluia Fm
0.0
Fm
0.0
TRAIT-D'UNION
0.0
Allohado 104.1 FM
0.0
ALAFIA
0.0
Radio aloxado
0.0
Royal FM et radio aloxado
0.0
Royal FM et radio immaculée
0.0
ROYALE FM
0.0
Immaculée FM
0.0
Radio trait d'union
0.0
Radio Leeman
0.0","Ala ketou FM
10
ALAFIA FM
17
Radio Tonnasse
16
Je ne sais pas : Un tuùn ǎ
29
ORTB FM
58
Radio Sedohoun
67
FM Alakétou
3
Capp FM
41
Radio bénin Alafia
3
La Voix de la Vallée
69
radio pobe
1
Radio bénin Alafia et radio FM Alakétou
1
Radio Alakétou
1
Ketou FM
1
ADJA OUERE FM
24
Lama
10
Diaspora FM
2
La voix de la lama
7
Lama fm
8
Radio Carrefour
19
Tokpa FM
4
Bénin Alafia
3
Immaculée Conception
1
Maranatha FM
5
Alliance FM
5
Radio lalo
1
Alliance FM.
2
Lama FM
1
Radio LAMA
8
Ahémé FM
4
alliance FM
1
La voix de la lama Alliance fm
2
Bip Radio
3
Immaculée
6
Comé
4
Benin alafia Lama fm
2
Alliance fm
6
Radio lama Radio Bénin alafia
1
Alliance
3
Lama fm Alliance fm
2
LAMA FM 103.8
1
Alliance FM 97.0
1
Radio Tonignon
5
Ahémé
5
Alliance fm La voix de la lama Radio Bénin alafia
1
Alafia
3
Alliance FM et Radio immaculée
1
Lama FM.
1
Lama Alliance fm Golf fm
1
Couffo FM
18
Radio immaculée conception
1
La voix de la lama Alliance FM
2
Immaculée conception
2
la voix de la lama
2
Lama fm Bénin alafia
1
Alliance FM La voix de la lama
1
Alléluia FM
5
Alliance fm La voix de la lama
1
Neant
2
Allohado FM
1
Radio lama Alliance fm
1
immaculée
1
Radio Immaculée
3
Bénin Alafia.
2
Lalo FM
11
la voix de la Lama
1
Alliance fm Lama Immaculée conception
1
Lama Alliance fm
1
Immaculée Conception.
1
Frisson
2
Ahémé FM.
1
Diaspora fm
1
Alliance FM Voix de la lama
1
Ocean FM
1
Radio Lalo
5
Radio Adja wéré
1
Radio immaculée
1
Voix de la LAMA 103.8
1
108.3
1
Radio immaculée Alliance fm
1
Alliance fm lama fm
1
Radio alliance
2
Nanto FM
1
radio LAMA
1
Royale FM
16
Radio Alliance 97.0fm
1
LAMA FM
1
Kpossotome
2
Kpasse
1
DIASPORA 102.3 FM.
1
Radio Bénin Culture
1
Radio Alliance
1
Alliance Fm
1
RAdio LAMA
1
Gerdes FM
1
LALO FM
2
Lalo FM et GASSOU FM
2
Radio Dispora
1
ALLOHADO FM
6
Fm Aheme
1
Gassui FM
1
GAMELI
1
Royal FM
4
Lalo FM et ALAFIA FM
1
Radio Tonion zogbodomey
1
Alléluia Fm
1
Fm
1
TRAIT-D'UNION
4
Allohado 104.1 FM
1
ALAFIA
1
Radio aloxado
2
Royal FM et radio aloxado
1
Royal FM et radio immaculée
1
ROYALE FM
1
Immaculée FM
1
Radio trait d'union
1
Radio Leeman
1","Ala ketou FM
111386.2
ALAFIA FM
100403.9
Radio Tonnasse
81250.6
Je ne sais pas : Un tuùn ǎ
79392.6
ORTB FM
75642.6
Radio Sedohoun
45792.7
FM Alakétou
33415.9
Capp FM
24068.7
Radio bénin Alafia
22313.5
La Voix de la Vallée
18549.4
radio pobe
11138.6
Radio bénin Alafia et radio FM Alakétou
11138.6
Radio Alakétou
11138.6
Ketou FM
11138.6
ADJA OUERE FM
8413.6
Lama
6070.5
Diaspora FM
5257.8
La voix de la lama
5082.1
Lama fm
4932.1
Radio Carrefour
4758.8
Tokpa FM
4515.1
Bénin Alafia
4175.1
Immaculée Conception
3365.0
Maranatha FM
3042.9
Alliance FM
2602.4
Radio lalo
2194.2
Alliance FM.
2074.5
Lama FM
1892.8
Radio LAMA
1848.8
Ahémé FM
1742.0
alliance FM
1682.5
La voix de la lama Alliance fm
1682.5
Bip Radio
1662.0
Immaculée
1565.2
Comé
1482.0
Benin alafia Lama fm
1480.1
Alliance fm
1248.3
Radio lama Radio Bénin alafia
1226.2
Alliance
1198.9
Lama fm Alliance fm
1188.8
LAMA FM 103.8
1121.7
Alliance FM 97.0
1121.7
Radio Tonignon
1101.1
Ahémé
1017.1
Alliance fm La voix de la lama Radio Bénin alafia
946.4
Alafia
893.0
Alliance FM et Radio immaculée
841.3
Lama FM.
841.3
Lama Alliance fm Golf fm
841.3
Couffo FM
831.5
Radio immaculée conception
781.9
La voix de la lama Alliance FM
765.2
Immaculée conception
684.6
la voix de la lama
681.3
Lama fm Bénin alafia
590.0
Alliance FM La voix de la lama
590.0
Alléluia FM
553.8
Alliance fm La voix de la lama
524.5
Neant
522.0
Allohado FM
487.6
Radio lama Alliance fm
420.6
immaculée
420.6
Radio Immaculée
403.6
Bénin Alafia.
396.4
Lalo FM
372.9
la voix de la Lama
347.5
Alliance fm Lama Immaculée conception
347.5
Lama Alliance fm
347.5
Immaculée Conception.
306.5
Frisson
296.1
Ahémé FM.
293.6
Diaspora fm
272.5
Alliance FM Voix de la lama
262.2
Ocean FM
262.2
Radio Lalo
237.3
Radio Adja wéré
223.3
Radio immaculée
210.3
Voix de la LAMA 103.8
210.3
108.3
210.3
Radio immaculée Alliance fm
196.4
Alliance fm lama fm
181.7
Radio alliance
173.8
Nanto FM
159.9
radio LAMA
136.2
Royale FM
132.2
Radio Alliance 97.0fm
131.1
LAMA FM
131.1
Kpossotome
130.5
Kpasse
130.5
DIASPORA 102.3 FM.
111.6
Radio Bénin Culture
86.9
Radio Alliance
86.9
Alliance Fm
86.9
RAdio LAMA
86.9
Gerdes FM
75.3
LALO FM
67.8
Lalo FM et GASSOU FM
67.8
Radio Dispora
62.8
ALLOHADO FM
52.7
Fm Aheme
48.9
Gassui FM
36.2
GAMELI
36.2
Royal FM
34.6
Lalo FM et ALAFIA FM
33.9
Radio Tonion zogbodomey
33.9
Alléluia Fm
33.5
Fm
32.6
TRAIT-D'UNION
31.2
Allohado 104.1 FM
27.9
ALAFIA
18.1
Radio aloxado
14.8
Royal FM et radio aloxado
9.1
Royal FM et radio immaculée
9.1
ROYALE FM
9.1
Immaculée FM
9.1
Radio trait d'union
7.4
Radio Leeman
7.4",Unknown,"Je ne sais pas : Un tuùn ǎ
22.4
Radio Sedohoun
13.1
Capp FM
12.4
La voix de la lama
7.3
Alliance FM
6.2
La Voix de la Vallée
5.2
Maranatha FM
3.0
Radio Bénin alafia
2.7
Lama fm
2.7
Lama FM.
2.7
Lama FM
2.7
ADJA OUERE FM
2.4
Bénin Alafia.
2.1
ORTB FM
1.9
Radio lama
1.9
Lama Alliance fm
1.7
Radio Bénin Culture
1.5
Alléluia FM
1.4
Immaculée conception
1.2
Radio LAMA
1.2
Alliance fm
1.2
Lama
1.2
Alliance fm Lama fm
0.6
Bip Radio
0.6
La voix de la LAMA
0.3
Aucune
0.3
Radio Tonnasse
0.2
Radio Immaculée
0.1","Je ne sais pas : Un tuùn ǎ
1
Radio Sedohoun
10
Capp FM
9
La voix de la lama
6
Alliance FM
3
La Voix de la Vallée
12
Maranatha FM
2
Radio Bénin alafia
1
Lama fm
1
Lama FM.
1
Lama FM
1
ADJA OUERE FM
6
Bénin Alafia.
2
ORTB FM
2
Radio lama
1
Lama Alliance fm
1
Radio Bénin Culture
2
Alléluia FM
3
Immaculée conception
1
Radio LAMA
4
Alliance fm
1
Lama
1
Alliance fm Lama fm
1
Bip Radio
2
La voix de la LAMA
1
Aucune
1
Radio Tonnasse
1
Radio Immaculée
1","Je ne sais pas : Un tuùn ǎ
11138.6
Radio Sedohoun
6519.2
Capp FM
6193.3
La voix de la lama
3656.0
Alliance FM
3102.1
La Voix de la Vallée
2570.5
Maranatha FM
1477.2
Radio Bénin alafia
1329.5
Lama fm
1329.5
Lama FM.
1329.5
Lama FM
1329.5
ADJA OUERE FM
1182.8
Bénin Alafia.
1034.0
ORTB FM
947.8
Radio lama
946.4
Lama Alliance fm
841.3
Radio Bénin Culture
770.8
Alléluia FM
701.0
Immaculée conception
590.9
Radio LAMA
590.9
Alliance fm
590.9
Lama
590.9
Alliance fm Lama fm
295.4
Bip Radio
275.7
La voix de la LAMA
147.7
Aucune
147.7
Radio Tonnasse
90.0
Radio Immaculée
40.0",Unknown,"Deeman FM
45.0
Radio Parakou
10.9
Tchaourou FM
8.6
SAKA YERIMA FM
8.3
Radio SAKA Yerima 100.1 FM
4.6
Radio Nonsina de Bembereke 90.8 FM
3.9
FM nonsina
3.9
Je ne sais pas : Un tuùn ǎ
2.9
Radio Tchaourou 104.7 FM
2.4
Solidarité FM
2.0
Radio Nonsina de Bembereke 90.8 FM et de Ndali 103.5 FM
1.7
ORTB FM
1.2
Radio tchaorou 104.7 FM
1.0
Nonsina de Bembereke 90.8 FM
0.9
Radio Tchaourou 104.7 FM.
0.5
Radio Nonsina 90.8 FM
0.4
FM nonsima 90.8
0.4
FM soutisoua
0.4
Su tii sua de Ndali 103.5 FM
0.4
SAKA YERIMA
0.3
Radio SAKA Yerima 100.1
0.3","Deeman FM
78
Radio Parakou
15
Tchaourou FM
12
SAKA YERIMA FM
14
Radio SAKA Yerima 100.1 FM
14
Radio Nonsina de Bembereke 90.8 FM
6
FM nonsina
9
Je ne sais pas : Un tuùn ǎ
3
Radio Tchaourou 104.7 FM
5
Solidarité FM
6
Radio Nonsina de Bembereke 90.8 FM et de Ndali 103.5 FM
1
ORTB FM
1
Radio tchaorou 104.7 FM
2
Nonsina de Bembereke 90.8 FM
2
Radio Tchaourou 104.7 FM.
1
Radio Nonsina 90.8 FM
1
FM nonsima 90.8
1
FM soutisoua
1
Su tii sua de Ndali 103.5 FM
1
SAKA YERIMA
1
Radio SAKA Yerima 100.1
1","Deeman FM
168456.2
Radio Parakou
40906.0
Tchaourou FM
32029.8
SAKA YERIMA FM
30966.4
Radio SAKA Yerima 100.1 FM
17341.2
Radio Nonsina de Bembereke 90.8 FM
14656.7
FM nonsina
14656.7
Je ne sais pas : Un tuùn ǎ
10676.6
Radio Tchaourou 104.7 FM
8897.2
Solidarité FM
7557.1
Radio Nonsina de Bembereke 90.8 FM et de Ndali 103.5 FM
6514.1
ORTB FM
4318.3
Radio tchaorou 104.7 FM
3558.9
Nonsina de Bembereke 90.8 FM
3257.0
Radio Tchaourou 104.7 FM.
1779.4
Radio Nonsina 90.8 FM
1628.5
FM nonsima 90.8
1628.5
FM soutisoua
1628.5
Su tii sua de Ndali 103.5 FM
1628.5
SAKA YERIMA
1238.7
Radio SAKA Yerima 100.1
1238.7",Unknown,"Gbeti
28.2
ORTB FM
20.4
Kpassè
14.6
Bénin Alafia
9.0
Maranatha FM
3.3
Bénin Alafia.
2.7
kpassè
2.7
Tokpa FM
2.6
RFI
2.4
kpassè.
2.4
Capp FM
1.9
Radio Kpassè
0.9
Gbetin
0.8
Radio kpasse Radio immaculée
0.8
La Voix de la Vallée
0.8
Radio Sedohoun
0.8
Radio Carrefour
0.8
Soleil fm
0.8
Kpasse Gbetin
0.6
Je préfère ne pas répondre/ Un yí wǎn nú xósin ma yí gbè ǎ
0.6
Radio Gbètin Ouidah
0.5
Radio Gbètin Radio Kpassè
0.5
Radio Kpassè Radio Gbètin
0.5
Radio gbetin
0.3
99.4
0.3
Gbetin Kpasse
0.2
Radio Kpassè fm
0.2
Radio Kpassé
0.1
Radio Gbètin et Radio Kpassè
0.1
Radio Gbètin
0.1
Radio Alafia fm
0.1
Radio GBÉTI
0.1","Gbeti
11
ORTB FM
15
Kpassè
7
Bénin Alafia
3
Maranatha FM
3
Bénin Alafia.
1
kpassè
1
Tokpa FM
4
RFI
1
kpassè.
1
Capp FM
5
Radio Kpassè
2
Gbetin
2
Radio kpasse Radio immaculée
1
La Voix de la Vallée
1
Radio Sedohoun
1
Radio Carrefour
1
Soleil fm
1
Kpasse Gbetin
1
Je préfère ne pas répondre/ Un yí wǎn nú xósin ma yí gbè ǎ
1
Radio Gbètin Ouidah
3
Radio Gbètin Radio Kpassè
2
Radio Kpassè Radio Gbètin
2
Radio gbetin
1
99.4
1
Gbetin Kpasse
1
Radio Kpassè fm
2
Radio Kpassé
1
Radio Gbètin et Radio Kpassè
1
Radio Gbètin
1
Radio Alafia fm
1
Radio GBÉTI
1","Gbeti
26796.7
ORTB FM
19385.0
Kpassè
13922.9
Bénin Alafia
8582.6
Maranatha FM
3146.9
Bénin Alafia.
2574.8
kpassè
2574.8
Tokpa FM
2478.7
RFI
2288.7
kpassè.
2288.7
Capp FM
1840.7
Radio Kpassè
893.3
Gbetin
762.9
Radio kpasse Radio immaculée
762.9
La Voix de la Vallée
730.9
Radio Sedohoun
730.9
Radio Carrefour
730.9
Soleil fm
730.9
Kpasse Gbetin
572.2
Je préfère ne pas répondre/ Un yí wǎn nú xósin ma yí gbè ǎ
572.2
Radio Gbètin Ouidah
487.2
Radio Gbètin Radio Kpassè
473.7
Radio Kpassè Radio Gbètin
433.1
Radio gbetin
286.1
99.4
286.1
Gbetin Kpasse
190.7
Radio Kpassè fm
162.4
Radio Kpassé
81.2
Radio Gbètin et Radio Kpassè
81.2
Radio Gbètin
81.2
Radio Alafia fm
81.2
Radio GBÉTI
81.2",Unknown,"ALAFIA FM
14.3
ORTB FM
14.3
TRAIT-D'UNION
14.3
Immaculée
7.1
Je ne sais pas : Un tuùn ǎ
7.1
Radio Carrefour
7.1
Radio Tonignon
7.1
Radio Tonnasse
7.1
Royal FM
7.1
radio Gbanamè
7.1
royal FM
7.1","ALAFIA FM
2
ORTB FM
2
TRAIT-D'UNION
2
Immaculée
1
Je ne sais pas : Un tuùn ǎ
1
Radio Carrefour
1
Radio Tonignon
1
Radio Tonnasse
1
Royal FM
1
radio Gbanamè
1
royal FM
1","ALAFIA FM
14.8
ORTB FM
14.8
TRAIT-D'UNION
14.8
Immaculée
7.4
Je ne sais pas : Un tuùn ǎ
7.4
Radio Carrefour
7.4
Radio Tonignon
7.4
Radio Tonnasse
7.4
Royal FM
7.4
radio Gbanamè
7.4
royal FM
7.4",Unknown,"ORTB FM
45.9
Radio Sedohoun
45.9
ADJA OUERE FM
6.4
La Voix de la Vallée
1.8","ORTB FM
1
Radio Sedohoun
1
ADJA OUERE FM
2
La Voix de la Vallée
1","ORTB FM
1571.1
Radio Sedohoun
1571.1
ADJA OUERE FM
219.9
La Voix de la Vallée
60.0",Unknown,"Ahémé FM.
57.1
Ahémé FM
28.6
Fm
7.1
Kpossotome
7.1","Ahémé FM.
1
Ahémé FM
1
Fm
1
Kpossotome
1","Ahémé FM.
391.5
Ahémé FM
195.7
Fm
48.9
Kpossotome
48.9",Unknown,"Solidarité FM
87.7
Radio Parakou
11.5
ORTB FM
0.8","Solidarité FM
50
Radio Parakou
14
ORTB FM
1","Solidarité FM
173838.2
Radio Parakou
22796.8
ORTB FM
1506.7",Unknown
Media Type,"Radio / Radio
38.0
Whatsapp/ WhatsApp
27.5
Réseaux sociaux/ xójlawema
26.4
Télévision/ televiziɔn /nùjlɛ́jlɛ́ nùjlɛ́jlɛ́
7.7
Autre : veuillez préciser/ Ðevo: kɛnklɛn bo ɖɔ
0.4","Radio / Radio
25
Whatsapp/ WhatsApp
12
Réseaux sociaux/ xójlawema
11
Télévision/ televiziɔn /nùjlɛ́jlɛ́ nùjlɛ́jlɛ́
3
Autre : veuillez préciser/ Ðevo: kɛnklɛn bo ɖɔ
1","Radio / Radio
3779.2
Whatsapp/ WhatsApp
2738.8
Réseaux sociaux/ xójlawema
2623.4
Télévision/ televiziɔn /nùjlɛ́jlɛ́ nùjlɛ́jlɛ́
769.3
Autre : veuillez préciser/ Ðevo: kɛnklɛn bo ɖɔ
38.5",Unknown,"Radio / Radio
75.7
Télévision/ televiziɔn /nùjlɛ́jlɛ́ nùjlɛ́jlɛ́
12.9
Whatsapp/ WhatsApp
11.4","Radio / Radio
10
Télévision/ televiziɔn /nùjlɛ́jlɛ́ nùjlɛ́jlɛ́
1
Whatsapp/ WhatsApp
2","Radio / Radio
2152.0
Télévision/ televiziɔn /nùjlɛ́jlɛ́ nùjlɛ́jlɛ́
365.4
Whatsapp/ WhatsApp
324.8",Unknown,"Radio / Radio
40.7
Whatsapp/ WhatsApp
27.7
Télévision/ televiziɔn /nùjlɛ́jlɛ́ nùjlɛ́jlɛ́
16.6
Réseaux sociaux/ xójlawema
13.3
Aucun/ Ðebǔ
1.3
Autre : veuillez préciser/ Ðevo: kɛnklɛn bo ɖɔ
0.4
SMS/ SMS/ wɛn ɖe sɛ́dó mɛ
0.1
Presse écrite/ xójlawema
0.0","Radio / Radio
329
Whatsapp/ WhatsApp
174
Télévision/ televiziɔn /nùjlɛ́jlɛ́ nùjlɛ́jlɛ́
120
Réseaux sociaux/ xójlawema
105
Aucun/ Ðebǔ
3
Autre : veuillez préciser/ Ðevo: kɛnklɛn bo ɖɔ
13
SMS/ SMS/ wɛn ɖe sɛ́dó mɛ
4
Presse écrite/ xójlawema
1","Radio / Radio
360736.0
Whatsapp/ WhatsApp
245362.4
Télévision/ televiziɔn /nùjlɛ́jlɛ́ nùjlɛ́jlɛ́
147514.3
Réseaux sociaux/ xójlawema
117995.7
Aucun/ Ðebǔ
11492.4
Autre : veuillez préciser/ Ðevo: kɛnklɛn bo ɖɔ
3348.3
SMS/ SMS/ wɛn ɖe sɛ́dó mɛ
464.4
Presse écrite/ xójlawema
53.3",Unknown,"Radio / Radio
42.7
Whatsapp/ WhatsApp
27.9
Réseaux sociaux/ xójlawema
21.5
Télévision/ televiziɔn /nùjlɛ́jlɛ́ nùjlɛ́jlɛ́
7.9","Radio / Radio
39
Whatsapp/ WhatsApp
16
Réseaux sociaux/ xójlawema
11
Télévision/ televiziɔn /nùjlɛ́jlɛ́ nùjlɛ́jlɛ́
10","Radio / Radio
28172.1
Whatsapp/ WhatsApp
18384.9
Réseaux sociaux/ xójlawema
14156.7
Télévision/ televiziɔn /nùjlɛ́jlɛ́ nùjlɛ́jlɛ́
5192.1",Unknown,"Radio / Radio
82.7
Whatsapp/ WhatsApp
9.8
Télévision/ televiziɔn /nùjlɛ́jlɛ́ nùjlɛ́jlɛ́
3.4
SMS/ SMS/ wɛn ɖe sɛ́dó mɛ
2.1
Réseaux sociaux/ xójlawema
1.6
Presse écrite/ xójlawema
0.4","Radio / Radio
159
Whatsapp/ WhatsApp
17
Télévision/ televiziɔn /nùjlɛ́jlɛ́ nùjlɛ́jlɛ́
9
SMS/ SMS/ wɛn ɖe sɛ́dó mɛ
2
Réseaux sociaux/ xójlawema
4
Presse écrite/ xójlawema
1","Radio / Radio
338449.2
Whatsapp/ WhatsApp
40016.3
Télévision/ televiziɔn /nùjlɛ́jlɛ́ nùjlɛ́jlɛ́
13750.7
SMS/ SMS/ wɛn ɖe sɛ́dó mɛ
8636.7
Réseaux sociaux/ xójlawema
6417.9
Presse écrite/ xójlawema
1779.4",Unknown,"Radio / Radio
34.5
Whatsapp/ WhatsApp
28.8
Réseaux sociaux/ xójlawema
24.9
Télévision/ televiziɔn /nùjlɛ́jlɛ́ nùjlɛ́jlɛ́
10.5
SMS/ SMS/ wɛn ɖe sɛ́dó mɛ
0.7
Autre : veuillez préciser/ Ðevo: kɛnklɛn bo ɖɔ
0.5","Radio / Radio
34
Whatsapp/ WhatsApp
28
Réseaux sociaux/ xójlawema
20
Télévision/ televiziɔn /nùjlɛ́jlɛ́ nùjlɛ́jlɛ́
10
SMS/ SMS/ wɛn ɖe sɛ́dó mɛ
2
Autre : veuillez préciser/ Ðevo: kɛnklɛn bo ɖɔ
5","Radio / Radio
40930.6
Whatsapp/ WhatsApp
34209.1
Réseaux sociaux/ xójlawema
29583.7
Télévision/ televiziɔn /nùjlɛ́jlɛ́ nùjlɛ́jlɛ́
12428.4
SMS/ SMS/ wɛn ɖe sɛ́dó mɛ
858.3
Autre : veuillez préciser/ Ðevo: kɛnklɛn bo ɖɔ
649.7",Unknown,"Radio / Radio
53.8
Télévision/ televiziɔn /nùjlɛ́jlɛ́ nùjlɛ́jlɛ́
30.8
Whatsapp/ WhatsApp
15.4","Radio / Radio
7
Télévision/ televiziɔn /nùjlɛ́jlɛ́ nùjlɛ́jlɛ́
4
Whatsapp/ WhatsApp
2","Radio / Radio
51.7
Télévision/ televiziɔn /nùjlɛ́jlɛ́ nùjlɛ́jlɛ́
29.5
Whatsapp/ WhatsApp
14.8",Unknown,"Radio / Radio
33.7
Whatsapp/ WhatsApp
33.7
Réseaux sociaux/ xójlawema
32.6","Radio / Radio
3
Whatsapp/ WhatsApp
3
Réseaux sociaux/ xójlawema
2","Radio / Radio
1791.0
Whatsapp/ WhatsApp
1791.0
Réseaux sociaux/ xójlawema
1731.0",Unknown,"Radio / Radio
35.0
Réseaux sociaux/ xójlawema
32.5
Whatsapp/ WhatsApp
32.5","Radio / Radio
4
Réseaux sociaux/ xójlawema
3
Whatsapp/ WhatsApp
3","Radio / Radio
685.1
Réseaux sociaux/ xójlawema
636.1
Whatsapp/ WhatsApp
636.1",Unknown,"Radio / Radio
61.9
Télévision/ televiziɔn /nùjlɛ́jlɛ́ nùjlɛ́jlɛ́
17.3
Whatsapp/ WhatsApp
14.7
Réseaux sociaux/ xójlawema
5.4
SMS/ SMS/ wɛn ɖe sɛ́dó mɛ
0.6","Radio / Radio
47
Télévision/ televiziɔn /nùjlɛ́jlɛ́ nùjlɛ́jlɛ́
24
Whatsapp/ WhatsApp
22
Réseaux sociaux/ xójlawema
6
SMS/ SMS/ wɛn ɖe sɛ́dó mɛ
1","Radio / Radio
169069.1
Télévision/ televiziɔn /nùjlɛ́jlɛ́ nùjlɛ́jlɛ́
47311.6
Whatsapp/ WhatsApp
40027.5
Réseaux sociaux/ xójlawema
14805.7
SMS/ SMS/ wɛn ɖe sɛ́dó mɛ
1755.8",Unknown
Radio Consumption Method,"Via un poste de radio à la maison/ Gbɔn hladio jí ɖò xwégbe
55.8
Via mon téléphone portable, utilisé comme un poste de radio/ Gbɔn alokan ce jí, un nɔ zán ɖi hladio ɖɔhun/
24.2
Via un poste de radio dans les lieux publics/ Gbɔn hladio jí ɖò fí e mɛ lɛ nɔ kplé ɖè lɛ é
10.5
Via un poste de radio dans les transports/ Gbɔn hladio jí ɖò mɔ̌to mɛ
7.2
Via un poste de radio ou un téléphone portable appartenant à un proche/ Gbɔn hladio jí alǒ alokan e nyí mɛvívɛ́ ce tɔn é jí
1.5
Via une application mobile : Autre/ Gbɔn alokan  ɖevo jí
0.7","Via un poste de radio à la maison/ Gbɔn hladio jí ɖò xwégbe
20
Via mon téléphone portable, utilisé comme un poste de radio/ Gbɔn alokan ce jí, un nɔ zán ɖi hladio ɖɔhun/
6
Via un poste de radio dans les lieux publics/ Gbɔn hladio jí ɖò fí e mɛ lɛ nɔ kplé ɖè lɛ é
4
Via un poste de radio dans les transports/ Gbɔn hladio jí ɖò mɔ̌to mɛ
2
Via un poste de radio ou un téléphone portable appartenant à un proche/ Gbɔn hladio jí alǒ alokan e nyí mɛvívɛ́ ce tɔn é jí
2
Via une application mobile : Autre/ Gbɔn alokan  ɖevo jí
1","Via un poste de radio à la maison/ Gbɔn hladio jí ɖò xwégbe
3266.4
Via mon téléphone portable, utilisé comme un poste de radio/ Gbɔn alokan ce jí, un nɔ zán ɖi hladio ɖɔhun/
1418.2
Via un poste de radio dans les lieux publics/ Gbɔn hladio jí ɖò fí e mɛ lɛ nɔ kplé ɖè lɛ é
615.4
Via un poste de radio dans les transports/ Gbɔn hladio jí ɖò mɔ̌to mɛ
423.1
Via un poste de radio ou un téléphone portable appartenant à un proche/ Gbɔn hladio jí alǒ alokan e nyí mɛvívɛ́ ce tɔn é jí
89.7
Via une application mobile : Autre/ Gbɔn alokan  ɖevo jí
38.5",Unknown,"Via un poste de radio à la maison/ Gbɔn hladio jí ɖò xwégbe
84.1
Via mon téléphone portable, utilisé comme un poste de radio/ Gbɔn alokan ce jí, un nɔ zán ɖi hladio ɖɔhun/
12.7
Via un poste de radio dans les lieux publics/ Gbɔn hladio jí ɖò fí e mɛ lɛ nɔ kplé ɖè lɛ é
3.2","Via un poste de radio à la maison/ Gbɔn hladio jí ɖò xwégbe
10
Via mon téléphone portable, utilisé comme un poste de radio/ Gbɔn alokan ce jí, un nɔ zán ɖi hladio ɖɔhun/
2
Via un poste de radio dans les lieux publics/ Gbɔn hladio jí ɖò fí e mɛ lɛ nɔ kplé ɖè lɛ é
1","Via un poste de radio à la maison/ Gbɔn hladio jí ɖò xwégbe
2152.0
Via mon téléphone portable, utilisé comme un poste de radio/ Gbɔn alokan ce jí, un nɔ zán ɖi hladio ɖɔhun/
324.8
Via un poste de radio dans les lieux publics/ Gbɔn hladio jí ɖò fí e mɛ lɛ nɔ kplé ɖè lɛ é
81.2",Unknown,"Via mon téléphone portable, utilisé comme un poste de radio/ Gbɔn alokan ce jí, un nɔ zán ɖi hladio ɖɔhun/
43.0
Via un poste de radio à la maison/ Gbɔn hladio jí ɖò xwégbe
43.0
Via un poste de radio au travail/ Gbɔn hladio jí ɖò azɔ̌mɛ
4.8
Via un poste de radio ou un téléphone portable appartenant à un proche/ Gbɔn hladio jí alǒ alokan e nyí mɛvívɛ́ ce tɔn é jí
3.8
Via un poste de radio dans les lieux publics/ Gbɔn hladio jí ɖò fí e mɛ lɛ nɔ kplé ɖè lɛ é
3.2
Via une application mobile : Whatsapp/ Gbɔn alokan ɖé jí: Whatsapp/ é dó ɖɔ xóƉò nùxíwómɛ wèmá tɔn jí: Whatsapp
0.9
Via une application mobile : Facebook/ Gbɔn alokan Facebook jí:/ Xò nùjlajla jí: Facebook
0.6
Via un poste de radio dans les transports/ Gbɔn hladio jí ɖò mɔ̌to mɛ
0.4
Autre : veuillez préciser/ Ðevo: kɛnklɛn bo ɖɔ
0.1
Via une application mobile : FM ou application radio/ Gbɔn application mobile jí Ðevo/ Ɖò nùjlajla jí: FM alǒ radio
0.1","Via mon téléphone portable, utilisé comme un poste de radio/ Gbɔn alokan ce jí, un nɔ zán ɖi hladio ɖɔhun/
131
Via un poste de radio à la maison/ Gbɔn hladio jí ɖò xwégbe
261
Via un poste de radio au travail/ Gbɔn hladio jí ɖò azɔ̌mɛ
30
Via un poste de radio ou un téléphone portable appartenant à un proche/ Gbɔn hladio jí alǒ alokan e nyí mɛvívɛ́ ce tɔn é jí
48
Via un poste de radio dans les lieux publics/ Gbɔn hladio jí ɖò fí e mɛ lɛ nɔ kplé ɖè lɛ é
36
Via une application mobile : Whatsapp/ Gbɔn alokan ɖé jí: Whatsapp/ é dó ɖɔ xóƉò nùxíwómɛ wèmá tɔn jí: Whatsapp
15
Via une application mobile : Facebook/ Gbɔn alokan Facebook jí:/ Xò nùjlajla jí: Facebook
4
Via un poste de radio dans les transports/ Gbɔn hladio jí ɖò mɔ̌to mɛ
7
Autre : veuillez préciser/ Ðevo: kɛnklɛn bo ɖɔ
3
Via une application mobile : FM ou application radio/ Gbɔn application mobile jí Ðevo/ Ɖò nùjlajla jí: FM alǒ radio
5","Via mon téléphone portable, utilisé comme un poste de radio/ Gbɔn alokan ce jí, un nɔ zán ɖi hladio ɖɔhun/
247846.3
Via un poste de radio à la maison/ Gbɔn hladio jí ɖò xwégbe
247649.2
Via un poste de radio au travail/ Gbɔn hladio jí ɖò azɔ̌mɛ
27571.4
Via un poste de radio ou un téléphone portable appartenant à un proche/ Gbɔn hladio jí alǒ alokan e nyí mɛvívɛ́ ce tɔn é jí
21758.9
Via un poste de radio dans les lieux publics/ Gbɔn hladio jí ɖò fí e mɛ lɛ nɔ kplé ɖè lɛ é
18597.0
Via une application mobile : Whatsapp/ Gbɔn alokan ɖé jí: Whatsapp/ é dó ɖɔ xóƉò nùxíwómɛ wèmá tɔn jí: Whatsapp
5357.1
Via une application mobile : Facebook/ Gbɔn alokan Facebook jí:/ Xò nùjlajla jí: Facebook
3344.2
Via un poste de radio dans les transports/ Gbɔn hladio jí ɖò mɔ̌to mɛ
2228.8
Autre : veuillez préciser/ Ðevo: kɛnklɛn bo ɖɔ
809.8
Via une application mobile : FM ou application radio/ Gbɔn application mobile jí Ðevo/ Ɖò nùjlajla jí: FM alǒ radio
684.1",Unknown,"Via un poste de radio à la maison/ Gbɔn hladio jí ɖò xwégbe
40.9
Via mon téléphone portable, utilisé comme un poste de radio/ Gbɔn alokan ce jí, un nɔ zán ɖi hladio ɖɔhun/
39.5
Via un poste de radio ou un téléphone portable appartenant à un proche/ Gbɔn hladio jí alǒ alokan e nyí mɛvívɛ́ ce tɔn é jí
7.7
Via un poste de radio dans les transports/ Gbɔn hladio jí ɖò mɔ̌to mɛ
4.3
Via un poste de radio au travail/ Gbɔn hladio jí ɖò azɔ̌mɛ
3.7
Via un poste de radio dans les lieux publics/ Gbɔn hladio jí ɖò fí e mɛ lɛ nɔ kplé ɖè lɛ é
2.7
Via une application mobile : FM ou application radio/ Gbɔn application mobile jí Ðevo/ Ɖò nùjlajla jí: FM alǒ radio
1.3","Via un poste de radio à la maison/ Gbɔn hladio jí ɖò xwégbe
35
Via mon téléphone portable, utilisé comme un poste de radio/ Gbɔn alokan ce jí, un nɔ zán ɖi hladio ɖɔhun/
10
Via un poste de radio ou un téléphone portable appartenant à un proche/ Gbɔn hladio jí alǒ alokan e nyí mɛvívɛ́ ce tɔn é jí
7
Via un poste de radio dans les transports/ Gbɔn hladio jí ɖò mɔ̌to mɛ
3
Via un poste de radio au travail/ Gbɔn hladio jí ɖò azɔ̌mɛ
3
Via un poste de radio dans les lieux publics/ Gbɔn hladio jí ɖò fí e mɛ lɛ nɔ kplé ɖè lɛ é
4
Via une application mobile : FM ou application radio/ Gbɔn application mobile jí Ðevo/ Ɖò nùjlajla jí: FM alǒ radio
2","Via un poste de radio à la maison/ Gbɔn hladio jí ɖò xwégbe
15379.8
Via mon téléphone portable, utilisé comme un poste de radio/ Gbɔn alokan ce jí, un nɔ zán ɖi hladio ɖɔhun/
14842.8
Via un poste de radio ou un téléphone portable appartenant à un proche/ Gbɔn hladio jí alǒ alokan e nyí mɛvívɛ́ ce tɔn é jí
2897.8
Via un poste de radio dans les transports/ Gbɔn hladio jí ɖò mɔ̌to mɛ
1600.3
Via un poste de radio au travail/ Gbɔn hladio jí ɖò azɔ̌mɛ
1383.5
Via un poste de radio dans les lieux publics/ Gbɔn hladio jí ɖò fí e mɛ lɛ nɔ kplé ɖè lɛ é
1020.1
Via une application mobile : FM ou application radio/ Gbɔn application mobile jí Ðevo/ Ɖò nùjlajla jí: FM alǒ radio
492.3",Unknown,"Via un poste de radio à la maison/ Gbɔn hladio jí ɖò xwégbe
39.5
Via mon téléphone portable, utilisé comme un poste de radio/ Gbɔn alokan ce jí, un nɔ zán ɖi hladio ɖɔhun/
27.2
Via un poste de radio ou un téléphone portable appartenant à un proche/ Gbɔn hladio jí alǒ alokan e nyí mɛvívɛ́ ce tɔn é jí
8.6
Via une application mobile : FM ou application radio/ Gbɔn application mobile jí Ðevo/ Ɖò nùjlajla jí: FM alǒ radio
7.8
Via une application mobile : Whatsapp/ Gbɔn alokan ɖé jí: Whatsapp/ é dó ɖɔ xóƉò nùxíwómɛ wèmá tɔn jí: Whatsapp
5.4
Via une application mobile : Autre/ Gbɔn alokan  ɖevo jí
4.1
Via un poste de radio au travail/ Gbɔn hladio jí ɖò azɔ̌mɛ
2.8
Via un poste de radio dans les lieux publics/ Gbɔn hladio jí ɖò fí e mɛ lɛ nɔ kplé ɖè lɛ é
2.4
Via un poste de radio dans les transports/ Gbɔn hladio jí ɖò mɔ̌to mɛ
1.3
Via une application mobile : Facebook/ Gbɔn alokan Facebook jí:/ Xò nùjlajla jí: Facebook
0.8","Via un poste de radio à la maison/ Gbɔn hladio jí ɖò xwégbe
71
Via mon téléphone portable, utilisé comme un poste de radio/ Gbɔn alokan ce jí, un nɔ zán ɖi hladio ɖɔhun/
54
Via un poste de radio ou un téléphone portable appartenant à un proche/ Gbɔn hladio jí alǒ alokan e nyí mɛvívɛ́ ce tɔn é jí
27
Via une application mobile : FM ou application radio/ Gbɔn application mobile jí Ðevo/ Ɖò nùjlajla jí: FM alǒ radio
12
Via une application mobile : Whatsapp/ Gbɔn alokan ɖé jí: Whatsapp/ é dó ɖɔ xóƉò nùxíwómɛ wèmá tɔn jí: Whatsapp
11
Via une application mobile : Autre/ Gbɔn alokan  ɖevo jí
6
Via un poste de radio au travail/ Gbɔn hladio jí ɖò azɔ̌mɛ
4
Via un poste de radio dans les lieux publics/ Gbɔn hladio jí ɖò fí e mɛ lɛ nɔ kplé ɖè lɛ é
3
Via un poste de radio dans les transports/ Gbɔn hladio jí ɖò mɔ̌to mɛ
4
Via une application mobile : Facebook/ Gbɔn alokan Facebook jí:/ Xò nùjlajla jí: Facebook
2","Via un poste de radio à la maison/ Gbɔn hladio jí ɖò xwégbe
163180.2
Via mon téléphone portable, utilisé comme un poste de radio/ Gbɔn alokan ce jí, un nɔ zán ɖi hladio ɖɔhun/
112570.6
Via un poste de radio ou un téléphone portable appartenant à un proche/ Gbɔn hladio jí alǒ alokan e nyí mɛvívɛ́ ce tɔn é jí
35544.2
Via une application mobile : FM ou application radio/ Gbɔn application mobile jí Ðevo/ Ɖò nùjlajla jí: FM alǒ radio
32271.9
Via une application mobile : Whatsapp/ Gbɔn alokan ɖé jí: Whatsapp/ é dó ɖɔ xóƉò nùxíwómɛ wèmá tɔn jí: Whatsapp
22208.9
Via une application mobile : Autre/ Gbɔn alokan  ɖevo jí
16850.3
Via un poste de radio au travail/ Gbɔn hladio jí ɖò azɔ̌mɛ
11605.3
Via un poste de radio dans les lieux publics/ Gbɔn hladio jí ɖò fí e mɛ lɛ nɔ kplé ɖè lɛ é
10073.0
Via un poste de radio dans les transports/ Gbɔn hladio jí ɖò mɔ̌to mɛ
5575.3
Via une application mobile : Facebook/ Gbɔn alokan Facebook jí:/ Xò nùjlajla jí: Facebook
3257.0",Unknown,"Via un poste de radio à la maison/ Gbɔn hladio jí ɖò xwégbe
49.3
Via mon téléphone portable, utilisé comme un poste de radio/ Gbɔn alokan ce jí, un nɔ zán ɖi hladio ɖɔhun/
28.6
Via un poste de radio au travail/ Gbɔn hladio jí ɖò azɔ̌mɛ
14.7
Via un poste de radio ou un téléphone portable appartenant à un proche/ Gbɔn hladio jí alǒ alokan e nyí mɛvívɛ́ ce tɔn é jí
3.4
Via un poste de radio dans les transports/ Gbɔn hladio jí ɖò mɔ̌to mɛ
2.0
Via un poste de radio dans les lieux publics/ Gbɔn hladio jí ɖò fí e mɛ lɛ nɔ kplé ɖè lɛ é
1.1
Via une application mobile : FM ou application radio/ Gbɔn application mobile jí Ðevo/ Ɖò nùjlajla jí: FM alǒ radio
1.0","Via un poste de radio à la maison/ Gbɔn hladio jí ɖò xwégbe
35
Via mon téléphone portable, utilisé comme un poste de radio/ Gbɔn alokan ce jí, un nɔ zán ɖi hladio ɖɔhun/
19
Via un poste de radio au travail/ Gbɔn hladio jí ɖò azɔ̌mɛ
3
Via un poste de radio ou un téléphone portable appartenant à un proche/ Gbɔn hladio jí alǒ alokan e nyí mɛvívɛ́ ce tɔn é jí
3
Via un poste de radio dans les transports/ Gbɔn hladio jí ɖò mɔ̌to mɛ
5
Via un poste de radio dans les lieux publics/ Gbɔn hladio jí ɖò fí e mɛ lɛ nɔ kplé ɖè lɛ é
4
Via une application mobile : FM ou application radio/ Gbɔn application mobile jí Ðevo/ Ɖò nùjlajla jí: FM alǒ radio
2","Via un poste de radio à la maison/ Gbɔn hladio jí ɖò xwégbe
32558.9
Via mon téléphone portable, utilisé comme un poste de radio/ Gbɔn alokan ce jí, un nɔ zán ɖi hladio ɖɔhun/
18883.5
Via un poste de radio au travail/ Gbɔn hladio jí ɖò azɔ̌mɛ
9726.9
Via un poste de radio ou un téléphone portable appartenant à un proche/ Gbɔn hladio jí alǒ alokan e nyí mɛvívɛ́ ce tɔn é jí
2234.7
Via un poste de radio dans les transports/ Gbɔn hladio jí ɖò mɔ̌to mɛ
1332.0
Via un poste de radio dans les lieux publics/ Gbɔn hladio jí ɖò fí e mɛ lɛ nɔ kplé ɖè lɛ é
703.8
Via une application mobile : FM ou application radio/ Gbɔn application mobile jí Ðevo/ Ɖò nùjlajla jí: FM alǒ radio
653.4",Unknown,"Via un poste de radio à la maison/ Gbɔn hladio jí ɖò xwégbe
54.5
Via mon téléphone portable, utilisé comme un poste de radio/ Gbɔn alokan ce jí, un nɔ zán ɖi hladio ɖɔhun/
27.3
Via un poste de radio dans les lieux publics/ Gbɔn hladio jí ɖò fí e mɛ lɛ nɔ kplé ɖè lɛ é
9.1
Via un poste de radio ou un téléphone portable appartenant à un proche/ Gbɔn hladio jí alǒ alokan e nyí mɛvívɛ́ ce tɔn é jí
9.1","Via un poste de radio à la maison/ Gbɔn hladio jí ɖò xwégbe
6
Via mon téléphone portable, utilisé comme un poste de radio/ Gbɔn alokan ce jí, un nɔ zán ɖi hladio ɖɔhun/
3
Via un poste de radio dans les lieux publics/ Gbɔn hladio jí ɖò fí e mɛ lɛ nɔ kplé ɖè lɛ é
1
Via un poste de radio ou un téléphone portable appartenant à un proche/ Gbɔn hladio jí alǒ alokan e nyí mɛvívɛ́ ce tɔn é jí
1","Via un poste de radio à la maison/ Gbɔn hladio jí ɖò xwégbe
44.3
Via mon téléphone portable, utilisé comme un poste de radio/ Gbɔn alokan ce jí, un nɔ zán ɖi hladio ɖɔhun/
22.2
Via un poste de radio dans les lieux publics/ Gbɔn hladio jí ɖò fí e mɛ lɛ nɔ kplé ɖè lɛ é
7.4
Via un poste de radio ou un téléphone portable appartenant à un proche/ Gbɔn hladio jí alǒ alokan e nyí mɛvívɛ́ ce tɔn é jí
7.4",Unknown,"Via une application mobile : FM ou application radio/ Gbɔn application mobile jí Ðevo/ Ɖò nùjlajla jí: FM alǒ radio
34.0
Via mon téléphone portable, utilisé comme un poste de radio/ Gbɔn alokan ce jí, un nɔ zán ɖi hladio ɖɔhun/
30.8
Via un poste de radio au travail/ Gbɔn hladio jí ɖò azɔ̌mɛ
30.8
Via un poste de radio à la maison/ Gbɔn hladio jí ɖò xwégbe
4.3","Via une application mobile : FM ou application radio/ Gbɔn application mobile jí Ðevo/ Ɖò nùjlajla jí: FM alǒ radio
2
Via mon téléphone portable, utilisé comme un poste de radio/ Gbɔn alokan ce jí, un nɔ zán ɖi hladio ɖɔhun/
1
Via un poste de radio au travail/ Gbɔn hladio jí ɖò azɔ̌mɛ
1
Via un poste de radio à la maison/ Gbɔn hladio jí ɖò xwégbe
2","Via une application mobile : FM ou application radio/ Gbɔn application mobile jí Ðevo/ Ɖò nùjlajla jí: FM alǒ radio
1731.0
Via mon téléphone portable, utilisé comme un poste de radio/ Gbɔn alokan ce jí, un nɔ zán ɖi hladio ɖɔhun/
1571.1
Via un poste de radio au travail/ Gbɔn hladio jí ɖò azɔ̌mɛ
1571.1
Via un poste de radio à la maison/ Gbɔn hladio jí ɖò xwégbe
219.9",Unknown,"Via mon téléphone portable, utilisé comme un poste de radio/ Gbɔn alokan ce jí, un nɔ zán ɖi hladio ɖɔhun/
66.7
Via un poste de radio à la maison/ Gbɔn hladio jí ɖò xwégbe
33.3","Via mon téléphone portable, utilisé comme un poste de radio/ Gbɔn alokan ce jí, un nɔ zán ɖi hladio ɖɔhun/
2
Via un poste de radio à la maison/ Gbɔn hladio jí ɖò xwégbe
3","Via mon téléphone portable, utilisé comme un poste de radio/ Gbɔn alokan ce jí, un nɔ zán ɖi hladio ɖɔhun/
587.2
Via un poste de radio à la maison/ Gbɔn hladio jí ɖò xwégbe
293.6",Unknown,"Via un poste de radio à la maison/ Gbɔn hladio jí ɖò xwégbe
38.6
Via un poste de radio ou un téléphone portable appartenant à un proche/ Gbɔn hladio jí alǒ alokan e nyí mɛvívɛ́ ce tɔn é jí
22.3
Via mon téléphone portable, utilisé comme un poste de radio/ Gbɔn alokan ce jí, un nɔ zán ɖi hladio ɖɔhun/
14.2
Via un poste de radio au travail/ Gbɔn hladio jí ɖò azɔ̌mɛ
12.0
Via un poste de radio dans les transports/ Gbɔn hladio jí ɖò mɔ̌to mɛ
6.5
Via un poste de radio dans les lieux publics/ Gbɔn hladio jí ɖò fí e mɛ lɛ nɔ kplé ɖè lɛ é
2.8
Je ne sais pas/ Un tuùn ǎ
1.7
Via une application mobile : FM ou application radio/ Gbɔn application mobile jí Ðevo/ Ɖò nùjlajla jí: FM alǒ radio
1.7","Via un poste de radio à la maison/ Gbɔn hladio jí ɖò xwégbe
28
Via un poste de radio ou un téléphone portable appartenant à un proche/ Gbɔn hladio jí alǒ alokan e nyí mɛvívɛ́ ce tɔn é jí
8
Via mon téléphone portable, utilisé comme un poste de radio/ Gbɔn alokan ce jí, un nɔ zán ɖi hladio ɖɔhun/
14
Via un poste de radio au travail/ Gbɔn hladio jí ɖò azɔ̌mɛ
5
Via un poste de radio dans les transports/ Gbɔn hladio jí ɖò mɔ̌to mɛ
3
Via un poste de radio dans les lieux publics/ Gbɔn hladio jí ɖò fí e mɛ lɛ nɔ kplé ɖè lɛ é
4
Je ne sais pas/ Un tuùn ǎ
1
Via une application mobile : FM ou application radio/ Gbɔn application mobile jí Ðevo/ Ɖò nùjlajla jí: FM alǒ radio
2","Via un poste de radio à la maison/ Gbɔn hladio jí ɖò xwégbe
78140.0
Via un poste de radio ou un téléphone portable appartenant à un proche/ Gbɔn hladio jí alǒ alokan e nyí mɛvívɛ́ ce tɔn é jí
45195.8
Via mon téléphone portable, utilisé comme un poste de radio/ Gbɔn alokan ce jí, un nɔ zán ɖi hladio ɖɔhun/
28741.3
Via un poste de radio au travail/ Gbɔn hladio jí ɖò azɔ̌mɛ
24332.2
Via un poste de radio dans les transports/ Gbɔn hladio jí ɖò mɔ̌to mɛ
13246.9
Via un poste de radio dans les lieux publics/ Gbɔn hladio jí ɖò fí e mɛ lɛ nɔ kplé ɖè lɛ é
5647.0
Je ne sais pas/ Un tuùn ǎ
3511.6
Via une application mobile : FM ou application radio/ Gbɔn application mobile jí Ðevo/ Ɖò nùjlajla jí: FM alǒ radio
3511.6",Unknown
Favourite Radio Format,"Témoignages (des personnes réelles partagent leur vie personnelle)/ Kúnnuɖenú lɛ (mɛ nǔgbo lɛ nɔ má gbɛzán yeɖesunɔ tɔn lɛ)
33.3
Émission avec appels téléphoniques (le public appelle et des experts répondent à leurs questions)/ Nǔ e è nɔ ylɔ mɛ lɛ é (mɛ e ɖò kplé ɔ tɛnmɛ lɛ é nɔ ylɔ mɛ lɛ bɔ mɛ e tuùn nǔ lɛ é nɔ na xósin nú nǔkanbyɔ yetɔn lɛ)
27.3
Interview (un animateur interviewe un ou plusieurs experts) / Xóɖɔɖókpɔ́ (mɛ e nɔ kpé nukún dó nǔ lɛ wu é ɖé nɔ kàn nǔ byɔ mɛ e tuùn nǔ ganji lɛ é ɖokpo alǒ hú mɔ̌)
20.6
Série fictionnelle (des acteurs jouent les mêmes personnages dans plusieurs épisodes)/ Nǔ e è nɔ xò ɖò nǔjlɛdonǔwu mɛ lɛ é (mɛ e nɔ xò nǔ kpɔ́n lɛ é nɔ xò nǔ ɖokpo ɔ lɛ ɖò xóɖiɖɔ gègě mɛ)
10.9
Narration (lorsqu'un ou plusieurs personnages fictifs racontent leur histoire dans un monologue, c'est-à-dire lorsqu'une seule personne parle). Tan kpikpa (hwenu e mɛ e è lin ɖɔ é ɖò tan yetɔn mɛ é ɖokpo alǒ hú mɔ̌ ɖɔ tan yetɔn ɖò xóɖɔɖókpɔ́ mɛɖokponɔ tɔn mɛ é, enɛ wɛ nyí ɖɔ mɛ ɖokpo géé wɛ ɖɔ xó).
7.1
Fiction unitaire (chaque programme est une histoire complète, avec des acteurs incarnant des personnages)/ Xɛxó e è nɔ bló ɖò akpáxwé ɖokpo jí é (tuto ɖokpo ɖokpo nyí tan bǔnɔ ɖé, bɔ nǔjlɛdonǔwutɔ́ lɛ nɔ ɖè mɛ e ɖ’emɛ lɛ é xlɛ́)
0.9","Témoignages (des personnes réelles partagent leur vie personnelle)/ Kúnnuɖenú lɛ (mɛ nǔgbo lɛ nɔ má gbɛzán yeɖesunɔ tɔn lɛ)
14
Émission avec appels téléphoniques (le public appelle et des experts répondent à leurs questions)/ Nǔ e è nɔ ylɔ mɛ lɛ é (mɛ e ɖò kplé ɔ tɛnmɛ lɛ é nɔ ylɔ mɛ lɛ bɔ mɛ e tuùn nǔ lɛ é nɔ na xósin nú nǔkanbyɔ yetɔn lɛ)
17
Interview (un animateur interviewe un ou plusieurs experts) / Xóɖɔɖókpɔ́ (mɛ e nɔ kpé nukún dó nǔ lɛ wu é ɖé nɔ kàn nǔ byɔ mɛ e tuùn nǔ ganji lɛ é ɖokpo alǒ hú mɔ̌)
14
Série fictionnelle (des acteurs jouent les mêmes personnages dans plusieurs épisodes)/ Nǔ e è nɔ xò ɖò nǔjlɛdonǔwu mɛ lɛ é (mɛ e nɔ xò nǔ kpɔ́n lɛ é nɔ xò nǔ ɖokpo ɔ lɛ ɖò xóɖiɖɔ gègě mɛ)
6
Narration (lorsqu'un ou plusieurs personnages fictifs racontent leur histoire dans un monologue, c'est-à-dire lorsqu'une seule personne parle). Tan kpikpa (hwenu e mɛ e è lin ɖɔ é ɖò tan yetɔn mɛ é ɖokpo alǒ hú mɔ̌ ɖɔ tan yetɔn ɖò xóɖɔɖókpɔ́ mɛɖokponɔ tɔn mɛ é, enɛ wɛ nyí ɖɔ mɛ ɖokpo géé wɛ ɖɔ xó).
6
Fiction unitaire (chaque programme est une histoire complète, avec des acteurs incarnant des personnages)/ Xɛxó e è nɔ bló ɖò akpáxwé ɖokpo jí é (tuto ɖokpo ɖokpo nyí tan bǔnɔ ɖé, bɔ nǔjlɛdonǔwutɔ́ lɛ nɔ ɖè mɛ e ɖ’emɛ lɛ é xlɛ́)
2","Témoignages (des personnes réelles partagent leur vie personnelle)/ Kúnnuɖenú lɛ (mɛ nǔgbo lɛ nɔ má gbɛzán yeɖesunɔ tɔn lɛ)
3343.3
Émission avec appels téléphoniques (le public appelle et des experts répondent à leurs questions)/ Nǔ e è nɔ ylɔ mɛ lɛ é (mɛ e ɖò kplé ɔ tɛnmɛ lɛ é nɔ ylɔ mɛ lɛ bɔ mɛ e tuùn nǔ lɛ é nɔ na xósin nú nǔkanbyɔ yetɔn lɛ)
2740.7
Interview (un animateur interviewe un ou plusieurs experts) / Xóɖɔɖókpɔ́ (mɛ e nɔ kpé nukún dó nǔ lɛ wu é ɖé nɔ kàn nǔ byɔ mɛ e tuùn nǔ ganji lɛ é ɖokpo alǒ hú mɔ̌)
2073.8
Série fictionnelle (des acteurs jouent les mêmes personnages dans plusieurs épisodes)/ Nǔ e è nɔ xò ɖò nǔjlɛdonǔwu mɛ lɛ é (mɛ e nɔ xò nǔ kpɔ́n lɛ é nɔ xò nǔ ɖokpo ɔ lɛ ɖò xóɖiɖɔ gègě mɛ)
1091.8
Narration (lorsqu'un ou plusieurs personnages fictifs racontent leur histoire dans un monologue, c'est-à-dire lorsqu'une seule personne parle). Tan kpikpa (hwenu e mɛ e è lin ɖɔ é ɖò tan yetɔn mɛ é ɖokpo alǒ hú mɔ̌ ɖɔ tan yetɔn ɖò xóɖɔɖókpɔ́ mɛɖokponɔ tɔn mɛ é, enɛ wɛ nyí ɖɔ mɛ ɖokpo géé wɛ ɖɔ xó).
714.8
Fiction unitaire (chaque programme est une histoire complète, avec des acteurs incarnant des personnages)/ Xɛxó e è nɔ bló ɖò akpáxwé ɖokpo jí é (tuto ɖokpo ɖokpo nyí tan bǔnɔ ɖé, bɔ nǔjlɛdonǔwutɔ́ lɛ nɔ ɖè mɛ e ɖ’emɛ lɛ é xlɛ́)
89.7",Unknown,"Émission avec appels téléphoniques (le public appelle et des experts répondent à leurs questions)/ Nǔ e è nɔ ylɔ mɛ lɛ é (mɛ e ɖò kplé ɔ tɛnmɛ lɛ é nɔ ylɔ mɛ lɛ bɔ mɛ e tuùn nǔ lɛ é nɔ na xósin nú nǔkanbyɔ yetɔn lɛ)
28.6
Témoignages (des personnes réelles partagent leur vie personnelle)/ Kúnnuɖenú lɛ (mɛ nǔgbo lɛ nɔ má gbɛzán yeɖesunɔ tɔn lɛ)
27.9
Interview (un animateur interviewe un ou plusieurs experts) / Xóɖɔɖókpɔ́ (mɛ e nɔ kpé nukún dó nǔ lɛ wu é ɖé nɔ kàn nǔ byɔ mɛ e tuùn nǔ ganji lɛ é ɖokpo alǒ hú mɔ̌)
26.6
Narration (lorsqu'un ou plusieurs personnages fictifs racontent leur histoire dans un monologue, c'est-à-dire lorsqu'une seule personne parle). Tan kpikpa (hwenu e mɛ e è lin ɖɔ é ɖò tan yetɔn mɛ é ɖokpo alǒ hú mɔ̌ ɖɔ tan yetɔn ɖò xóɖɔɖókpɔ́ mɛɖokponɔ tɔn mɛ é, enɛ wɛ nyí ɖɔ mɛ ɖokpo géé wɛ ɖɔ xó).
15.6
Fiction unitaire (chaque programme est une histoire complète, avec des acteurs incarnant des personnages)/ Xɛxó e è nɔ bló ɖò akpáxwé ɖokpo jí é (tuto ɖokpo ɖokpo nyí tan bǔnɔ ɖé, bɔ nǔjlɛdonǔwutɔ́ lɛ nɔ ɖè mɛ e ɖ’emɛ lɛ é xlɛ́)
1.3","Émission avec appels téléphoniques (le public appelle et des experts répondent à leurs questions)/ Nǔ e è nɔ ylɔ mɛ lɛ é (mɛ e ɖò kplé ɔ tɛnmɛ lɛ é nɔ ylɔ mɛ lɛ bɔ mɛ e tuùn nǔ lɛ é nɔ na xósin nú nǔkanbyɔ yetɔn lɛ)
9
Témoignages (des personnes réelles partagent leur vie personnelle)/ Kúnnuɖenú lɛ (mɛ nǔgbo lɛ nɔ má gbɛzán yeɖesunɔ tɔn lɛ)
5
Interview (un animateur interviewe un ou plusieurs experts) / Xóɖɔɖókpɔ́ (mɛ e nɔ kpé nukún dó nǔ lɛ wu é ɖé nɔ kàn nǔ byɔ mɛ e tuùn nǔ ganji lɛ é ɖokpo alǒ hú mɔ̌)
4
Narration (lorsqu'un ou plusieurs personnages fictifs racontent leur histoire dans un monologue, c'est-à-dire lorsqu'une seule personne parle). Tan kpikpa (hwenu e mɛ e è lin ɖɔ é ɖò tan yetɔn mɛ é ɖokpo alǒ hú mɔ̌ ɖɔ tan yetɔn ɖò xóɖɔɖókpɔ́ mɛɖokponɔ tɔn mɛ é, enɛ wɛ nyí ɖɔ mɛ ɖokpo géé wɛ ɖɔ xó).
2
Fiction unitaire (chaque programme est une histoire complète, avec des acteurs incarnant des personnages)/ Xɛxó e è nɔ bló ɖò akpáxwé ɖokpo jí é (tuto ɖokpo ɖokpo nyí tan bǔnɔ ɖé, bɔ nǔjlɛdonǔwutɔ́ lɛ nɔ ɖè mɛ e ɖ’emɛ lɛ é xlɛ́)
1","Émission avec appels téléphoniques (le public appelle et des experts répondent à leurs questions)/ Nǔ e è nɔ ylɔ mɛ lɛ é (mɛ e ɖò kplé ɔ tɛnmɛ lɛ é nɔ ylɔ mɛ lɛ bɔ mɛ e tuùn nǔ lɛ é nɔ na xósin nú nǔkanbyɔ yetɔn lɛ)
1786.6
Témoignages (des personnes réelles partagent leur vie personnelle)/ Kúnnuɖenú lɛ (mɛ nǔgbo lɛ nɔ má gbɛzán yeɖesunɔ tɔn lɛ)
1746.0
Interview (un animateur interviewe un ou plusieurs experts) / Xóɖɔɖókpɔ́ (mɛ e nɔ kpé nukún dó nǔ lɛ wu é ɖé nɔ kàn nǔ byɔ mɛ e tuùn nǔ ganji lɛ é ɖokpo alǒ hú mɔ̌)
1664.8
Narration (lorsqu'un ou plusieurs personnages fictifs racontent leur histoire dans un monologue, c'est-à-dire lorsqu'une seule personne parle). Tan kpikpa (hwenu e mɛ e è lin ɖɔ é ɖò tan yetɔn mɛ é ɖokpo alǒ hú mɔ̌ ɖɔ tan yetɔn ɖò xóɖɔɖókpɔ́ mɛɖokponɔ tɔn mɛ é, enɛ wɛ nyí ɖɔ mɛ ɖokpo géé wɛ ɖɔ xó).
974.5
Fiction unitaire (chaque programme est une histoire complète, avec des acteurs incarnant des personnages)/ Xɛxó e è nɔ bló ɖò akpáxwé ɖokpo jí é (tuto ɖokpo ɖokpo nyí tan bǔnɔ ɖé, bɔ nǔjlɛdonǔwutɔ́ lɛ nɔ ɖè mɛ e ɖ’emɛ lɛ é xlɛ́)
81.2",Unknown,"Émission avec appels téléphoniques (le public appelle et des experts répondent à leurs questions)/ Nǔ e è nɔ ylɔ mɛ lɛ é (mɛ e ɖò kplé ɔ tɛnmɛ lɛ é nɔ ylɔ mɛ lɛ bɔ mɛ e tuùn nǔ lɛ é nɔ na xósin nú nǔkanbyɔ yetɔn lɛ)
42.9
Témoignages (des personnes réelles partagent leur vie personnelle)/ Kúnnuɖenú lɛ (mɛ nǔgbo lɛ nɔ má gbɛzán yeɖesunɔ tɔn lɛ)
27.0
Interview (un animateur interviewe un ou plusieurs experts) / Xóɖɔɖókpɔ́ (mɛ e nɔ kpé nukún dó nǔ lɛ wu é ɖé nɔ kàn nǔ byɔ mɛ e tuùn nǔ ganji lɛ é ɖokpo alǒ hú mɔ̌)
23.7
Narration (lorsqu'un ou plusieurs personnages fictifs racontent leur histoire dans un monologue, c'est-à-dire lorsqu'une seule personne parle). Tan kpikpa (hwenu e mɛ e è lin ɖɔ é ɖò tan yetɔn mɛ é ɖokpo alǒ hú mɔ̌ ɖɔ tan yetɔn ɖò xóɖɔɖókpɔ́ mɛɖokponɔ tɔn mɛ é, enɛ wɛ nyí ɖɔ mɛ ɖokpo géé wɛ ɖɔ xó).
4.2
Fiction unitaire (chaque programme est une histoire complète, avec des acteurs incarnant des personnages)/ Xɛxó e è nɔ bló ɖò akpáxwé ɖokpo jí é (tuto ɖokpo ɖokpo nyí tan bǔnɔ ɖé, bɔ nǔjlɛdonǔwutɔ́ lɛ nɔ ɖè mɛ e ɖ’emɛ lɛ é xlɛ́)
1.1
Série fictionnelle (des acteurs jouent les mêmes personnages dans plusieurs épisodes)/ Nǔ e è nɔ xò ɖò nǔjlɛdonǔwu mɛ lɛ é (mɛ e nɔ xò nǔ kpɔ́n lɛ é nɔ xò nǔ ɖokpo ɔ lɛ ɖò xóɖiɖɔ gègě mɛ)
0.5
Autre : veuillez préciser/ Ɖevo: kɛnklɛn ɖɔ
0.3
Je ne sais pas/ Un tuùn ǎ
0.2","Émission avec appels téléphoniques (le public appelle et des experts répondent à leurs questions)/ Nǔ e è nɔ ylɔ mɛ lɛ é (mɛ e ɖò kplé ɔ tɛnmɛ lɛ é nɔ ylɔ mɛ lɛ bɔ mɛ e tuùn nǔ lɛ é nɔ na xósin nú nǔkanbyɔ yetɔn lɛ)
294
Témoignages (des personnes réelles partagent leur vie personnelle)/ Kúnnuɖenú lɛ (mɛ nǔgbo lɛ nɔ má gbɛzán yeɖesunɔ tɔn lɛ)
210
Interview (un animateur interviewe un ou plusieurs experts) / Xóɖɔɖókpɔ́ (mɛ e nɔ kpé nukún dó nǔ lɛ wu é ɖé nɔ kàn nǔ byɔ mɛ e tuùn nǔ ganji lɛ é ɖokpo alǒ hú mɔ̌)
166
Narration (lorsqu'un ou plusieurs personnages fictifs racontent leur histoire dans un monologue, c'est-à-dire lorsqu'une seule personne parle). Tan kpikpa (hwenu e mɛ e è lin ɖɔ é ɖò tan yetɔn mɛ é ɖokpo alǒ hú mɔ̌ ɖɔ tan yetɔn ɖò xóɖɔɖókpɔ́ mɛɖokponɔ tɔn mɛ é, enɛ wɛ nyí ɖɔ mɛ ɖokpo géé wɛ ɖɔ xó).
46
Fiction unitaire (chaque programme est une histoire complète, avec des acteurs incarnant des personnages)/ Xɛxó e è nɔ bló ɖò akpáxwé ɖokpo jí é (tuto ɖokpo ɖokpo nyí tan bǔnɔ ɖé, bɔ nǔjlɛdonǔwutɔ́ lɛ nɔ ɖè mɛ e ɖ’emɛ lɛ é xlɛ́)
30
Série fictionnelle (des acteurs jouent les mêmes personnages dans plusieurs épisodes)/ Nǔ e è nɔ xò ɖò nǔjlɛdonǔwu mɛ lɛ é (mɛ e nɔ xò nǔ kpɔ́n lɛ é nɔ xò nǔ ɖokpo ɔ lɛ ɖò xóɖiɖɔ gègě mɛ)
24
Autre : veuillez préciser/ Ɖevo: kɛnklɛn ɖɔ
13
Je ne sais pas/ Un tuùn ǎ
4","Émission avec appels téléphoniques (le public appelle et des experts répondent à leurs questions)/ Nǔ e è nɔ ylɔ mɛ lɛ é (mɛ e ɖò kplé ɔ tɛnmɛ lɛ é nɔ ylɔ mɛ lɛ bɔ mɛ e tuùn nǔ lɛ é nɔ na xósin nú nǔkanbyɔ yetɔn lɛ)
362919.1
Témoignages (des personnes réelles partagent leur vie personnelle)/ Kúnnuɖenú lɛ (mɛ nǔgbo lɛ nɔ má gbɛzán yeɖesunɔ tɔn lɛ)
229049.8
Interview (un animateur interviewe un ou plusieurs experts) / Xóɖɔɖókpɔ́ (mɛ e nɔ kpé nukún dó nǔ lɛ wu é ɖé nɔ kàn nǔ byɔ mɛ e tuùn nǔ ganji lɛ é ɖokpo alǒ hú mɔ̌)
200864.4
Narration (lorsqu'un ou plusieurs personnages fictifs racontent leur histoire dans un monologue, c'est-à-dire lorsqu'une seule personne parle). Tan kpikpa (hwenu e mɛ e è lin ɖɔ é ɖò tan yetɔn mɛ é ɖokpo alǒ hú mɔ̌ ɖɔ tan yetɔn ɖò xóɖɔɖókpɔ́ mɛɖokponɔ tɔn mɛ é, enɛ wɛ nyí ɖɔ mɛ ɖokpo géé wɛ ɖɔ xó).
35453.5
Fiction unitaire (chaque programme est une histoire complète, avec des acteurs incarnant des personnages)/ Xɛxó e è nɔ bló ɖò akpáxwé ɖokpo jí é (tuto ɖokpo ɖokpo nyí tan bǔnɔ ɖé, bɔ nǔjlɛdonǔwutɔ́ lɛ nɔ ɖè mɛ e ɖ’emɛ lɛ é xlɛ́)
9443.8
Série fictionnelle (des acteurs jouent les mêmes personnages dans plusieurs épisodes)/ Nǔ e è nɔ xò ɖò nǔjlɛdonǔwu mɛ lɛ é (mɛ e nɔ xò nǔ kpɔ́n lɛ é nɔ xò nǔ ɖokpo ɔ lɛ ɖò xóɖiɖɔ gègě mɛ)
4576.7
Autre : veuillez préciser/ Ɖevo: kɛnklɛn ɖɔ
2663.6
Je ne sais pas/ Un tuùn ǎ
1963.8",Unknown,"Émission avec appels téléphoniques (le public appelle et des experts répondent à leurs questions)/ Nǔ e è nɔ ylɔ mɛ lɛ é (mɛ e ɖò kplé ɔ tɛnmɛ lɛ é nɔ ylɔ mɛ lɛ bɔ mɛ e tuùn nǔ lɛ é nɔ na xósin nú nǔkanbyɔ yetɔn lɛ)
49.2
Témoignages (des personnes réelles partagent leur vie personnelle)/ Kúnnuɖenú lɛ (mɛ nǔgbo lɛ nɔ má gbɛzán yeɖesunɔ tɔn lɛ)
23.1
Interview (un animateur interviewe un ou plusieurs experts) / Xóɖɔɖókpɔ́ (mɛ e nɔ kpé nukún dó nǔ lɛ wu é ɖé nɔ kàn nǔ byɔ mɛ e tuùn nǔ ganji lɛ é ɖokpo alǒ hú mɔ̌)
14.8
Narration (lorsqu'un ou plusieurs personnages fictifs racontent leur histoire dans un monologue, c'est-à-dire lorsqu'une seule personne parle). Tan kpikpa (hwenu e mɛ e è lin ɖɔ é ɖò tan yetɔn mɛ é ɖokpo alǒ hú mɔ̌ ɖɔ tan yetɔn ɖò xóɖɔɖókpɔ́ mɛɖokponɔ tɔn mɛ é, enɛ wɛ nyí ɖɔ mɛ ɖokpo géé wɛ ɖɔ xó).
9.5
Fiction unitaire (chaque programme est une histoire complète, avec des acteurs incarnant des personnages)/ Xɛxó e è nɔ bló ɖò akpáxwé ɖokpo jí é (tuto ɖokpo ɖokpo nyí tan bǔnɔ ɖé, bɔ nǔjlɛdonǔwutɔ́ lɛ nɔ ɖè mɛ e ɖ’emɛ lɛ é xlɛ́)
2.6
Série fictionnelle (des acteurs jouent les mêmes personnages dans plusieurs épisodes)/ Nǔ e è nɔ xò ɖò nǔjlɛdonǔwu mɛ lɛ é (mɛ e nɔ xò nǔ kpɔ́n lɛ é nɔ xò nǔ ɖokpo ɔ lɛ ɖò xóɖiɖɔ gègě mɛ)
0.6
Je ne sais pas/ Un tuùn ǎ
0.3","Émission avec appels téléphoniques (le public appelle et des experts répondent à leurs questions)/ Nǔ e è nɔ ylɔ mɛ lɛ é (mɛ e ɖò kplé ɔ tɛnmɛ lɛ é nɔ ylɔ mɛ lɛ bɔ mɛ e tuùn nǔ lɛ é nɔ na xósin nú nǔkanbyɔ yetɔn lɛ)
34
Témoignages (des personnes réelles partagent leur vie personnelle)/ Kúnnuɖenú lɛ (mɛ nǔgbo lɛ nɔ má gbɛzán yeɖesunɔ tɔn lɛ)
28
Interview (un animateur interviewe un ou plusieurs experts) / Xóɖɔɖókpɔ́ (mɛ e nɔ kpé nukún dó nǔ lɛ wu é ɖé nɔ kàn nǔ byɔ mɛ e tuùn nǔ ganji lɛ é ɖokpo alǒ hú mɔ̌)
17
Narration (lorsqu'un ou plusieurs personnages fictifs racontent leur histoire dans un monologue, c'est-à-dire lorsqu'une seule personne parle). Tan kpikpa (hwenu e mɛ e è lin ɖɔ é ɖò tan yetɔn mɛ é ɖokpo alǒ hú mɔ̌ ɖɔ tan yetɔn ɖò xóɖɔɖókpɔ́ mɛɖokponɔ tɔn mɛ é, enɛ wɛ nyí ɖɔ mɛ ɖokpo géé wɛ ɖɔ xó).
8
Fiction unitaire (chaque programme est une histoire complète, avec des acteurs incarnant des personnages)/ Xɛxó e è nɔ bló ɖò akpáxwé ɖokpo jí é (tuto ɖokpo ɖokpo nyí tan bǔnɔ ɖé, bɔ nǔjlɛdonǔwutɔ́ lɛ nɔ ɖè mɛ e ɖ’emɛ lɛ é xlɛ́)
2
Série fictionnelle (des acteurs jouent les mêmes personnages dans plusieurs épisodes)/ Nǔ e è nɔ xò ɖò nǔjlɛdonǔwu mɛ lɛ é (mɛ e nɔ xò nǔ kpɔ́n lɛ é nɔ xò nǔ ɖokpo ɔ lɛ ɖò xóɖiɖɔ gègě mɛ)
2
Je ne sais pas/ Un tuùn ǎ
1","Émission avec appels téléphoniques (le public appelle et des experts répondent à leurs questions)/ Nǔ e è nɔ ylɔ mɛ lɛ é (mɛ e ɖò kplé ɔ tɛnmɛ lɛ é nɔ ylɔ mɛ lɛ bɔ mɛ e tuùn nǔ lɛ é nɔ na xósin nú nǔkanbyɔ yetɔn lɛ)
26174.6
Témoignages (des personnes réelles partagent leur vie personnelle)/ Kúnnuɖenú lɛ (mɛ nǔgbo lɛ nɔ má gbɛzán yeɖesunɔ tɔn lɛ)
12271.8
Interview (un animateur interviewe un ou plusieurs experts) / Xóɖɔɖókpɔ́ (mɛ e nɔ kpé nukún dó nǔ lɛ wu é ɖé nɔ kàn nǔ byɔ mɛ e tuùn nǔ ganji lɛ é ɖokpo alǒ hú mɔ̌)
7901.7
Narration (lorsqu'un ou plusieurs personnages fictifs racontent leur histoire dans un monologue, c'est-à-dire lorsqu'une seule personne parle). Tan kpikpa (hwenu e mɛ e è lin ɖɔ é ɖò tan yetɔn mɛ é ɖokpo alǒ hú mɔ̌ ɖɔ tan yetɔn ɖò xóɖɔɖókpɔ́ mɛɖokponɔ tɔn mɛ é, enɛ wɛ nyí ɖɔ mɛ ɖokpo géé wɛ ɖɔ xó).
5037.2
Fiction unitaire (chaque programme est une histoire complète, avec des acteurs incarnant des personnages)/ Xɛxó e è nɔ bló ɖò akpáxwé ɖokpo jí é (tuto ɖokpo ɖokpo nyí tan bǔnɔ ɖé, bɔ nǔjlɛdonǔwutɔ́ lɛ nɔ ɖè mɛ e ɖ’emɛ lɛ é xlɛ́)
1389.4
Série fictionnelle (des acteurs jouent les mêmes personnages dans plusieurs épisodes)/ Nǔ e è nɔ xò ɖò nǔjlɛdonǔwu mɛ lɛ é (mɛ e nɔ xò nǔ kpɔ́n lɛ é nɔ xò nǔ ɖokpo ɔ lɛ ɖò xóɖiɖɔ gègě mɛ)
307.7
Je ne sais pas/ Un tuùn ǎ
147.7",Unknown,"Émission avec appels téléphoniques (le public appelle et des experts répondent à leurs questions)/ Nǔ e è nɔ ylɔ mɛ lɛ é (mɛ e ɖò kplé ɔ tɛnmɛ lɛ é nɔ ylɔ mɛ lɛ bɔ mɛ e tuùn nǔ lɛ é nɔ na xósin nú nǔkanbyɔ yetɔn lɛ)
30.4
Narration (lorsqu'un ou plusieurs personnages fictifs racontent leur histoire dans un monologue, c'est-à-dire lorsqu'une seule personne parle). Tan kpikpa (hwenu e mɛ e è lin ɖɔ é ɖò tan yetɔn mɛ é ɖokpo alǒ hú mɔ̌ ɖɔ tan yetɔn ɖò xóɖɔɖókpɔ́ mɛɖokponɔ tɔn mɛ é, enɛ wɛ nyí ɖɔ mɛ ɖokpo géé wɛ ɖɔ xó).
26.0
Témoignages (des personnes réelles partagent leur vie personnelle)/ Kúnnuɖenú lɛ (mɛ nǔgbo lɛ nɔ má gbɛzán yeɖesunɔ tɔn lɛ)
20.4
Interview (un animateur interviewe un ou plusieurs experts) / Xóɖɔɖókpɔ́ (mɛ e nɔ kpé nukún dó nǔ lɛ wu é ɖé nɔ kàn nǔ byɔ mɛ e tuùn nǔ ganji lɛ é ɖokpo alǒ hú mɔ̌)
16.7
Fiction unitaire (chaque programme est une histoire complète, avec des acteurs incarnant des personnages)/ Xɛxó e è nɔ bló ɖò akpáxwé ɖokpo jí é (tuto ɖokpo ɖokpo nyí tan bǔnɔ ɖé, bɔ nǔjlɛdonǔwutɔ́ lɛ nɔ ɖè mɛ e ɖ’emɛ lɛ é xlɛ́)
3.8
Série fictionnelle (des acteurs jouent les mêmes personnages dans plusieurs épisodes)/ Nǔ e è nɔ xò ɖò nǔjlɛdonǔwu mɛ lɛ é (mɛ e nɔ xò nǔ kpɔ́n lɛ é nɔ xò nǔ ɖokpo ɔ lɛ ɖò xóɖiɖɔ gègě mɛ)
2.1
Autre : veuillez préciser/ Ɖevo: kɛnklɛn ɖɔ
0.5","Émission avec appels téléphoniques (le public appelle et des experts répondent à leurs questions)/ Nǔ e è nɔ ylɔ mɛ lɛ é (mɛ e ɖò kplé ɔ tɛnmɛ lɛ é nɔ ylɔ mɛ lɛ bɔ mɛ e tuùn nǔ lɛ é nɔ na xósin nú nǔkanbyɔ yetɔn lɛ)
112
Narration (lorsqu'un ou plusieurs personnages fictifs racontent leur histoire dans un monologue, c'est-à-dire lorsqu'une seule personne parle). Tan kpikpa (hwenu e mɛ e è lin ɖɔ é ɖò tan yetɔn mɛ é ɖokpo alǒ hú mɔ̌ ɖɔ tan yetɔn ɖò xóɖɔɖókpɔ́ mɛɖokponɔ tɔn mɛ é, enɛ wɛ nyí ɖɔ mɛ ɖokpo géé wɛ ɖɔ xó).
93
Témoignages (des personnes réelles partagent leur vie personnelle)/ Kúnnuɖenú lɛ (mɛ nǔgbo lɛ nɔ má gbɛzán yeɖesunɔ tɔn lɛ)
70
Interview (un animateur interviewe un ou plusieurs experts) / Xóɖɔɖókpɔ́ (mɛ e nɔ kpé nukún dó nǔ lɛ wu é ɖé nɔ kàn nǔ byɔ mɛ e tuùn nǔ ganji lɛ é ɖokpo alǒ hú mɔ̌)
46
Fiction unitaire (chaque programme est une histoire complète, avec des acteurs incarnant des personnages)/ Xɛxó e è nɔ bló ɖò akpáxwé ɖokpo jí é (tuto ɖokpo ɖokpo nyí tan bǔnɔ ɖé, bɔ nǔjlɛdonǔwutɔ́ lɛ nɔ ɖè mɛ e ɖ’emɛ lɛ é xlɛ́)
15
Série fictionnelle (des acteurs jouent les mêmes personnages dans plusieurs épisodes)/ Nǔ e è nɔ xò ɖò nǔjlɛdonǔwu mɛ lɛ é (mɛ e nɔ xò nǔ kpɔ́n lɛ é nɔ xò nǔ ɖokpo ɔ lɛ ɖò xóɖiɖɔ gègě mɛ)
9
Autre : veuillez préciser/ Ɖevo: kɛnklɛn ɖɔ
2","Émission avec appels téléphoniques (le public appelle et des experts répondent à leurs questions)/ Nǔ e è nɔ ylɔ mɛ lɛ é (mɛ e ɖò kplé ɔ tɛnmɛ lɛ é nɔ ylɔ mɛ lɛ bɔ mɛ e tuùn nǔ lɛ é nɔ na xósin nú nǔkanbyɔ yetɔn lɛ)
215335.5
Narration (lorsqu'un ou plusieurs personnages fictifs racontent leur histoire dans un monologue, c'est-à-dire lorsqu'une seule personne parle). Tan kpikpa (hwenu e mɛ e è lin ɖɔ é ɖò tan yetɔn mɛ é ɖokpo alǒ hú mɔ̌ ɖɔ tan yetɔn ɖò xóɖɔɖókpɔ́ mɛɖokponɔ tɔn mɛ é, enɛ wɛ nyí ɖɔ mɛ ɖokpo géé wɛ ɖɔ xó).
183972.2
Témoignages (des personnes réelles partagent leur vie personnelle)/ Kúnnuɖenú lɛ (mɛ nǔgbo lɛ nɔ má gbɛzán yeɖesunɔ tɔn lɛ)
144624.1
Interview (un animateur interviewe un ou plusieurs experts) / Xóɖɔɖókpɔ́ (mɛ e nɔ kpé nukún dó nǔ lɛ wu é ɖé nɔ kàn nǔ byɔ mɛ e tuùn nǔ ganji lɛ é ɖokpo alǒ hú mɔ̌)
118035.9
Fiction unitaire (chaque programme est une histoire complète, avec des acteurs incarnant des personnages)/ Xɛxó e è nɔ bló ɖò akpáxwé ɖokpo jí é (tuto ɖokpo ɖokpo nyí tan bǔnɔ ɖé, bɔ nǔjlɛdonǔwutɔ́ lɛ nɔ ɖè mɛ e ɖ’emɛ lɛ é xlɛ́)
27106.9
Série fictionnelle (des acteurs jouent les mêmes personnages dans plusieurs épisodes)/ Nǔ e è nɔ xò ɖò nǔjlɛdonǔwu mɛ lɛ é (mɛ e nɔ xò nǔ kpɔ́n lɛ é nɔ xò nǔ ɖokpo ɔ lɛ ɖò xóɖiɖɔ gègě mɛ)
15117.6
Autre : veuillez préciser/ Ɖevo: kɛnklɛn ɖɔ
3558.9",Unknown,"Émission avec appels téléphoniques (le public appelle et des experts répondent à leurs questions)/ Nǔ e è nɔ ylɔ mɛ lɛ é (mɛ e ɖò kplé ɔ tɛnmɛ lɛ é nɔ ylɔ mɛ lɛ bɔ mɛ e tuùn nǔ lɛ é nɔ na xósin nú nǔkanbyɔ yetɔn lɛ)
52.8
Témoignages (des personnes réelles partagent leur vie personnelle)/ Kúnnuɖenú lɛ (mɛ nǔgbo lɛ nɔ má gbɛzán yeɖesunɔ tɔn lɛ)
26.2
Narration (lorsqu'un ou plusieurs personnages fictifs racontent leur histoire dans un monologue, c'est-à-dire lorsqu'une seule personne parle). Tan kpikpa (hwenu e mɛ e è lin ɖɔ é ɖò tan yetɔn mɛ é ɖokpo alǒ hú mɔ̌ ɖɔ tan yetɔn ɖò xóɖɔɖókpɔ́ mɛɖokponɔ tɔn mɛ é, enɛ wɛ nyí ɖɔ mɛ ɖokpo géé wɛ ɖɔ xó).
6.5
Interview (un animateur interviewe un ou plusieurs experts) / Xóɖɔɖókpɔ́ (mɛ e nɔ kpé nukún dó nǔ lɛ wu é ɖé nɔ kàn nǔ byɔ mɛ e tuùn nǔ ganji lɛ é ɖokpo alǒ hú mɔ̌)
6.2
Je ne sais pas/ Un tuùn ǎ
4.4
Série fictionnelle (des acteurs jouent les mêmes personnages dans plusieurs épisodes)/ Nǔ e è nɔ xò ɖò nǔjlɛdonǔwu mɛ lɛ é (mɛ e nɔ xò nǔ kpɔ́n lɛ é nɔ xò nǔ ɖokpo ɔ lɛ ɖò xóɖiɖɔ gègě mɛ)
2.6
Fiction unitaire (chaque programme est une histoire complète, avec des acteurs incarnant des personnages)/ Xɛxó e è nɔ bló ɖò akpáxwé ɖokpo jí é (tuto ɖokpo ɖokpo nyí tan bǔnɔ ɖé, bɔ nǔjlɛdonǔwutɔ́ lɛ nɔ ɖè mɛ e ɖ’emɛ lɛ é xlɛ́)
1.3","Émission avec appels téléphoniques (le public appelle et des experts répondent à leurs questions)/ Nǔ e è nɔ ylɔ mɛ lɛ é (mɛ e ɖò kplé ɔ tɛnmɛ lɛ é nɔ ylɔ mɛ lɛ bɔ mɛ e tuùn nǔ lɛ é nɔ na xósin nú nǔkanbyɔ yetɔn lɛ)
31
Témoignages (des personnes réelles partagent leur vie personnelle)/ Kúnnuɖenú lɛ (mɛ nǔgbo lɛ nɔ má gbɛzán yeɖesunɔ tɔn lɛ)
20
Narration (lorsqu'un ou plusieurs personnages fictifs racontent leur histoire dans un monologue, c'est-à-dire lorsqu'une seule personne parle). Tan kpikpa (hwenu e mɛ e è lin ɖɔ é ɖò tan yetɔn mɛ é ɖokpo alǒ hú mɔ̌ ɖɔ tan yetɔn ɖò xóɖɔɖókpɔ́ mɛɖokponɔ tɔn mɛ é, enɛ wɛ nyí ɖɔ mɛ ɖokpo géé wɛ ɖɔ xó).
7
Interview (un animateur interviewe un ou plusieurs experts) / Xóɖɔɖókpɔ́ (mɛ e nɔ kpé nukún dó nǔ lɛ wu é ɖé nɔ kàn nǔ byɔ mɛ e tuùn nǔ ganji lɛ é ɖokpo alǒ hú mɔ̌)
13
Je ne sais pas/ Un tuùn ǎ
3
Série fictionnelle (des acteurs jouent les mêmes personnages dans plusieurs épisodes)/ Nǔ e è nɔ xò ɖò nǔjlɛdonǔwu mɛ lɛ é (mɛ e nɔ xò nǔ kpɔ́n lɛ é nɔ xò nǔ ɖokpo ɔ lɛ ɖò xóɖiɖɔ gègě mɛ)
6
Fiction unitaire (chaque programme est une histoire complète, avec des acteurs incarnant des personnages)/ Xɛxó e è nɔ bló ɖò akpáxwé ɖokpo jí é (tuto ɖokpo ɖokpo nyí tan bǔnɔ ɖé, bɔ nǔjlɛdonǔwutɔ́ lɛ nɔ ɖè mɛ e ɖ’emɛ lɛ é xlɛ́)
4","Émission avec appels téléphoniques (le public appelle et des experts répondent à leurs questions)/ Nǔ e è nɔ ylɔ mɛ lɛ é (mɛ e ɖò kplé ɔ tɛnmɛ lɛ é nɔ ylɔ mɛ lɛ bɔ mɛ e tuùn nǔ lɛ é nɔ na xósin nú nǔkanbyɔ yetɔn lɛ)
37727.5
Témoignages (des personnes réelles partagent leur vie personnelle)/ Kúnnuɖenú lɛ (mɛ nǔgbo lɛ nɔ má gbɛzán yeɖesunɔ tɔn lɛ)
18708.0
Narration (lorsqu'un ou plusieurs personnages fictifs racontent leur histoire dans un monologue, c'est-à-dire lorsqu'une seule personne parle). Tan kpikpa (hwenu e mɛ e è lin ɖɔ é ɖò tan yetɔn mɛ é ɖokpo alǒ hú mɔ̌ ɖɔ tan yetɔn ɖò xóɖɔɖókpɔ́ mɛɖokponɔ tɔn mɛ é, enɛ wɛ nyí ɖɔ mɛ ɖokpo géé wɛ ɖɔ xó).
4675.7
Interview (un animateur interviewe un ou plusieurs experts) / Xóɖɔɖókpɔ́ (mɛ e nɔ kpé nukún dó nǔ lɛ wu é ɖé nɔ kàn nǔ byɔ mɛ e tuùn nǔ ganji lɛ é ɖokpo alǒ hú mɔ̌)
4422.2
Je ne sais pas/ Un tuùn ǎ
3123.1
Série fictionnelle (des acteurs jouent les mêmes personnages dans plusieurs épisodes)/ Nǔ e è nɔ xò ɖò nǔjlɛdonǔwu mɛ lɛ é (mɛ e nɔ xò nǔ kpɔ́n lɛ é nɔ xò nǔ ɖokpo ɔ lɛ ɖò xóɖiɖɔ gègě mɛ)
1858.0
Fiction unitaire (chaque programme est une histoire complète, avec des acteurs incarnant des personnages)/ Xɛxó e è nɔ bló ɖò akpáxwé ɖokpo jí é (tuto ɖokpo ɖokpo nyí tan bǔnɔ ɖé, bɔ nǔjlɛdonǔwutɔ́ lɛ nɔ ɖè mɛ e ɖ’emɛ lɛ é xlɛ́)
924.1",Unknown,"Émission avec appels téléphoniques (le public appelle et des experts répondent à leurs questions)/ Nǔ e è nɔ ylɔ mɛ lɛ é (mɛ e ɖò kplé ɔ tɛnmɛ lɛ é nɔ ylɔ mɛ lɛ bɔ mɛ e tuùn nǔ lɛ é nɔ na xósin nú nǔkanbyɔ yetɔn lɛ)
41.2
Interview (un animateur interviewe un ou plusieurs experts) / Xóɖɔɖókpɔ́ (mɛ e nɔ kpé nukún dó nǔ lɛ wu é ɖé nɔ kàn nǔ byɔ mɛ e tuùn nǔ ganji lɛ é ɖokpo alǒ hú mɔ̌)
29.4
Témoignages (des personnes réelles partagent leur vie personnelle)/ Kúnnuɖenú lɛ (mɛ nǔgbo lɛ nɔ má gbɛzán yeɖesunɔ tɔn lɛ)
17.6
Narration (lorsqu'un ou plusieurs personnages fictifs racontent leur histoire dans un monologue, c'est-à-dire lorsqu'une seule personne parle). Tan kpikpa (hwenu e mɛ e è lin ɖɔ é ɖò tan yetɔn mɛ é ɖokpo alǒ hú mɔ̌ ɖɔ tan yetɔn ɖò xóɖɔɖókpɔ́ mɛɖokponɔ tɔn mɛ é, enɛ wɛ nyí ɖɔ mɛ ɖokpo géé wɛ ɖɔ xó).
5.9
Série fictionnelle (des acteurs jouent les mêmes personnages dans plusieurs épisodes)/ Nǔ e è nɔ xò ɖò nǔjlɛdonǔwu mɛ lɛ é (mɛ e nɔ xò nǔ kpɔ́n lɛ é nɔ xò nǔ ɖokpo ɔ lɛ ɖò xóɖiɖɔ gègě mɛ)
5.9","Émission avec appels téléphoniques (le public appelle et des experts répondent à leurs questions)/ Nǔ e è nɔ ylɔ mɛ lɛ é (mɛ e ɖò kplé ɔ tɛnmɛ lɛ é nɔ ylɔ mɛ lɛ bɔ mɛ e tuùn nǔ lɛ é nɔ na xósin nú nǔkanbyɔ yetɔn lɛ)
7
Interview (un animateur interviewe un ou plusieurs experts) / Xóɖɔɖókpɔ́ (mɛ e nɔ kpé nukún dó nǔ lɛ wu é ɖé nɔ kàn nǔ byɔ mɛ e tuùn nǔ ganji lɛ é ɖokpo alǒ hú mɔ̌)
5
Témoignages (des personnes réelles partagent leur vie personnelle)/ Kúnnuɖenú lɛ (mɛ nǔgbo lɛ nɔ má gbɛzán yeɖesunɔ tɔn lɛ)
3
Narration (lorsqu'un ou plusieurs personnages fictifs racontent leur histoire dans un monologue, c'est-à-dire lorsqu'une seule personne parle). Tan kpikpa (hwenu e mɛ e è lin ɖɔ é ɖò tan yetɔn mɛ é ɖokpo alǒ hú mɔ̌ ɖɔ tan yetɔn ɖò xóɖɔɖókpɔ́ mɛɖokponɔ tɔn mɛ é, enɛ wɛ nyí ɖɔ mɛ ɖokpo géé wɛ ɖɔ xó).
1
Série fictionnelle (des acteurs jouent les mêmes personnages dans plusieurs épisodes)/ Nǔ e è nɔ xò ɖò nǔjlɛdonǔwu mɛ lɛ é (mɛ e nɔ xò nǔ kpɔ́n lɛ é nɔ xò nǔ ɖokpo ɔ lɛ ɖò xóɖiɖɔ gègě mɛ)
1","Émission avec appels téléphoniques (le public appelle et des experts répondent à leurs questions)/ Nǔ e è nɔ ylɔ mɛ lɛ é (mɛ e ɖò kplé ɔ tɛnmɛ lɛ é nɔ ylɔ mɛ lɛ bɔ mɛ e tuùn nǔ lɛ é nɔ na xósin nú nǔkanbyɔ yetɔn lɛ)
51.7
Interview (un animateur interviewe un ou plusieurs experts) / Xóɖɔɖókpɔ́ (mɛ e nɔ kpé nukún dó nǔ lɛ wu é ɖé nɔ kàn nǔ byɔ mɛ e tuùn nǔ ganji lɛ é ɖokpo alǒ hú mɔ̌)
36.9
Témoignages (des personnes réelles partagent leur vie personnelle)/ Kúnnuɖenú lɛ (mɛ nǔgbo lɛ nɔ má gbɛzán yeɖesunɔ tɔn lɛ)
22.2
Narration (lorsqu'un ou plusieurs personnages fictifs racontent leur histoire dans un monologue, c'est-à-dire lorsqu'une seule personne parle). Tan kpikpa (hwenu e mɛ e è lin ɖɔ é ɖò tan yetɔn mɛ é ɖokpo alǒ hú mɔ̌ ɖɔ tan yetɔn ɖò xóɖɔɖókpɔ́ mɛɖokponɔ tɔn mɛ é, enɛ wɛ nyí ɖɔ mɛ ɖokpo géé wɛ ɖɔ xó).
7.4
Série fictionnelle (des acteurs jouent les mêmes personnages dans plusieurs épisodes)/ Nǔ e è nɔ xò ɖò nǔjlɛdonǔwu mɛ lɛ é (mɛ e nɔ xò nǔ kpɔ́n lɛ é nɔ xò nǔ ɖokpo ɔ lɛ ɖò xóɖiɖɔ gègě mɛ)
7.4",Unknown,"Émission avec appels téléphoniques (le public appelle et des experts répondent à leurs questions)/ Nǔ e è nɔ ylɔ mɛ lɛ é (mɛ e ɖò kplé ɔ tɛnmɛ lɛ é nɔ ylɔ mɛ lɛ bɔ mɛ e tuùn nǔ lɛ é nɔ na xósin nú nǔkanbyɔ yetɔn lɛ)
49.2
Témoignages (des personnes réelles partagent leur vie personnelle)/ Kúnnuɖenú lɛ (mɛ nǔgbo lɛ nɔ má gbɛzán yeɖesunɔ tɔn lɛ)
44.8
Interview (un animateur interviewe un ou plusieurs experts) / Xóɖɔɖókpɔ́ (mɛ e nɔ kpé nukún dó nǔ lɛ wu é ɖé nɔ kàn nǔ byɔ mɛ e tuùn nǔ ganji lɛ é ɖokpo alǒ hú mɔ̌)
6.0","Émission avec appels téléphoniques (le public appelle et des experts répondent à leurs questions)/ Nǔ e è nɔ ylɔ mɛ lɛ é (mɛ e ɖò kplé ɔ tɛnmɛ lɛ é nɔ ylɔ mɛ lɛ bɔ mɛ e tuùn nǔ lɛ é nɔ na xósin nú nǔkanbyɔ yetɔn lɛ)
3
Témoignages (des personnes réelles partagent leur vie personnelle)/ Kúnnuɖenú lɛ (mɛ nǔgbo lɛ nɔ má gbɛzán yeɖesunɔ tɔn lɛ)
2
Interview (un animateur interviewe un ou plusieurs experts) / Xóɖɔɖókpɔ́ (mɛ e nɔ kpé nukún dó nǔ lɛ wu é ɖé nɔ kàn nǔ byɔ mɛ e tuùn nǔ ganji lɛ é ɖokpo alǒ hú mɔ̌)
2","Émission avec appels téléphoniques (le public appelle et des experts répondent à leurs questions)/ Nǔ e è nɔ ylɔ mɛ lɛ é (mɛ e ɖò kplé ɔ tɛnmɛ lɛ é nɔ ylɔ mɛ lɛ bɔ mɛ e tuùn nǔ lɛ é nɔ na xósin nú nǔkanbyɔ yetɔn lɛ)
1791.0
Témoignages (des personnes réelles partagent leur vie personnelle)/ Kúnnuɖenú lɛ (mɛ nǔgbo lɛ nɔ má gbɛzán yeɖesunɔ tɔn lɛ)
1631.1
Interview (un animateur interviewe un ou plusieurs experts) / Xóɖɔɖókpɔ́ (mɛ e nɔ kpé nukún dó nǔ lɛ wu é ɖé nɔ kàn nǔ byɔ mɛ e tuùn nǔ ganji lɛ é ɖokpo alǒ hú mɔ̌)
219.9",Unknown,"Émission avec appels téléphoniques (le public appelle et des experts répondent à leurs questions)/ Nǔ e è nɔ ylɔ mɛ lɛ é (mɛ e ɖò kplé ɔ tɛnmɛ lɛ é nɔ ylɔ mɛ lɛ bɔ mɛ e tuùn nǔ lɛ é nɔ na xósin nú nǔkanbyɔ yetɔn lɛ)
50.0
Témoignages (des personnes réelles partagent leur vie personnelle)/ Kúnnuɖenú lɛ (mɛ nǔgbo lɛ nɔ má gbɛzán yeɖesunɔ tɔn lɛ)
46.4
Interview (un animateur interviewe un ou plusieurs experts) / Xóɖɔɖókpɔ́ (mɛ e nɔ kpé nukún dó nǔ lɛ wu é ɖé nɔ kàn nǔ byɔ mɛ e tuùn nǔ ganji lɛ é ɖokpo alǒ hú mɔ̌)
3.6","Émission avec appels téléphoniques (le public appelle et des experts répondent à leurs questions)/ Nǔ e è nɔ ylɔ mɛ lɛ é (mɛ e ɖò kplé ɔ tɛnmɛ lɛ é nɔ ylɔ mɛ lɛ bɔ mɛ e tuùn nǔ lɛ é nɔ na xósin nú nǔkanbyɔ yetɔn lɛ)
4
Témoignages (des personnes réelles partagent leur vie personnelle)/ Kúnnuɖenú lɛ (mɛ nǔgbo lɛ nɔ má gbɛzán yeɖesunɔ tɔn lɛ)
3
Interview (un animateur interviewe un ou plusieurs experts) / Xóɖɔɖókpɔ́ (mɛ e nɔ kpé nukún dó nǔ lɛ wu é ɖé nɔ kàn nǔ byɔ mɛ e tuùn nǔ ganji lɛ é ɖokpo alǒ hú mɔ̌)
1","Émission avec appels téléphoniques (le public appelle et des experts répondent à leurs questions)/ Nǔ e è nɔ ylɔ mɛ lɛ é (mɛ e ɖò kplé ɔ tɛnmɛ lɛ é nɔ ylɔ mɛ lɛ bɔ mɛ e tuùn nǔ lɛ é nɔ na xósin nú nǔkanbyɔ yetɔn lɛ)
685.1
Témoignages (des personnes réelles partagent leur vie personnelle)/ Kúnnuɖenú lɛ (mɛ nǔgbo lɛ nɔ má gbɛzán yeɖesunɔ tɔn lɛ)
636.1
Interview (un animateur interviewe un ou plusieurs experts) / Xóɖɔɖókpɔ́ (mɛ e nɔ kpé nukún dó nǔ lɛ wu é ɖé nɔ kàn nǔ byɔ mɛ e tuùn nǔ ganji lɛ é ɖokpo alǒ hú mɔ̌)
48.9",Unknown,"Témoignages (des personnes réelles partagent leur vie personnelle)/ Kúnnuɖenú lɛ (mɛ nǔgbo lɛ nɔ má gbɛzán yeɖesunɔ tɔn lɛ)
36.3
Émission avec appels téléphoniques (le public appelle et des experts répondent à leurs questions)/ Nǔ e è nɔ ylɔ mɛ lɛ é (mɛ e ɖò kplé ɔ tɛnmɛ lɛ é nɔ ylɔ mɛ lɛ bɔ mɛ e tuùn nǔ lɛ é nɔ na xósin nú nǔkanbyɔ yetɔn lɛ)
33.7
Narration (lorsqu'un ou plusieurs personnages fictifs racontent leur histoire dans un monologue, c'est-à-dire lorsqu'une seule personne parle). Tan kpikpa (hwenu e mɛ e è lin ɖɔ é ɖò tan yetɔn mɛ é ɖokpo alǒ hú mɔ̌ ɖɔ tan yetɔn ɖò xóɖɔɖókpɔ́ mɛɖokponɔ tɔn mɛ é, enɛ wɛ nyí ɖɔ mɛ ɖokpo géé wɛ ɖɔ xó).
20.1
Interview (un animateur interviewe un ou plusieurs experts) / Xóɖɔɖókpɔ́ (mɛ e nɔ kpé nukún dó nǔ lɛ wu é ɖé nɔ kàn nǔ byɔ mɛ e tuùn nǔ ganji lɛ é ɖokpo alǒ hú mɔ̌)
7.9
Fiction unitaire (chaque programme est une histoire complète, avec des acteurs incarnant des personnages)/ Xɛxó e è nɔ bló ɖò akpáxwé ɖokpo jí é (tuto ɖokpo ɖokpo nyí tan bǔnɔ ɖé, bɔ nǔjlɛdonǔwutɔ́ lɛ nɔ ɖè mɛ e ɖ’emɛ lɛ é xlɛ́)
1.2
Série fictionnelle (des acteurs jouent les mêmes personnages dans plusieurs épisodes)/ Nǔ e è nɔ xò ɖò nǔjlɛdonǔwu mɛ lɛ é (mɛ e nɔ xò nǔ kpɔ́n lɛ é nɔ xò nǔ ɖokpo ɔ lɛ ɖò xóɖiɖɔ gègě mɛ)
0.8","Témoignages (des personnes réelles partagent leur vie personnelle)/ Kúnnuɖenú lɛ (mɛ nǔgbo lɛ nɔ má gbɛzán yeɖesunɔ tɔn lɛ)
42
Émission avec appels téléphoniques (le public appelle et des experts répondent à leurs questions)/ Nǔ e è nɔ ylɔ mɛ lɛ é (mɛ e ɖò kplé ɔ tɛnmɛ lɛ é nɔ ylɔ mɛ lɛ bɔ mɛ e tuùn nǔ lɛ é nɔ na xósin nú nǔkanbyɔ yetɔn lɛ)
40
Narration (lorsqu'un ou plusieurs personnages fictifs racontent leur histoire dans un monologue, c'est-à-dire lorsqu'une seule personne parle). Tan kpikpa (hwenu e mɛ e è lin ɖɔ é ɖò tan yetɔn mɛ é ɖokpo alǒ hú mɔ̌ ɖɔ tan yetɔn ɖò xóɖɔɖókpɔ́ mɛɖokponɔ tɔn mɛ é, enɛ wɛ nyí ɖɔ mɛ ɖokpo géé wɛ ɖɔ xó).
28
Interview (un animateur interviewe un ou plusieurs experts) / Xóɖɔɖókpɔ́ (mɛ e nɔ kpé nukún dó nǔ lɛ wu é ɖé nɔ kàn nǔ byɔ mɛ e tuùn nǔ ganji lɛ é ɖokpo alǒ hú mɔ̌)
16
Fiction unitaire (chaque programme est une histoire complète, avec des acteurs incarnant des personnages)/ Xɛxó e è nɔ bló ɖò akpáxwé ɖokpo jí é (tuto ɖokpo ɖokpo nyí tan bǔnɔ ɖé, bɔ nǔjlɛdonǔwutɔ́ lɛ nɔ ɖè mɛ e ɖ’emɛ lɛ é xlɛ́)
3
Série fictionnelle (des acteurs jouent les mêmes personnages dans plusieurs épisodes)/ Nǔ e è nɔ xò ɖò nǔjlɛdonǔwu mɛ lɛ é (mɛ e nɔ xò nǔ kpɔ́n lɛ é nɔ xò nǔ ɖokpo ɔ lɛ ɖò xóɖiɖɔ gègě mɛ)
2","Témoignages (des personnes réelles partagent leur vie personnelle)/ Kúnnuɖenú lɛ (mɛ nǔgbo lɛ nɔ má gbɛzán yeɖesunɔ tɔn lɛ)
150539.2
Émission avec appels téléphoniques (le public appelle et des experts répondent à leurs questions)/ Nǔ e è nɔ ylɔ mɛ lɛ é (mɛ e ɖò kplé ɔ tɛnmɛ lɛ é nɔ ylɔ mɛ lɛ bɔ mɛ e tuùn nǔ lɛ é nɔ na xósin nú nǔkanbyɔ yetɔn lɛ)
139469.4
Narration (lorsqu'un ou plusieurs personnages fictifs racontent leur histoire dans un monologue, c'est-à-dire lorsqu'une seule personne parle). Tan kpikpa (hwenu e mɛ e è lin ɖɔ é ɖò tan yetɔn mɛ é ɖokpo alǒ hú mɔ̌ ɖɔ tan yetɔn ɖò xóɖɔɖókpɔ́ mɛɖokponɔ tɔn mɛ é, enɛ wɛ nyí ɖɔ mɛ ɖokpo géé wɛ ɖɔ xó).
83288.8
Interview (un animateur interviewe un ou plusieurs experts) / Xóɖɔɖókpɔ́ (mɛ e nɔ kpé nukún dó nǔ lɛ wu é ɖé nɔ kàn nǔ byɔ mɛ e tuùn nǔ ganji lɛ é ɖokpo alǒ hú mɔ̌)
32885.5
Fiction unitaire (chaque programme est une histoire complète, avec des acteurs incarnant des personnages)/ Xɛxó e è nɔ bló ɖò akpáxwé ɖokpo jí é (tuto ɖokpo ɖokpo nyí tan bǔnɔ ɖé, bɔ nǔjlɛdonǔwutɔ́ lɛ nɔ ɖè mɛ e ɖ’emɛ lɛ é xlɛ́)
4769.1
Série fictionnelle (des acteurs jouent les mêmes personnages dans plusieurs épisodes)/ Nǔ e è nɔ xò ɖò nǔjlɛdonǔwu mɛ lɛ é (mɛ e nɔ xò nǔ kpɔ́n lɛ é nɔ xò nǔ ɖokpo ɔ lɛ ɖò xóɖiɖɔ gègě mɛ)
3262.5",Unknown
Radio Ad Saturation,"Cela ne me dérange pas, peu importe le nombre de fois que je l'entends/ Un na bo se azɔn nabi ɔ, e nɔ doya nu mi a
34.8
Après l'avoir entendue 3 à 5 fois/ Un se azɔn atɔɔn jɛ atɔɔn gudo
34.6
Après l'avoir entendue 1 à 2 fois/ Un se azɔn ɖokpo jɛ we gudo
28.5
Après l'avoir entendue 6 à 10 fois/ Un se azɔn ayizɛn jɛ wo gudo
2.0","Cela ne me dérange pas, peu importe le nombre de fois que je l'entends/ Un na bo se azɔn nabi ɔ, e nɔ doya nu mi a
6
Après l'avoir entendue 3 à 5 fois/ Un se azɔn atɔɔn jɛ atɔɔn gudo
7
Après l'avoir entendue 1 à 2 fois/ Un se azɔn ɖokpo jɛ we gudo
11
Après l'avoir entendue 6 à 10 fois/ Un se azɔn ayizɛn jɛ wo gudo
2","Cela ne me dérange pas, peu importe le nombre de fois que je l'entends/ Un na bo se azɔn nabi ɔ, e nɔ doya nu mi a
1330.2
Après l'avoir entendue 3 à 5 fois/ Un se azɔn atɔɔn jɛ atɔɔn gudo
1320.8
Après l'avoir entendue 1 à 2 fois/ Un se azɔn ɖokpo jɛ we gudo
1089.8
Après l'avoir entendue 6 à 10 fois/ Un se azɔn ayizɛn jɛ wo gudo
76.9",Unknown,"Cela ne me dérange pas, peu importe le nombre de fois que je l'entends/ Un na bo se azɔn nabi ɔ, e nɔ doya nu mi a
77.4
Après l'avoir entendue 3 à 5 fois/ Un se azɔn atɔɔn jɛ atɔɔn gudo
18.9
Après l'avoir entendue 1 à 2 fois/ Un se azɔn ɖokpo jɛ we gudo
3.8","Cela ne me dérange pas, peu importe le nombre de fois que je l'entends/ Un na bo se azɔn nabi ɔ, e nɔ doya nu mi a
4
Après l'avoir entendue 3 à 5 fois/ Un se azɔn atɔɔn jɛ atɔɔn gudo
5
Après l'avoir entendue 1 à 2 fois/ Un se azɔn ɖokpo jɛ we gudo
1","Cela ne me dérange pas, peu importe le nombre de fois que je l'entends/ Un na bo se azɔn nabi ɔ, e nɔ doya nu mi a
1664.8
Après l'avoir entendue 3 à 5 fois/ Un se azɔn atɔɔn jɛ atɔɔn gudo
406.0
Après l'avoir entendue 1 à 2 fois/ Un se azɔn ɖokpo jɛ we gudo
81.2",Unknown,"Cela ne me dérange pas, peu importe le nombre de fois que je l'entends/ Un na bo se azɔn nabi ɔ, e nɔ doya nu mi a
80.8
Après l'avoir entendue 3 à 5 fois/ Un se azɔn atɔɔn jɛ atɔɔn gudo
12.1
Après l'avoir entendue 1 à 2 fois/ Un se azɔn ɖokpo jɛ we gudo
4.3
Après l'avoir entendue 6 à 10 fois/ Un se azɔn ayizɛn jɛ wo gudo
2.5
Je préfère ne pas répondre/ Un nɔ yí wǎn nú xósin ǎ
0.2
Après l'avoir entendue plus de 10 fois/ Un se hu azɔn wo gudo ɔ
0.1","Cela ne me dérange pas, peu importe le nombre de fois que je l'entends/ Un na bo se azɔn nabi ɔ, e nɔ doya nu mi a
168
Après l'avoir entendue 3 à 5 fois/ Un se azɔn atɔɔn jɛ atɔɔn gudo
111
Après l'avoir entendue 1 à 2 fois/ Un se azɔn ɖokpo jɛ we gudo
53
Après l'avoir entendue 6 à 10 fois/ Un se azɔn ayizɛn jɛ wo gudo
9
Je préfère ne pas répondre/ Un nɔ yí wǎn nú xósin ǎ
4
Après l'avoir entendue plus de 10 fois/ Un se hu azɔn wo gudo ɔ
1","Cela ne me dérange pas, peu importe le nombre de fois que je l'entends/ Un na bo se azɔn nabi ɔ, e nɔ doya nu mi a
312046.7
Après l'avoir entendue 3 à 5 fois/ Un se azɔn atɔɔn jɛ atɔɔn gudo
46708.8
Après l'avoir entendue 1 à 2 fois/ Un se azɔn ɖokpo jɛ we gudo
16479.3
Après l'avoir entendue 6 à 10 fois/ Un se azɔn ayizɛn jɛ wo gudo
9489.7
Je préfère ne pas répondre/ Un nɔ yí wǎn nú xósin ǎ
898.7
Après l'avoir entendue plus de 10 fois/ Un se hu azɔn wo gudo ɔ
347.5",Unknown,"Cela ne me dérange pas, peu importe le nombre de fois que je l'entends/ Un na bo se azɔn nabi ɔ, e nɔ doya nu mi a
69.0
Après l'avoir entendue 3 à 5 fois/ Un se azɔn atɔɔn jɛ atɔɔn gudo
26.2
Après l'avoir entendue 1 à 2 fois/ Un se azɔn ɖokpo jɛ we gudo
4.8","Cela ne me dérange pas, peu importe le nombre de fois que je l'entends/ Un na bo se azɔn nabi ɔ, e nɔ doya nu mi a
14
Après l'avoir entendue 3 à 5 fois/ Un se azɔn atɔɔn jɛ atɔɔn gudo
18
Après l'avoir entendue 1 à 2 fois/ Un se azɔn ɖokpo jɛ we gudo
7","Cela ne me dérange pas, peu importe le nombre de fois que je l'entends/ Un na bo se azɔn nabi ɔ, e nɔ doya nu mi a
19444.2
Après l'avoir entendue 3 à 5 fois/ Un se azɔn atɔɔn jɛ atɔɔn gudo
7368.0
Après l'avoir entendue 1 à 2 fois/ Un se azɔn ɖokpo jɛ we gudo
1359.9",Unknown,"Cela ne me dérange pas, peu importe le nombre de fois que je l'entends/ Un na bo se azɔn nabi ɔ, e nɔ doya nu mi a
84.3
Après l'avoir entendue 1 à 2 fois/ Un se azɔn ɖokpo jɛ we gudo
9.7
Après l'avoir entendue 3 à 5 fois/ Un se azɔn atɔɔn jɛ atɔɔn gudo
5.5
Après l'avoir entendue 6 à 10 fois/ Un se azɔn ayizɛn jɛ wo gudo
0.5","Cela ne me dérange pas, peu importe le nombre de fois que je l'entends/ Un na bo se azɔn nabi ɔ, e nɔ doya nu mi a
127
Après l'avoir entendue 1 à 2 fois/ Un se azɔn ɖokpo jɛ we gudo
19
Après l'avoir entendue 3 à 5 fois/ Un se azɔn atɔɔn jɛ atɔɔn gudo
12
Après l'avoir entendue 6 à 10 fois/ Un se azɔn ayizɛn jɛ wo gudo
1","Cela ne me dérange pas, peu importe le nombre de fois que je l'entends/ Un na bo se azɔn nabi ɔ, e nɔ doya nu mi a
285167.1
Après l'avoir entendue 1 à 2 fois/ Un se azɔn ɖokpo jɛ we gudo
32912.4
Après l'avoir entendue 3 à 5 fois/ Un se azɔn atɔɔn jɛ atɔɔn gudo
18741.1
Après l'avoir entendue 6 à 10 fois/ Un se azɔn ayizɛn jɛ wo gudo
1628.5",Unknown,"Après l'avoir entendue 3 à 5 fois/ Un se azɔn atɔɔn jɛ atɔɔn gudo
55.1
Cela ne me dérange pas, peu importe le nombre de fois que je l'entends/ Un na bo se azɔn nabi ɔ, e nɔ doya nu mi a
21.9
Après l'avoir entendue 6 à 10 fois/ Un se azɔn ayizɛn jɛ wo gudo
11.8
Après l'avoir entendue 1 à 2 fois/ Un se azɔn ɖokpo jɛ we gudo
4.7
Je préfère ne pas répondre/ Un nɔ yí wǎn nú xósin ǎ
4.1
Je ne sais pas/ Un tuùn ǎ
1.7
Après l'avoir entendue plus de 10 fois/ Un se hu azɔn wo gudo ɔ
0.7","Après l'avoir entendue 3 à 5 fois/ Un se azɔn atɔɔn jɛ atɔɔn gudo
18
Cela ne me dérange pas, peu importe le nombre de fois que je l'entends/ Un na bo se azɔn nabi ɔ, e nɔ doya nu mi a
11
Après l'avoir entendue 6 à 10 fois/ Un se azɔn ayizɛn jɛ wo gudo
3
Après l'avoir entendue 1 à 2 fois/ Un se azɔn ɖokpo jɛ we gudo
10
Je préfère ne pas répondre/ Un nɔ yí wǎn nú xósin ǎ
1
Je ne sais pas/ Un tuùn ǎ
1
Après l'avoir entendue plus de 10 fois/ Un se hu azɔn wo gudo ɔ
1","Après l'avoir entendue 3 à 5 fois/ Un se azɔn atɔɔn jɛ atɔɔn gudo
24137.0
Cela ne me dérange pas, peu importe le nombre de fois que je l'entends/ Un na bo se azɔn nabi ɔ, e nɔ doya nu mi a
9573.0
Après l'avoir entendue 6 à 10 fois/ Un se azɔn ayizɛn jɛ wo gudo
5149.5
Après l'avoir entendue 1 à 2 fois/ Un se azɔn ɖokpo jɛ we gudo
2077.0
Je préfère ne pas répondre/ Un nɔ yí wǎn nú xósin ǎ
1788.0
Je ne sais pas/ Un tuùn ǎ
762.9
Après l'avoir entendue plus de 10 fois/ Un se hu azɔn wo gudo ɔ
286.1",Unknown,"Cela ne me dérange pas, peu importe le nombre de fois que je l'entends/ Un na bo se azɔn nabi ɔ, e nɔ doya nu mi a
85.7
Après l'avoir entendue 1 à 2 fois/ Un se azɔn ɖokpo jɛ we gudo
14.3","Cela ne me dérange pas, peu importe le nombre de fois que je l'entends/ Un na bo se azɔn nabi ɔ, e nɔ doya nu mi a
6
Après l'avoir entendue 1 à 2 fois/ Un se azɔn ɖokpo jɛ we gudo
1","Cela ne me dérange pas, peu importe le nombre de fois que je l'entends/ Un na bo se azɔn nabi ɔ, e nɔ doya nu mi a
44.3
Après l'avoir entendue 1 à 2 fois/ Un se azɔn ɖokpo jɛ we gudo
7.4",Unknown,"Après l'avoir entendue 1 à 2 fois/ Un se azɔn ɖokpo jɛ we gudo
96.7
Cela ne me dérange pas, peu importe le nombre de fois que je l'entends/ Un na bo se azɔn nabi ɔ, e nɔ doya nu mi a
3.3","Après l'avoir entendue 1 à 2 fois/ Un se azɔn ɖokpo jɛ we gudo
2
Cela ne me dérange pas, peu importe le nombre de fois que je l'entends/ Un na bo se azɔn nabi ɔ, e nɔ doya nu mi a
1","Après l'avoir entendue 1 à 2 fois/ Un se azɔn ɖokpo jɛ we gudo
1731.0
Cela ne me dérange pas, peu importe le nombre de fois que je l'entends/ Un na bo se azɔn nabi ɔ, e nɔ doya nu mi a
60.0",Unknown,"Après l'avoir entendue 6 à 10 fois/ Un se azɔn ayizɛn jɛ wo gudo
57.1
Après l'avoir entendue 3 à 5 fois/ Un se azɔn atɔɔn jɛ atɔɔn gudo
28.6
Cela ne me dérange pas, peu importe le nombre de fois que je l'entends/ Un na bo se azɔn nabi ɔ, e nɔ doya nu mi a
14.3","Après l'avoir entendue 6 à 10 fois/ Un se azɔn ayizɛn jɛ wo gudo
1
Après l'avoir entendue 3 à 5 fois/ Un se azɔn atɔɔn jɛ atɔɔn gudo
1
Cela ne me dérange pas, peu importe le nombre de fois que je l'entends/ Un na bo se azɔn nabi ɔ, e nɔ doya nu mi a
2","Après l'avoir entendue 6 à 10 fois/ Un se azɔn ayizɛn jɛ wo gudo
391.5
Après l'avoir entendue 3 à 5 fois/ Un se azɔn atɔɔn jɛ atɔɔn gudo
195.7
Cela ne me dérange pas, peu importe le nombre de fois que je l'entends/ Un na bo se azɔn nabi ɔ, e nɔ doya nu mi a
97.9",Unknown,"Cela ne me dérange pas, peu importe le nombre de fois que je l'entends/ Un na bo se azɔn nabi ɔ, e nɔ doya nu mi a
87.1
Après l'avoir entendue 1 à 2 fois/ Un se azɔn ɖokpo jɛ we gudo
10.3
Je ne sais pas/ Un tuùn ǎ
2.6","Cela ne me dérange pas, peu importe le nombre de fois que je l'entends/ Un na bo se azɔn nabi ɔ, e nɔ doya nu mi a
36
Après l'avoir entendue 1 à 2 fois/ Un se azɔn ɖokpo jɛ we gudo
11
Je ne sais pas/ Un tuùn ǎ
3","Cela ne me dérange pas, peu importe le nombre de fois que je l'entends/ Un na bo se azɔn nabi ɔ, e nɔ doya nu mi a
151499.3
Après l'avoir entendue 1 à 2 fois/ Un se azɔn ɖokpo jɛ we gudo
17819.0
Je ne sais pas/ Un tuùn ǎ
4520.0",Unknown
Radio Language,"Fon/ Fongbe
43.2
Goun/ Gun gbè
23.2
Ayizo/Ayizo gbè
18.4
Français/ Flanségbe
13.7
Yoruba/ Yoruba gbè
1.5","Fon/ Fongbe
19
Goun/ Gun gbè
16
Ayizo/Ayizo gbè
5
Français/ Flanségbe
8
Yoruba/ Yoruba gbè
2","Fon/ Fongbe
3423.5
Goun/ Gun gbè
1843.0
Ayizo/Ayizo gbè
1456.7
Français/ Flanségbe
1089.8
Yoruba/ Yoruba gbè
115.4",Unknown,"Fon/ Fongbe
77.9
Français/ Flanségbe
16.2
Autre : veuillez préciser/ Ðevo: kɛnklɛn bo ɖɔ
2.9
Ayizo/Ayizo gbè
2.9","Fon/ Fongbe
10
Français/ Flanségbe
2
Autre : veuillez préciser/ Ðevo: kɛnklɛn bo ɖɔ
1
Ayizo/Ayizo gbè
1","Fon/ Fongbe
2152.0
Français/ Flanségbe
446.6
Autre : veuillez préciser/ Ðevo: kɛnklɛn bo ɖɔ
81.2
Ayizo/Ayizo gbè
81.2",Unknown,"Fon/ Fongbe
48.1
Français/ Flanségbe
16.6
Nago/ Nago gbè
15.4
Yoruba/ Yoruba gbè
9.2
Goun/ Gun gbè
3.5
Ayizo/Ayizo gbè
3.3
Adja/ Adja gbè
2.4
Autre : veuillez préciser/ Ðevo: kɛnklɛn bo ɖɔ
0.9
Anglais/ Glɛnsigbe
0.3
Dendi/Dendi gbè
0.3
Bariba/Baliba gbè
0.0
Tem/Tem gbè
0.0","Fon/ Fongbe
330
Français/ Flanségbe
135
Nago/ Nago gbè
10
Yoruba/ Yoruba gbè
28
Goun/ Gun gbè
69
Ayizo/Ayizo gbè
47
Adja/ Adja gbè
45
Autre : veuillez préciser/ Ðevo: kɛnklɛn bo ɖɔ
23
Anglais/ Glɛnsigbe
11
Dendi/Dendi gbè
2
Bariba/Baliba gbè
2
Tem/Tem gbè
1","Fon/ Fongbe
384086.1
Français/ Flanségbe
132548.1
Nago/ Nago gbè
122759.9
Yoruba/ Yoruba gbè
73045.2
Goun/ Gun gbè
27755.5
Ayizo/Ayizo gbè
25941.1
Adja/ Adja gbè
18907.8
Autre : veuillez préciser/ Ðevo: kɛnklɛn bo ɖɔ
7375.6
Anglais/ Glɛnsigbe
2715.6
Dendi/Dendi gbè
2456.4
Bariba/Baliba gbè
269.6
Tem/Tem gbè
25.1",Unknown,"Fon/ Fongbe
30.7
Français/ Flanségbe
30.1
Yoruba/ Yoruba gbè
21.0
Ayizo/Ayizo gbè
11.0
Autre : veuillez préciser/ Ðevo: kɛnklɛn bo ɖɔ
3.3
Goun/ Gun gbè
2.8
Nago/ Nago gbè
0.6
Anglais/ Glɛnsigbe
0.5","Fon/ Fongbe
38
Français/ Flanségbe
16
Yoruba/ Yoruba gbè
4
Ayizo/Ayizo gbè
11
Autre : veuillez préciser/ Ðevo: kɛnklɛn bo ɖɔ
4
Goun/ Gun gbè
10
Nago/ Nago gbè
1
Anglais/ Glɛnsigbe
2","Fon/ Fongbe
17033.5
Français/ Flanségbe
16691.5
Yoruba/ Yoruba gbè
11648.4
Ayizo/Ayizo gbè
6094.2
Autre : veuillez préciser/ Ðevo: kɛnklɛn bo ɖɔ
1829.2
Goun/ Gun gbè
1550.7
Nago/ Nago gbè
359.9
Anglais/ Glɛnsigbe
249.9",Unknown,"Bariba/Baliba gbè
71.1
Français/ Flanségbe
14.8
Nago/ Nago gbè
8.6
Autre : veuillez préciser/ Ðevo: kɛnklɛn bo ɖɔ
2.8
Yoruba/ Yoruba gbè
1.1
Dendi/Dendi gbè
0.8
Ditamari/ Ditamari gbè
0.2
Fulfulde/Fulfulde gbè
0.2
Yom/ Yom gbè
0.2","Bariba/Baliba gbè
159
Français/ Flanségbe
32
Nago/ Nago gbè
18
Autre : veuillez préciser/ Ðevo: kɛnklɛn bo ɖɔ
3
Yoruba/ Yoruba gbè
3
Dendi/Dendi gbè
3
Ditamari/ Ditamari gbè
1
Fulfulde/Fulfulde gbè
1
Yom/ Yom gbè
1","Bariba/Baliba gbè
338449.2
Français/ Flanségbe
70282.1
Nago/ Nago gbè
41046.2
Autre : veuillez préciser/ Ðevo: kɛnklɛn bo ɖɔ
13477.7
Yoruba/ Yoruba gbè
5338.3
Dendi/Dendi gbè
3938.6
Ditamari/ Ditamari gbè
1079.6
Fulfulde/Fulfulde gbè
1079.6
Yom/ Yom gbè
1079.6",Unknown,"Fon/ Fongbe
45.4
Français/ Flanségbe
31.0
Autre : veuillez préciser/ Ðevo: kɛnklɛn bo ɖɔ
12.2
Adja/ Adja gbè
3.4
Anglais/ Glɛnsigbe
2.7
Ditamari/ Ditamari gbè
2.4
Ayizo/Ayizo gbè
1.8
Goun/ Gun gbè
1.1","Fon/ Fongbe
44
Français/ Flanségbe
24
Autre : veuillez préciser/ Ðevo: kɛnklɛn bo ɖɔ
8
Adja/ Adja gbè
3
Anglais/ Glɛnsigbe
2
Ditamari/ Ditamari gbè
1
Ayizo/Ayizo gbè
6
Goun/ Gun gbè
2","Fon/ Fongbe
43487.5
Français/ Flanségbe
29680.9
Autre : veuillez préciser/ Ðevo: kɛnklɛn bo ɖɔ
11682.7
Adja/ Adja gbè
3265.0
Anglais/ Glɛnsigbe
2574.8
Ditamari/ Ditamari gbè
2288.7
Ayizo/Ayizo gbè
1718.9
Goun/ Gun gbè
1017.0",Unknown,"Fon/ Fongbe
70.0
Français/ Flanségbe
30.0","Fon/ Fongbe
7
Français/ Flanségbe
3","Fon/ Fongbe
51.7
Français/ Flanségbe
22.2",Unknown,"Fon/ Fongbe
21.2
Français/ Flanségbe
20.5
Adja/ Adja gbè
18.6
Ayizo/Ayizo gbè
18.6
Bariba/Baliba gbè
18.6
Goun/ Gun gbè
2.6","Fon/ Fongbe
3
Français/ Flanségbe
2
Adja/ Adja gbè
1
Ayizo/Ayizo gbè
1
Bariba/Baliba gbè
1
Goun/ Gun gbè
2","Fon/ Fongbe
1791.0
Français/ Flanségbe
1731.0
Adja/ Adja gbè
1571.1
Ayizo/Ayizo gbè
1571.1
Bariba/Baliba gbè
1571.1
Goun/ Gun gbè
219.9",Unknown,"Fon/ Fongbe
45.2
Autre : veuillez préciser/ Ðevo: kɛnklɛn bo ɖɔ
29.0
Français/ Flanségbe
25.8","Fon/ Fongbe
4
Autre : veuillez préciser/ Ðevo: kɛnklɛn bo ɖɔ
2
Français/ Flanségbe
1","Fon/ Fongbe
685.1
Autre : veuillez préciser/ Ðevo: kɛnklɛn bo ɖɔ
440.4
Français/ Flanségbe
391.5",Unknown,"Yom/ Yom gbè
41.1
Dendi/Dendi gbè
40.6
Français/ Flanségbe
16.5
Adja/ Adja gbè
0.5
Bariba/Baliba gbè
0.5
Fon/ Fongbe
0.5
Yoruba/ Yoruba gbè
0.5","Yom/ Yom gbè
46
Dendi/Dendi gbè
43
Français/ Flanségbe
28
Adja/ Adja gbè
1
Bariba/Baliba gbè
1
Fon/ Fongbe
1
Yoruba/ Yoruba gbè
1","Yom/ Yom gbè
159791.7
Dendi/Dendi gbè
157905.5
Français/ Flanségbe
64331.0
Adja/ Adja gbè
1755.8
Bariba/Baliba gbè
1755.8
Fon/ Fongbe
1755.8
Yoruba/ Yoruba gbè
1755.8",Unknown
Radio When,"Entre midi et 14 h/ Ðò gan wěwe mɛ kpo gan wè mɛ gbadanu kpo tɛntin ɔ
23.5
Entre 18 h et 21 h/ Ðò gan ayizɛn mɛ kpo Gan ayizɛn mɛ gbadanu
22.8
Entre 14 h et 18 h/Ðò gan wè mɛ  kpo Gan ayizɛn mɛ gbadanu
16.5
Entre 21 h et minuit /Ðò gan xwè kanɖé ɖokpó do djè zǎn gan wěwe mɛ
14.8
Entre 6 h et 9 h du matin/ Ðò gan ayizɛ́n kpo gan ayizɛ́n kpo tɛntin zǎnzǎn
13.1
Entre 9 h du matin et midi/ Ðò gan ayizɛ́n mɛ zǎnzǎn kpo gan wěwe mɛ kpo tɛntin
9.4","Entre midi et 14 h/ Ðò gan wěwe mɛ kpo gan wè mɛ gbadanu kpo tɛntin ɔ
12
Entre 18 h et 21 h/ Ðò gan ayizɛn mɛ kpo Gan ayizɛn mɛ gbadanu
13
Entre 14 h et 18 h/Ðò gan wè mɛ  kpo Gan ayizɛn mɛ gbadanu
8
Entre 21 h et minuit /Ðò gan xwè kanɖé ɖokpó do djè zǎn gan wěwe mɛ
13
Entre 6 h et 9 h du matin/ Ðò gan ayizɛ́n kpo gan ayizɛ́n kpo tɛntin zǎnzǎn
15
Entre 9 h du matin et midi/ Ðò gan ayizɛ́n mɛ zǎnzǎn kpo gan wěwe mɛ kpo tɛntin
5","Entre midi et 14 h/ Ðò gan wěwe mɛ kpo gan wè mɛ gbadanu kpo tɛntin ɔ
3094.5
Entre 18 h et 21 h/ Ðò gan ayizɛn mɛ kpo Gan ayizɛn mɛ gbadanu
3008.0
Entre 14 h et 18 h/Ðò gan wè mɛ  kpo Gan ayizɛn mɛ gbadanu
2171.4
Entre 21 h et minuit /Ðò gan xwè kanɖé ɖokpó do djè zǎn gan wěwe mɛ
1949.0
Entre 6 h et 9 h du matin/ Ðò gan ayizɛ́n kpo gan ayizɛ́n kpo tɛntin zǎnzǎn
1727.6
Entre 9 h du matin et midi/ Ðò gan ayizɛ́n mɛ zǎnzǎn kpo gan wěwe mɛ kpo tɛntin
1243.9",Unknown,"Entre 18 h et 21 h/ Ðò gan ayizɛn mɛ kpo Gan ayizɛn mɛ gbadanu
35.2
Entre midi et 14 h/ Ðò gan wěwe mɛ kpo gan wè mɛ gbadanu kpo tɛntin ɔ
25.0
Entre 14 h et 18 h/Ðò gan wè mɛ  kpo Gan ayizɛn mɛ gbadanu
19.4
Entre 9 h du matin et midi/ Ðò gan ayizɛ́n mɛ zǎnzǎn kpo gan wěwe mɛ kpo tɛntin
9.3
Entre 6 h et 9 h du matin/ Ðò gan ayizɛ́n kpo gan ayizɛ́n kpo tɛntin zǎnzǎn
7.4
Entre 21 h et minuit /Ðò gan xwè kanɖé ɖokpó do djè zǎn gan wěwe mɛ
3.7","Entre 18 h et 21 h/ Ðò gan ayizɛn mɛ kpo Gan ayizɛn mɛ gbadanu
6
Entre midi et 14 h/ Ðò gan wěwe mɛ kpo gan wè mɛ gbadanu kpo tɛntin ɔ
2
Entre 14 h et 18 h/Ðò gan wè mɛ  kpo Gan ayizɛn mɛ gbadanu
4
Entre 9 h du matin et midi/ Ðò gan ayizɛ́n mɛ zǎnzǎn kpo gan wěwe mɛ kpo tɛntin
5
Entre 6 h et 9 h du matin/ Ðò gan ayizɛ́n kpo gan ayizɛ́n kpo tɛntin zǎnzǎn
1
Entre 21 h et minuit /Ðò gan xwè kanɖé ɖokpó do djè zǎn gan wěwe mɛ
2","Entre 18 h et 21 h/ Ðò gan ayizɛn mɛ kpo Gan ayizɛn mɛ gbadanu
1543.0
Entre midi et 14 h/ Ðò gan wěwe mɛ kpo gan wè mɛ gbadanu kpo tɛntin ɔ
1096.3
Entre 14 h et 18 h/Ðò gan wè mɛ  kpo Gan ayizɛn mɛ gbadanu
852.7
Entre 9 h du matin et midi/ Ðò gan ayizɛ́n mɛ zǎnzǎn kpo gan wěwe mɛ kpo tɛntin
406.0
Entre 6 h et 9 h du matin/ Ðò gan ayizɛ́n kpo gan ayizɛ́n kpo tɛntin zǎnzǎn
324.8
Entre 21 h et minuit /Ðò gan xwè kanɖé ɖokpó do djè zǎn gan wěwe mɛ
162.4",Unknown,"Entre 18 h et 21 h/ Ðò gan ayizɛn mɛ kpo Gan ayizɛn mɛ gbadanu
26.5
Entre 6 h et 9 h du matin/ Ðò gan ayizɛ́n kpo gan ayizɛ́n kpo tɛntin zǎnzǎn
20.4
Entre 21 h et minuit /Ðò gan xwè kanɖé ɖokpó do djè zǎn gan wěwe mɛ
19.2
Entre midi et 14 h/ Ðò gan wěwe mɛ kpo gan wè mɛ gbadanu kpo tɛntin ɔ
18.2
Entre minuit et 6 h/ Ðò gan wěwe mɛ do djè gan ayizɛ́n zǎnzǎn
5.7
Entre 14 h et 18 h/Ðò gan wè mɛ  kpo Gan ayizɛn mɛ gbadanu
5.5
Entre 9 h du matin et midi/ Ðò gan ayizɛ́n mɛ zǎnzǎn kpo gan wěwe mɛ kpo tɛntin
4.4
Uniquement en cas d'actualité/ Enyi nǔ e jɛ ɖò xójlawema ɖé mɛ é kɛɖɛ wɛ .
0.0","Entre 18 h et 21 h/ Ðò gan ayizɛn mɛ kpo Gan ayizɛn mɛ gbadanu
232
Entre 6 h et 9 h du matin/ Ðò gan ayizɛ́n kpo gan ayizɛ́n kpo tɛntin zǎnzǎn
214
Entre 21 h et minuit /Ðò gan xwè kanɖé ɖokpó do djè zǎn gan wěwe mɛ
178
Entre midi et 14 h/ Ðò gan wěwe mɛ kpo gan wè mɛ gbadanu kpo tɛntin ɔ
135
Entre minuit et 6 h/ Ðò gan wěwe mɛ do djè gan ayizɛ́n zǎnzǎn
30
Entre 14 h et 18 h/Ðò gan wè mɛ  kpo Gan ayizɛn mɛ gbadanu
88
Entre 9 h du matin et midi/ Ðò gan ayizɛ́n mɛ zǎnzǎn kpo gan wěwe mɛ kpo tɛntin
85
Uniquement en cas d'actualité/ Enyi nǔ e jɛ ɖò xójlawema ɖé mɛ é kɛɖɛ wɛ .
1","Entre 18 h et 21 h/ Ðò gan ayizɛn mɛ kpo Gan ayizɛn mɛ gbadanu
319204.4
Entre 6 h et 9 h du matin/ Ðò gan ayizɛ́n kpo gan ayizɛ́n kpo tɛntin zǎnzǎn
246273.0
Entre 21 h et minuit /Ðò gan xwè kanɖé ɖokpó do djè zǎn gan wěwe mɛ
231105.5
Entre midi et 14 h/ Ðò gan wěwe mɛ kpo gan wè mɛ gbadanu kpo tɛntin ɔ
219958.1
Entre minuit et 6 h/ Ðò gan wěwe mɛ do djè gan ayizɛ́n zǎnzǎn
69347.1
Entre 14 h et 18 h/Ðò gan wè mɛ  kpo Gan ayizɛn mɛ gbadanu
66872.2
Entre 9 h du matin et midi/ Ðò gan ayizɛ́n mɛ zǎnzǎn kpo gan wěwe mɛ kpo tɛntin
53625.4
Uniquement en cas d'actualité/ Enyi nǔ e jɛ ɖò xójlawema ɖé mɛ é kɛɖɛ wɛ .
408.7",Unknown,"Entre 18 h et 21 h/ Ðò gan ayizɛn mɛ kpo Gan ayizɛn mɛ gbadanu
30.6
Entre 6 h et 9 h du matin/ Ðò gan ayizɛ́n kpo gan ayizɛ́n kpo tɛntin zǎnzǎn
28.3
Entre midi et 14 h/ Ðò gan wěwe mɛ kpo gan wè mɛ gbadanu kpo tɛntin ɔ
23.3
Entre 14 h et 18 h/Ðò gan wè mɛ  kpo Gan ayizɛn mɛ gbadanu
9.4
Entre 21 h et minuit /Ðò gan xwè kanɖé ɖokpó do djè zǎn gan wěwe mɛ
4.8
Entre 9 h du matin et midi/ Ðò gan ayizɛ́n mɛ zǎnzǎn kpo gan wěwe mɛ kpo tɛntin
3.5","Entre 18 h et 21 h/ Ðò gan ayizɛn mɛ kpo Gan ayizɛn mɛ gbadanu
27
Entre 6 h et 9 h du matin/ Ðò gan ayizɛ́n kpo gan ayizɛ́n kpo tɛntin zǎnzǎn
25
Entre midi et 14 h/ Ðò gan wěwe mɛ kpo gan wè mɛ gbadanu kpo tɛntin ɔ
18
Entre 14 h et 18 h/Ðò gan wè mɛ  kpo Gan ayizɛn mɛ gbadanu
11
Entre 21 h et minuit /Ðò gan xwè kanɖé ɖokpó do djè zǎn gan wěwe mɛ
14
Entre 9 h du matin et midi/ Ðò gan ayizɛ́n mɛ zǎnzǎn kpo gan wěwe mɛ kpo tɛntin
10","Entre 18 h et 21 h/ Ðò gan ayizɛn mɛ kpo Gan ayizɛn mɛ gbadanu
25474.2
Entre 6 h et 9 h du matin/ Ðò gan ayizɛ́n kpo gan ayizɛ́n kpo tɛntin zǎnzǎn
23552.1
Entre midi et 14 h/ Ðò gan wěwe mɛ kpo gan wè mɛ gbadanu kpo tɛntin ɔ
19348.7
Entre 14 h et 18 h/Ðò gan wè mɛ  kpo Gan ayizɛn mɛ gbadanu
7851.6
Entre 21 h et minuit /Ðò gan xwè kanɖé ɖokpó do djè zǎn gan wěwe mɛ
3964.9
Entre 9 h du matin et midi/ Ðò gan ayizɛ́n mɛ zǎnzǎn kpo gan wěwe mɛ kpo tɛntin
2921.9",Unknown,"Entre 6 h et 9 h du matin/ Ðò gan ayizɛ́n kpo gan ayizɛ́n kpo tɛntin zǎnzǎn
43.2
Entre 18 h et 21 h/ Ðò gan ayizɛn mɛ kpo Gan ayizɛn mɛ gbadanu
23.1
Entre 21 h et minuit /Ðò gan xwè kanɖé ɖokpó do djè zǎn gan wěwe mɛ
18.7
Entre midi et 14 h/ Ðò gan wěwe mɛ kpo gan wè mɛ gbadanu kpo tɛntin ɔ
7.0
Entre 14 h et 18 h/Ðò gan wè mɛ  kpo Gan ayizɛn mɛ gbadanu
4.2
Entre 9 h du matin et midi/ Ðò gan ayizɛ́n mɛ zǎnzǎn kpo gan wěwe mɛ kpo tɛntin
3.7","Entre 6 h et 9 h du matin/ Ðò gan ayizɛ́n kpo gan ayizɛ́n kpo tɛntin zǎnzǎn
138
Entre 18 h et 21 h/ Ðò gan ayizɛn mɛ kpo Gan ayizɛn mɛ gbadanu
86
Entre 21 h et minuit /Ðò gan xwè kanɖé ɖokpó do djè zǎn gan wěwe mɛ
55
Entre midi et 14 h/ Ðò gan wěwe mɛ kpo gan wè mɛ gbadanu kpo tɛntin ɔ
29
Entre 14 h et 18 h/Ðò gan wè mɛ  kpo Gan ayizɛn mɛ gbadanu
13
Entre 9 h du matin et midi/ Ðò gan ayizɛ́n mɛ zǎnzǎn kpo gan wěwe mɛ kpo tɛntin
9","Entre 6 h et 9 h du matin/ Ðò gan ayizɛ́n kpo gan ayizɛ́n kpo tɛntin zǎnzǎn
301031.6
Entre 18 h et 21 h/ Ðò gan ayizɛn mɛ kpo Gan ayizɛn mɛ gbadanu
161355.8
Entre 21 h et minuit /Ðò gan xwè kanɖé ɖokpó do djè zǎn gan wěwe mɛ
130386.1
Entre midi et 14 h/ Ðò gan wěwe mɛ kpo gan wè mɛ gbadanu kpo tɛntin ɔ
48708.6
Entre 14 h et 18 h/Ðò gan wè mɛ  kpo Gan ayizɛn mɛ gbadanu
29564.8
Entre 9 h du matin et midi/ Ðò gan ayizɛ́n mɛ zǎnzǎn kpo gan wěwe mɛ kpo tɛntin
26129.2",Unknown,"Entre 6 h et 9 h du matin/ Ðò gan ayizɛ́n kpo gan ayizɛ́n kpo tɛntin zǎnzǎn
21.9
Entre 21 h et minuit /Ðò gan xwè kanɖé ɖokpó do djè zǎn gan wěwe mɛ
17.1
Entre midi et 14 h/ Ðò gan wěwe mɛ kpo gan wè mɛ gbadanu kpo tɛntin ɔ
15.7
Entre 14 h et 18 h/Ðò gan wè mɛ  kpo Gan ayizɛn mɛ gbadanu
14.7
Entre 18 h et 21 h/ Ðò gan ayizɛn mɛ kpo Gan ayizɛn mɛ gbadanu
14.6
Entre 9 h du matin et midi/ Ðò gan ayizɛ́n mɛ zǎnzǎn kpo gan wěwe mɛ kpo tɛntin
11.4
Entre minuit et 6 h/ Ðò gan wěwe mɛ do djè gan ayizɛ́n zǎnzǎn
3.7
Uniquement en cas d'actualité/ Enyi nǔ e jɛ ɖò xójlawema ɖé mɛ é kɛɖɛ wɛ .
0.5
Je préfère ne pas répondre/ Un yí wǎn nú xósin ma yí gbe ǎ.
0.4","Entre 6 h et 9 h du matin/ Ðò gan ayizɛ́n kpo gan ayizɛ́n kpo tɛntin zǎnzǎn
22
Entre 21 h et minuit /Ðò gan xwè kanɖé ɖokpó do djè zǎn gan wěwe mɛ
20
Entre midi et 14 h/ Ðò gan wěwe mɛ kpo gan wè mɛ gbadanu kpo tɛntin ɔ
18
Entre 14 h et 18 h/Ðò gan wè mɛ  kpo Gan ayizɛn mɛ gbadanu
13
Entre 18 h et 21 h/ Ðò gan ayizɛn mɛ kpo Gan ayizɛn mɛ gbadanu
20
Entre 9 h du matin et midi/ Ðò gan ayizɛ́n mɛ zǎnzǎn kpo gan wěwe mɛ kpo tɛntin
13
Entre minuit et 6 h/ Ðò gan wěwe mɛ do djè gan ayizɛ́n zǎnzǎn
1
Uniquement en cas d'actualité/ Enyi nǔ e jɛ ɖò xójlawema ɖé mɛ é kɛɖɛ wɛ .
2
Je préfère ne pas répondre/ Un yí wǎn nú xósin ma yí gbe ǎ.
1","Entre 6 h et 9 h du matin/ Ðò gan ayizɛ́n kpo gan ayizɛ́n kpo tɛntin zǎnzǎn
30215.1
Entre 21 h et minuit /Ðò gan xwè kanɖé ɖokpó do djè zǎn gan wěwe mɛ
23535.3
Entre midi et 14 h/ Ðò gan wěwe mɛ kpo gan wè mɛ gbadanu kpo tɛntin ɔ
21585.6
Entre 14 h et 18 h/Ðò gan wè mɛ  kpo Gan ayizɛn mɛ gbadanu
20212.3
Entre 18 h et 21 h/ Ðò gan ayizɛn mɛ kpo Gan ayizɛn mɛ gbadanu
20083.2
Entre 9 h du matin et midi/ Ðò gan ayizɛ́n mɛ zǎnzǎn kpo gan wěwe mɛ kpo tɛntin
15754.4
Entre minuit et 6 h/ Ðò gan wěwe mɛ do djè gan ayizɛ́n zǎnzǎn
5149.5
Uniquement en cas d'actualité/ Enyi nǔ e jɛ ɖò xójlawema ɖé mɛ é kɛɖɛ wɛ .
651.5
Je préfère ne pas répondre/ Un yí wǎn nú xósin ma yí gbe ǎ.
572.2",Unknown,"Entre 18 h et 21 h/ Ðò gan ayizɛn mɛ kpo Gan ayizɛn mɛ gbadanu
26.1
Entre 6 h et 9 h du matin/ Ðò gan ayizɛ́n kpo gan ayizɛ́n kpo tɛntin zǎnzǎn
26.1
Entre 21 h et minuit /Ðò gan xwè kanɖé ɖokpó do djè zǎn gan wěwe mɛ
21.7
Entre midi et 14 h/ Ðò gan wěwe mɛ kpo gan wè mɛ gbadanu kpo tɛntin ɔ
17.4
Entre 14 h et 18 h/Ðò gan wè mɛ  kpo Gan ayizɛn mɛ gbadanu
4.3
Entre 9 h du matin et midi/ Ðò gan ayizɛ́n mɛ zǎnzǎn kpo gan wěwe mɛ kpo tɛntin
4.3","Entre 18 h et 21 h/ Ðò gan ayizɛn mɛ kpo Gan ayizɛn mɛ gbadanu
6
Entre 6 h et 9 h du matin/ Ðò gan ayizɛ́n kpo gan ayizɛ́n kpo tɛntin zǎnzǎn
6
Entre 21 h et minuit /Ðò gan xwè kanɖé ɖokpó do djè zǎn gan wěwe mɛ
5
Entre midi et 14 h/ Ðò gan wěwe mɛ kpo gan wè mɛ gbadanu kpo tɛntin ɔ
4
Entre 14 h et 18 h/Ðò gan wè mɛ  kpo Gan ayizɛn mɛ gbadanu
1
Entre 9 h du matin et midi/ Ðò gan ayizɛ́n mɛ zǎnzǎn kpo gan wěwe mɛ kpo tɛntin
1","Entre 18 h et 21 h/ Ðò gan ayizɛn mɛ kpo Gan ayizɛn mɛ gbadanu
44.3
Entre 6 h et 9 h du matin/ Ðò gan ayizɛ́n kpo gan ayizɛ́n kpo tɛntin zǎnzǎn
44.3
Entre 21 h et minuit /Ðò gan xwè kanɖé ɖokpó do djè zǎn gan wěwe mɛ
36.9
Entre midi et 14 h/ Ðò gan wěwe mɛ kpo gan wè mɛ gbadanu kpo tɛntin ɔ
29.5
Entre 14 h et 18 h/Ðò gan wè mɛ  kpo Gan ayizɛn mɛ gbadanu
7.4
Entre 9 h du matin et midi/ Ðò gan ayizɛ́n mɛ zǎnzǎn kpo gan wěwe mɛ kpo tɛntin
7.4",Unknown,"Entre 6 h et 9 h du matin/ Ðò gan ayizɛ́n kpo gan ayizɛ́n kpo tɛntin zǎnzǎn
34.8
Entre 21 h et minuit /Ðò gan xwè kanɖé ɖokpó do djè zǎn gan wěwe mɛ
30.5
Entre midi et 14 h/ Ðò gan wěwe mɛ kpo gan wè mɛ gbadanu kpo tɛntin ɔ
30.5
Entre 18 h et 21 h/ Ðò gan ayizɛn mɛ kpo Gan ayizɛn mɛ gbadanu
4.3","Entre 6 h et 9 h du matin/ Ðò gan ayizɛ́n kpo gan ayizɛ́n kpo tɛntin zǎnzǎn
3
Entre 21 h et minuit /Ðò gan xwè kanɖé ɖokpó do djè zǎn gan wěwe mɛ
1
Entre midi et 14 h/ Ðò gan wěwe mɛ kpo gan wè mɛ gbadanu kpo tɛntin ɔ
1
Entre 18 h et 21 h/ Ðò gan ayizɛn mɛ kpo Gan ayizɛn mɛ gbadanu
2","Entre 6 h et 9 h du matin/ Ðò gan ayizɛ́n kpo gan ayizɛ́n kpo tɛntin zǎnzǎn
1791.0
Entre 21 h et minuit /Ðò gan xwè kanɖé ɖokpó do djè zǎn gan wěwe mɛ
1571.1
Entre midi et 14 h/ Ðò gan wěwe mɛ kpo gan wè mɛ gbadanu kpo tɛntin ɔ
1571.1
Entre 18 h et 21 h/ Ðò gan ayizɛn mɛ kpo Gan ayizɛn mɛ gbadanu
219.9",Unknown,"Entre midi et 14 h/ Ðò gan wěwe mɛ kpo gan wè mɛ gbadanu kpo tɛntin ɔ
20.0
Entre 21 h et minuit /Ðò gan xwè kanɖé ɖokpó do djè zǎn gan wěwe mɛ
18.6
Entre 6 h et 9 h du matin/ Ðò gan ayizɛ́n kpo gan ayizɛ́n kpo tɛntin zǎnzǎn
18.6
Entre 14 h et 18 h/Ðò gan wè mɛ  kpo Gan ayizɛn mɛ gbadanu
17.1
Entre 18 h et 21 h/ Ðò gan ayizɛn mɛ kpo Gan ayizɛn mɛ gbadanu
17.1
Entre 9 h du matin et midi/ Ðò gan ayizɛ́n mɛ zǎnzǎn kpo gan wěwe mɛ kpo tɛntin
8.6","Entre midi et 14 h/ Ðò gan wěwe mɛ kpo gan wè mɛ gbadanu kpo tɛntin ɔ
4
Entre 21 h et minuit /Ðò gan xwè kanɖé ɖokpó do djè zǎn gan wěwe mɛ
3
Entre 6 h et 9 h du matin/ Ðò gan ayizɛ́n kpo gan ayizɛ́n kpo tɛntin zǎnzǎn
3
Entre 14 h et 18 h/Ðò gan wè mɛ  kpo Gan ayizɛn mɛ gbadanu
2
Entre 18 h et 21 h/ Ðò gan ayizɛn mɛ kpo Gan ayizɛn mɛ gbadanu
2
Entre 9 h du matin et midi/ Ðò gan ayizɛ́n mɛ zǎnzǎn kpo gan wěwe mɛ kpo tɛntin
3","Entre midi et 14 h/ Ðò gan wěwe mɛ kpo gan wè mɛ gbadanu kpo tɛntin ɔ
685.1
Entre 21 h et minuit /Ðò gan xwè kanɖé ɖokpó do djè zǎn gan wěwe mɛ
636.1
Entre 6 h et 9 h du matin/ Ðò gan ayizɛ́n kpo gan ayizɛ́n kpo tɛntin zǎnzǎn
636.1
Entre 14 h et 18 h/Ðò gan wè mɛ  kpo Gan ayizɛn mɛ gbadanu
587.2
Entre 18 h et 21 h/ Ðò gan ayizɛn mɛ kpo Gan ayizɛn mɛ gbadanu
587.2
Entre 9 h du matin et midi/ Ðò gan ayizɛ́n mɛ zǎnzǎn kpo gan wěwe mɛ kpo tɛntin
293.6",Unknown,"Entre 6 h et 9 h du matin/ Ðò gan ayizɛ́n kpo gan ayizɛ́n kpo tɛntin zǎnzǎn
36.8
Entre 18 h et 21 h/ Ðò gan ayizɛn mɛ kpo Gan ayizɛn mɛ gbadanu
19.3
Entre midi et 14 h/ Ðò gan wěwe mɛ kpo gan wè mɛ gbadanu kpo tɛntin ɔ
18.5
Entre 9 h du matin et midi/ Ðò gan ayizɛ́n mɛ zǎnzǎn kpo gan wěwe mɛ kpo tɛntin
8.5
Entre 21 h et minuit /Ðò gan xwè kanɖé ɖokpó do djè zǎn gan wěwe mɛ
7.8
Entre 14 h et 18 h/Ðò gan wè mɛ  kpo Gan ayizɛn mɛ gbadanu
5.6
Uniquement en cas d'actualité/ Enyi nǔ e jɛ ɖò xójlawema ɖé mɛ é kɛɖɛ wɛ .
3.5","Entre 6 h et 9 h du matin/ Ðò gan ayizɛ́n kpo gan ayizɛ́n kpo tɛntin zǎnzǎn
29
Entre 18 h et 21 h/ Ðò gan ayizɛn mɛ kpo Gan ayizɛn mɛ gbadanu
19
Entre midi et 14 h/ Ðò gan wěwe mɛ kpo gan wè mɛ gbadanu kpo tɛntin ɔ
11
Entre 9 h du matin et midi/ Ðò gan ayizɛ́n mɛ zǎnzǎn kpo gan wěwe mɛ kpo tɛntin
5
Entre 21 h et minuit /Ðò gan xwè kanɖé ɖokpó do djè zǎn gan wěwe mɛ
8
Entre 14 h et 18 h/Ðò gan wè mɛ  kpo Gan ayizɛn mɛ gbadanu
9
Uniquement en cas d'actualité/ Enyi nǔ e jɛ ɖò xójlawema ɖé mɛ é kɛɖɛ wɛ .
6","Entre 6 h et 9 h du matin/ Ðò gan ayizɛ́n kpo gan ayizɛ́n kpo tɛntin zǎnzǎn
103570.6
Entre 18 h et 21 h/ Ðò gan ayizɛn mɛ kpo Gan ayizɛn mɛ gbadanu
54350.5
Entre midi et 14 h/ Ðò gan wěwe mɛ kpo gan wè mɛ gbadanu kpo tɛntin ɔ
52211.2
Entre 9 h du matin et midi/ Ðò gan ayizɛ́n mɛ zǎnzǎn kpo gan wěwe mɛ kpo tɛntin
23833.9
Entre 21 h et minuit /Ðò gan xwè kanɖé ɖokpó do djè zǎn gan wěwe mɛ
22033.7
Entre 14 h et 18 h/Ðò gan wè mɛ  kpo Gan ayizɛn mɛ gbadanu
15761.9
Uniquement en cas d'actualité/ Enyi nǔ e jɛ ɖò xójlawema ɖé mɛ é kɛɖɛ wɛ .
9787.4",Unknown
Radio What,"Je me repose / me détends/ Un ɖò gbɔjɛ wɛ/ɖò gbɔjɛ wɛ
27.3
Je fais des tâches ménagères (par exemple, le ménage, la lessive, la vaisselle)/ Un ɖò xwégbezɔ́ lɛ wà wɛ (e.g., nǔsisɔ, nǔnya, agbán klɔ́)
17.7
Working
15.0
Je cuisine/ Un ɖò nǔ ɖa wɛ
14.8
Je conduis/ Un ɖò hùn kun wɛ
8.8
Je prie/ Un ɖò ɖɛ xò wɛ
6.3
Je me prépare pour le travail/ Un ɖo nu sɔ wɛ bo na yi azɔmɛ
4.9
Rien, je n'écoute que la radio/ Nǔɖe ǎ, un nɔ ɖótó hladio kɛɖɛ
3.7
Je passe du temps avec des amis/ Un ɖò hwenu zán wɛ xá mɛ xɔ́ntɔn lɛ
1.0
Je fais de la couture/ Un nɔ tɔ avɔ
0.5","Je me repose / me détends/ Un ɖò gbɔjɛ wɛ/ɖò gbɔjɛ wɛ
11
Je fais des tâches ménagères (par exemple, le ménage, la lessive, la vaisselle)/ Un ɖò xwégbezɔ́ lɛ wà wɛ (e.g., nǔsisɔ, nǔnya, agbán klɔ́)
12
Working
2
Je cuisine/ Un ɖò nǔ ɖa wɛ
6
Je conduis/ Un ɖò hùn kun wɛ
2
Je prie/ Un ɖò ɖɛ xò wɛ
2
Je me prépare pour le travail/ Un ɖo nu sɔ wɛ bo na yi azɔmɛ
2
Rien, je n'écoute que la radio/ Nǔɖe ǎ, un nɔ ɖótó hladio kɛɖɛ
4
Je passe du temps avec des amis/ Un ɖò hwenu zán wɛ xá mɛ xɔ́ntɔn lɛ
2
Je fais de la couture/ Un nɔ tɔ avɔ
1","Je me repose / me détends/ Un ɖò gbɔjɛ wɛ/ɖò gbɔjɛ wɛ
2161.8
Je fais des tâches ménagères (par exemple, le ménage, la lessive, la vaisselle)/ Un ɖò xwégbezɔ́ lɛ wà wɛ (e.g., nǔsisɔ, nǔnya, agbán klɔ́)
1402.7
Working
1187.4
Je cuisine/ Un ɖò nǔ ɖa wɛ
1171.9
Je conduis/ Un ɖò hùn kun wɛ
692.3
Je prie/ Un ɖò ɖɛ xò wɛ
500.0
Je me prépare pour le travail/ Un ɖo nu sɔ wɛ bo na yi azɔmɛ
384.6
Rien, je n'écoute que la radio/ Nǔɖe ǎ, un nɔ ɖótó hladio kɛɖɛ
291.7
Je passe du temps avec des amis/ Un ɖò hwenu zán wɛ xá mɛ xɔ́ntɔn lɛ
76.9
Je fais de la couture/ Un nɔ tɔ avɔ
38.5",Unknown,"Rien, je n'écoute que la radio/ Nǔɖe ǎ, un nɔ ɖótó hladio kɛɖɛ
60.3
Je me repose / me détends/ Un ɖò gbɔjɛ wɛ/ɖò gbɔjɛ wɛ
19.1
Je fais des tâches ménagères (par exemple, le ménage, la lessive, la vaisselle)/ Un ɖò xwégbezɔ́ lɛ wà wɛ (e.g., nǔsisɔ, nǔnya, agbán klɔ́)
17.6
Je cuisine/ Un ɖò nǔ ɖa wɛ
2.9","Rien, je n'écoute que la radio/ Nǔɖe ǎ, un nɔ ɖótó hladio kɛɖɛ
4
Je me repose / me détends/ Un ɖò gbɔjɛ wɛ/ɖò gbɔjɛ wɛ
3
Je fais des tâches ménagères (par exemple, le ménage, la lessive, la vaisselle)/ Un ɖò xwégbezɔ́ lɛ wà wɛ (e.g., nǔsisɔ, nǔnya, agbán klɔ́)
6
Je cuisine/ Un ɖò nǔ ɖa wɛ
1","Rien, je n'écoute que la radio/ Nǔɖe ǎ, un nɔ ɖótó hladio kɛɖɛ
1664.8
Je me repose / me détends/ Un ɖò gbɔjɛ wɛ/ɖò gbɔjɛ wɛ
527.9
Je fais des tâches ménagères (par exemple, le ménage, la lessive, la vaisselle)/ Un ɖò xwégbezɔ́ lɛ wà wɛ (e.g., nǔsisɔ, nǔnya, agbán klɔ́)
487.2
Je cuisine/ Un ɖò nǔ ɖa wɛ
81.2",Unknown,"Je me repose / me détends/ Un ɖò gbɔjɛ wɛ/ɖò gbɔjɛ wɛ
35.0
Je fais des tâches ménagères (par exemple, le ménage, la lessive, la vaisselle)/ Un ɖò xwégbezɔ́ lɛ wà wɛ (e.g., nǔsisɔ, nǔnya, agbán klɔ́)
20.6
Je cuisine/ Un ɖò nǔ ɖa wɛ
15.3
Working
14.2
Rien, je n'écoute que la radio/ Nǔɖe ǎ, un nɔ ɖótó hladio kɛɖɛ
4.4
Je passe du temps avec des amis/ Un ɖò hwenu zán wɛ xá mɛ xɔ́ntɔn lɛ
3.7
Je me prépare pour le travail/ Un ɖo nu sɔ wɛ bo na yi azɔmɛ
3.3
Je suis sur mon téléphone/ Un ɖò alokan ce jí
2.3
Autre : veuillez préciser/ Ɖevo: kɛnklɛn ɖɔ
0.3
Caring for animals
0.3
Je fais de la couture/ Un nɔ tɔ avɔ
0.3
Je conduis/ Un ɖò hùn kun wɛ
0.2
Je prie/ Un ɖò ɖɛ xò wɛ
0.1
J’écris/ Un nɔ wlan nǔ
0.1
Je fais ou me fais faire ma coiffure ou des soins esthétiques/ Un ɖò ɖa ce bló wɛ alǒ ɖò ɖa ce lɛ bló wɛ
0.1","Je me repose / me détends/ Un ɖò gbɔjɛ wɛ/ɖò gbɔjɛ wɛ
225
Je fais des tâches ménagères (par exemple, le ménage, la lessive, la vaisselle)/ Un ɖò xwégbezɔ́ lɛ wà wɛ (e.g., nǔsisɔ, nǔnya, agbán klɔ́)
131
Je cuisine/ Un ɖò nǔ ɖa wɛ
111
Working
59
Rien, je n'écoute que la radio/ Nǔɖe ǎ, un nɔ ɖótó hladio kɛɖɛ
30
Je passe du temps avec des amis/ Un ɖò hwenu zán wɛ xá mɛ xɔ́ntɔn lɛ
46
Je me prépare pour le travail/ Un ɖo nu sɔ wɛ bo na yi azɔmɛ
43
Je suis sur mon téléphone/ Un ɖò alokan ce jí
28
Autre : veuillez préciser/ Ɖevo: kɛnklɛn ɖɔ
8
Caring for animals
1
Je fais de la couture/ Un nɔ tɔ avɔ
13
Je conduis/ Un ɖò hùn kun wɛ
3
Je prie/ Un ɖò ɖɛ xò wɛ
5
J’écris/ Un nɔ wlan nǔ
2
Je fais ou me fais faire ma coiffure ou des soins esthétiques/ Un ɖò ɖa ce bló wɛ alǒ ɖò ɖa ce lɛ bló wɛ
7","Je me repose / me détends/ Un ɖò gbɔjɛ wɛ/ɖò gbɔjɛ wɛ
261616.8
Je fais des tâches ménagères (par exemple, le ménage, la lessive, la vaisselle)/ Un ɖò xwégbezɔ́ lɛ wà wɛ (e.g., nǔsisɔ, nǔnya, agbán klɔ́)
153820.3
Je cuisine/ Un ɖò nǔ ɖa wɛ
114058.6
Working
106101.0
Rien, je n'écoute que la radio/ Nǔɖe ǎ, un nɔ ɖótó hladio kɛɖɛ
32860.7
Je passe du temps avec des amis/ Un ɖò hwenu zán wɛ xá mɛ xɔ́ntɔn lɛ
27467.9
Je me prépare pour le travail/ Un ɖo nu sɔ wɛ bo na yi azɔmɛ
24821.6
Je suis sur mon téléphone/ Un ɖò alokan ce jí
17046.9
Autre : veuillez préciser/ Ɖevo: kɛnklɛn ɖɔ
2319.2
Caring for animals
2194.2
Je fais de la couture/ Un nɔ tɔ avɔ
1929.7
Je conduis/ Un ɖò hùn kun wɛ
1234.6
Je prie/ Un ɖò ɖɛ xò wɛ
969.3
J’écris/ Un nɔ wlan nǔ
739.0
Je fais ou me fais faire ma coiffure ou des soins esthétiques/ Un ɖò ɖa ce bló wɛ alǒ ɖò ɖa ce lɛ bló wɛ
615.1",Unknown,"Je cuisine/ Un ɖò nǔ ɖa wɛ
26.2
Je fais des tâches ménagères (par exemple, le ménage, la lessive, la vaisselle)/ Un ɖò xwégbezɔ́ lɛ wà wɛ (e.g., nǔsisɔ, nǔnya, agbán klɔ́)
26.0
Je me repose / me détends/ Un ɖò gbɔjɛ wɛ/ɖò gbɔjɛ wɛ
21.9
Working
10.1
Je passe du temps avec des amis/ Un ɖò hwenu zán wɛ xá mɛ xɔ́ntɔn lɛ
5.7
Je me prépare pour le travail/ Un ɖo nu sɔ wɛ bo na yi azɔmɛ
4.7
Rien, je n'écoute que la radio/ Nǔɖe ǎ, un nɔ ɖótó hladio kɛɖɛ
3.5
Je conduis/ Un ɖò hùn kun wɛ
1.5
Je fais ou me fais faire ma coiffure ou des soins esthétiques/ Un ɖò ɖa ce bló wɛ alǒ ɖò ɖa ce lɛ bló wɛ
0.2
Je prie/ Un ɖò ɖɛ xò wɛ
0.2","Je cuisine/ Un ɖò nǔ ɖa wɛ
19
Je fais des tâches ménagères (par exemple, le ménage, la lessive, la vaisselle)/ Un ɖò xwégbezɔ́ lɛ wà wɛ (e.g., nǔsisɔ, nǔnya, agbán klɔ́)
18
Je me repose / me détends/ Un ɖò gbɔjɛ wɛ/ɖò gbɔjɛ wɛ
28
Working
10
Je passe du temps avec des amis/ Un ɖò hwenu zán wɛ xá mɛ xɔ́ntɔn lɛ
6
Je me prépare pour le travail/ Un ɖo nu sɔ wɛ bo na yi azɔmɛ
9
Rien, je n'écoute que la radio/ Nǔɖe ǎ, un nɔ ɖótó hladio kɛɖɛ
2
Je conduis/ Un ɖò hùn kun wɛ
2
Je fais ou me fais faire ma coiffure ou des soins esthétiques/ Un ɖò ɖa ce bló wɛ alǒ ɖò ɖa ce lɛ bló wɛ
1
Je prie/ Un ɖò ɖɛ xò wɛ
1","Je cuisine/ Un ɖò nǔ ɖa wɛ
16264.8
Je fais des tâches ménagères (par exemple, le ménage, la lessive, la vaisselle)/ Un ɖò xwégbezɔ́ lɛ wà wɛ (e.g., nǔsisɔ, nǔnya, agbán klɔ́)
16117.0
Je me repose / me détends/ Un ɖò gbɔjɛ wɛ/ɖò gbɔjɛ wɛ
13602.7
Working
6249.7
Je passe du temps avec des amis/ Un ɖò hwenu zán wɛ xá mɛ xɔ́ntɔn lɛ
3506.7
Je me prépare pour le travail/ Un ɖo nu sɔ wɛ bo na yi azɔmɛ
2919.4
Rien, je n'écoute que la radio/ Nǔɖe ǎ, un nɔ ɖótó hladio kɛɖɛ
2170.7
Je conduis/ Un ɖò hùn kun wɛ
906.0
Je fais ou me fais faire ma coiffure ou des soins esthétiques/ Un ɖò ɖa ce bló wɛ alǒ ɖò ɖa ce lɛ bló wɛ
136.2
Je prie/ Un ɖò ɖɛ xò wɛ
127.9",Unknown,"Je me repose / me détends/ Un ɖò gbɔjɛ wɛ/ɖò gbɔjɛ wɛ
20.9
Rien, je n'écoute que la radio/ Nǔɖe ǎ, un nɔ ɖótó hladio kɛɖɛ
20.4
Je fais des tâches ménagères (par exemple, le ménage, la lessive, la vaisselle)/ Un ɖò xwégbezɔ́ lɛ wà wɛ (e.g., nǔsisɔ, nǔnya, agbán klɔ́)
19.4
Je cuisine/ Un ɖò nǔ ɖa wɛ
14.2
Working
10.1
Je passe du temps avec des amis/ Un ɖò hwenu zán wɛ xá mɛ xɔ́ntɔn lɛ
6.0
Je suis sur mon téléphone/ Un ɖò alokan ce jí
5.4
Je fais de la couture/ Un nɔ tɔ avɔ
2.4
Je me prépare pour le travail/ Un ɖo nu sɔ wɛ bo na yi azɔmɛ
0.6
Je lis (livres, journaux ou autres documents)/ Un ɖò nǔ xà wɛ (wema lɛ, xójlawema lɛ, alǒ nǔ ɖevo lɛ)
0.4
Caring for animals
0.2","Je me repose / me détends/ Un ɖò gbɔjɛ wɛ/ɖò gbɔjɛ wɛ
41
Rien, je n'écoute que la radio/ Nǔɖe ǎ, un nɔ ɖótó hladio kɛɖɛ
50
Je fais des tâches ménagères (par exemple, le ménage, la lessive, la vaisselle)/ Un ɖò xwégbezɔ́ lɛ wà wɛ (e.g., nǔsisɔ, nǔnya, agbán klɔ́)
50
Je cuisine/ Un ɖò nǔ ɖa wɛ
26
Working
27
Je passe du temps avec des amis/ Un ɖò hwenu zán wɛ xá mɛ xɔ́ntɔn lɛ
20
Je suis sur mon téléphone/ Un ɖò alokan ce jí
14
Je fais de la couture/ Un nɔ tɔ avɔ
4
Je me prépare pour le travail/ Un ɖo nu sɔ wɛ bo na yi azɔmɛ
2
Je lis (livres, journaux ou autres documents)/ Un ɖò nǔ xà wɛ (wema lɛ, xójlawema lɛ, alǒ nǔ ɖevo lɛ)
1
Caring for animals
1","Je me repose / me détends/ Un ɖò gbɔjɛ wɛ/ɖò gbɔjɛ wɛ
101651.2
Rien, je n'écoute que la radio/ Nǔɖe ǎ, un nɔ ɖótó hladio kɛɖɛ
99275.5
Je fais des tâches ménagères (par exemple, le ménage, la lessive, la vaisselle)/ Un ɖò xwégbezɔ́ lɛ wà wɛ (e.g., nǔsisɔ, nǔnya, agbán klɔ́)
94400.7
Je cuisine/ Un ɖò nǔ ɖa wɛ
69228.9
Working
49415.8
Je passe du temps avec des amis/ Un ɖò hwenu zán wɛ xá mɛ xɔ́ntɔn lɛ
29428.0
Je suis sur mon téléphone/ Un ɖò alokan ce jí
26434.0
Je fais de la couture/ Un nɔ tɔ avɔ
11701.5
Je me prépare pour le travail/ Un ɖo nu sɔ wɛ bo na yi azɔmɛ
2708.1
Je lis (livres, journaux ou autres documents)/ Un ɖò nǔ xà wɛ (wema lɛ, xójlawema lɛ, alǒ nǔ ɖevo lɛ)
1779.4
Caring for animals
1079.6",Unknown,"Je me repose / me détends/ Un ɖò gbɔjɛ wɛ/ɖò gbɔjɛ wɛ
27.0
Je suis sur mon téléphone/ Un ɖò alokan ce jí
15.5
Rien, je n'écoute que la radio/ Nǔɖe ǎ, un nɔ ɖótó hladio kɛɖɛ
14.1
Working
12.4
Je me prépare pour le travail/ Un ɖo nu sɔ wɛ bo na yi azɔmɛ
11.0
Je passe du temps avec des amis/ Un ɖò hwenu zán wɛ xá mɛ xɔ́ntɔn lɛ
11.0
Je fais des tâches ménagères (par exemple, le ménage, la lessive, la vaisselle)/ Un ɖò xwégbezɔ́ lɛ wà wɛ (e.g., nǔsisɔ, nǔnya, agbán klɔ́)
3.7
Je cuisine/ Un ɖò nǔ ɖa wɛ
3.1
Je lis (livres, journaux ou autres documents)/ Un ɖò nǔ xà wɛ (wema lɛ, xójlawema lɛ, alǒ nǔ ɖevo lɛ)
0.8
Je prie/ Un ɖò ɖɛ xò wɛ
0.8
Je fais de la couture/ Un nɔ tɔ avɔ
0.3","Je me repose / me détends/ Un ɖò gbɔjɛ wɛ/ɖò gbɔjɛ wɛ
26
Je suis sur mon téléphone/ Un ɖò alokan ce jí
8
Rien, je n'écoute que la radio/ Nǔɖe ǎ, un nɔ ɖótó hladio kɛɖɛ
12
Working
12
Je me prépare pour le travail/ Un ɖo nu sɔ wɛ bo na yi azɔmɛ
8
Je passe du temps avec des amis/ Un ɖò hwenu zán wɛ xá mɛ xɔ́ntɔn lɛ
8
Je fais des tâches ménagères (par exemple, le ménage, la lessive, la vaisselle)/ Un ɖò xwégbezɔ́ lɛ wà wɛ (e.g., nǔsisɔ, nǔnya, agbán klɔ́)
12
Je cuisine/ Un ɖò nǔ ɖa wɛ
13
Je lis (livres, journaux ou autres documents)/ Un ɖò nǔ xà wɛ (wema lɛ, xójlawema lɛ, alǒ nǔ ɖevo lɛ)
1
Je prie/ Un ɖò ɖɛ xò wɛ
1
Je fais de la couture/ Un nɔ tɔ avɔ
2","Je me repose / me détends/ Un ɖò gbɔjɛ wɛ/ɖò gbɔjɛ wɛ
36894.0
Je suis sur mon téléphone/ Un ɖò alokan ce jí
21170.4
Rien, je n'écoute que la radio/ Nǔɖe ǎ, un nɔ ɖótó hladio kɛɖɛ
19273.6
Working
16847.1
Je me prépare pour le travail/ Un ɖo nu sɔ wɛ bo na yi azɔmɛ
15067.2
Je passe du temps avec des amis/ Un ɖò hwenu zán wɛ xá mɛ xɔ́ntɔn lɛ
15066.0
Je fais des tâches ménagères (par exemple, le ménage, la lessive, la vaisselle)/ Un ɖò xwégbezɔ́ lɛ wà wɛ (e.g., nǔsisɔ, nǔnya, agbán klɔ́)
5103.5
Je cuisine/ Un ɖò nǔ ɖa wɛ
4283.2
Je lis (livres, journaux ou autres documents)/ Un ɖò nǔ xà wɛ (wema lɛ, xójlawema lɛ, alǒ nǔ ɖevo lɛ)
1144.3
Je prie/ Un ɖò ɖɛ xò wɛ
1144.3
Je fais de la couture/ Un nɔ tɔ avɔ
406.0",Unknown,"Je fais des tâches ménagères (par exemple, le ménage, la lessive, la vaisselle)/ Un ɖò xwégbezɔ́ lɛ wà wɛ (e.g., nǔsisɔ, nǔnya, agbán klɔ́)
33.3
Je me repose / me détends/ Un ɖò gbɔjɛ wɛ/ɖò gbɔjɛ wɛ
33.3
Je cuisine/ Un ɖò nǔ ɖa wɛ
25.0
Working
8.3","Je fais des tâches ménagères (par exemple, le ménage, la lessive, la vaisselle)/ Un ɖò xwégbezɔ́ lɛ wà wɛ (e.g., nǔsisɔ, nǔnya, agbán klɔ́)
4
Je me repose / me détends/ Un ɖò gbɔjɛ wɛ/ɖò gbɔjɛ wɛ
4
Je cuisine/ Un ɖò nǔ ɖa wɛ
3
Working
1","Je fais des tâches ménagères (par exemple, le ménage, la lessive, la vaisselle)/ Un ɖò xwégbezɔ́ lɛ wà wɛ (e.g., nǔsisɔ, nǔnya, agbán klɔ́)
29.5
Je me repose / me détends/ Un ɖò gbɔjɛ wɛ/ɖò gbɔjɛ wɛ
29.5
Je cuisine/ Un ɖò nǔ ɖa wɛ
22.2
Working
7.4",Unknown,"Je fais des tâches ménagères (par exemple, le ménage, la lessive, la vaisselle)/ Un ɖò xwégbezɔ́ lɛ wà wɛ (e.g., nǔsisɔ, nǔnya, agbán klɔ́)
78.1
Je me repose / me détends/ Un ɖò gbɔjɛ wɛ/ɖò gbɔjɛ wɛ
10.9
Je suis sur mon téléphone/ Un ɖò alokan ce jí
8.0
Je conduis/ Un ɖò hùn kun wɛ
3.0","Je fais des tâches ménagères (par exemple, le ménage, la lessive, la vaisselle)/ Un ɖò xwégbezɔ́ lɛ wà wɛ (e.g., nǔsisɔ, nǔnya, agbán klɔ́)
1
Je me repose / me détends/ Un ɖò gbɔjɛ wɛ/ɖò gbɔjɛ wɛ
2
Je suis sur mon téléphone/ Un ɖò alokan ce jí
1
Je conduis/ Un ɖò hùn kun wɛ
1","Je fais des tâches ménagères (par exemple, le ménage, la lessive, la vaisselle)/ Un ɖò xwégbezɔ́ lɛ wà wɛ (e.g., nǔsisɔ, nǔnya, agbán klɔ́)
1571.1
Je me repose / me détends/ Un ɖò gbɔjɛ wɛ/ɖò gbɔjɛ wɛ
219.9
Je suis sur mon téléphone/ Un ɖò alokan ce jí
159.9
Je conduis/ Un ɖò hùn kun wɛ
60.0",Unknown,"Je me repose / me détends/ Un ɖò gbɔjɛ wɛ/ɖò gbɔjɛ wɛ
19.1
Je me prépare pour le travail/ Un ɖo nu sɔ wɛ bo na yi azɔmɛ
17.6
Je passe du temps avec des amis/ Un ɖò hwenu zán wɛ xá mɛ xɔ́ntɔn lɛ
17.6
Je suis sur mon téléphone/ Un ɖò alokan ce jí
17.6
Je fais des tâches ménagères (par exemple, le ménage, la lessive, la vaisselle)/ Un ɖò xwégbezɔ́ lɛ wà wɛ (e.g., nǔsisɔ, nǔnya, agbán klɔ́)
11.8
Working
7.4
Rien, je n'écoute que la radio/ Nǔɖe ǎ, un nɔ ɖótó hladio kɛɖɛ
5.9
Je cuisine/ Un ɖò nǔ ɖa wɛ
1.5
Je prie/ Un ɖò ɖɛ xò wɛ
1.5","Je me repose / me détends/ Un ɖò gbɔjɛ wɛ/ɖò gbɔjɛ wɛ
3
Je me prépare pour le travail/ Un ɖo nu sɔ wɛ bo na yi azɔmɛ
2
Je passe du temps avec des amis/ Un ɖò hwenu zán wɛ xá mɛ xɔ́ntɔn lɛ
2
Je suis sur mon téléphone/ Un ɖò alokan ce jí
2
Je fais des tâches ménagères (par exemple, le ménage, la lessive, la vaisselle)/ Un ɖò xwégbezɔ́ lɛ wà wɛ (e.g., nǔsisɔ, nǔnya, agbán klɔ́)
1
Working
2
Rien, je n'écoute que la radio/ Nǔɖe ǎ, un nɔ ɖótó hladio kɛɖɛ
1
Je cuisine/ Un ɖò nǔ ɖa wɛ
1
Je prie/ Un ɖò ɖɛ xò wɛ
1","Je me repose / me détends/ Un ɖò gbɔjɛ wɛ/ɖò gbɔjɛ wɛ
636.1
Je me prépare pour le travail/ Un ɖo nu sɔ wɛ bo na yi azɔmɛ
587.2
Je passe du temps avec des amis/ Un ɖò hwenu zán wɛ xá mɛ xɔ́ntɔn lɛ
587.2
Je suis sur mon téléphone/ Un ɖò alokan ce jí
587.2
Je fais des tâches ménagères (par exemple, le ménage, la lessive, la vaisselle)/ Un ɖò xwégbezɔ́ lɛ wà wɛ (e.g., nǔsisɔ, nǔnya, agbán klɔ́)
391.5
Working
244.7
Rien, je n'écoute que la radio/ Nǔɖe ǎ, un nɔ ɖótó hladio kɛɖɛ
195.7
Je cuisine/ Un ɖò nǔ ɖa wɛ
48.9
Je prie/ Un ɖò ɖɛ xò wɛ
48.9",Unknown,"Je fais des tâches ménagères (par exemple, le ménage, la lessive, la vaisselle)/ Un ɖò xwégbezɔ́ lɛ wà wɛ (e.g., nǔsisɔ, nǔnya, agbán klɔ́)
38.0
Rien, je n'écoute que la radio/ Nǔɖe ǎ, un nɔ ɖótó hladio kɛɖɛ
24.1
Je me repose / me détends/ Un ɖò gbɔjɛ wɛ/ɖò gbɔjɛ wɛ
19.0
Working
6.8
Je me prépare pour le travail/ Un ɖo nu sɔ wɛ bo na yi azɔmɛ
4.5
Je passe du temps avec des amis/ Un ɖò hwenu zán wɛ xá mɛ xɔ́ntɔn lɛ
3.4
Je cuisine/ Un ɖò nǔ ɖa wɛ
2.7
Autre : veuillez préciser/ Ɖevo: kɛnklɛn ɖɔ
0.8
Je suis sur mon téléphone/ Un ɖò alokan ce jí
0.8","Je fais des tâches ménagères (par exemple, le ménage, la lessive, la vaisselle)/ Un ɖò xwégbezɔ́ lɛ wà wɛ (e.g., nǔsisɔ, nǔnya, agbán klɔ́)
14
Rien, je n'écoute que la radio/ Nǔɖe ǎ, un nɔ ɖótó hladio kɛɖɛ
12
Je me repose / me détends/ Un ɖò gbɔjɛ wɛ/ɖò gbɔjɛ wɛ
24
Working
10
Je me prépare pour le travail/ Un ɖo nu sɔ wɛ bo na yi azɔmɛ
3
Je passe du temps avec des amis/ Un ɖò hwenu zán wɛ xá mɛ xɔ́ntɔn lɛ
5
Je cuisine/ Un ɖò nǔ ɖa wɛ
1
Autre : veuillez préciser/ Ɖevo: kɛnklɛn ɖɔ
1
Je suis sur mon téléphone/ Un ɖò alokan ce jí
1","Je fais des tâches ménagères (par exemple, le ménage, la lessive, la vaisselle)/ Un ɖò xwégbezɔ́ lɛ wà wɛ (e.g., nǔsisɔ, nǔnya, agbán klɔ́)
85357.6
Rien, je n'écoute que la radio/ Nǔɖe ǎ, un nɔ ɖótó hladio kɛɖɛ
54218.8
Je me repose / me détends/ Un ɖò gbɔjɛ wɛ/ɖò gbɔjɛ wɛ
42791.7
Working
15185.3
Je me prépare pour le travail/ Un ɖo nu sɔ wɛ bo na yi azɔmɛ
10036.6
Je passe du temps avec des amis/ Un ɖò hwenu zán wɛ xá mɛ xɔ́ntɔn lɛ
7652.0
Je cuisine/ Un ɖò nǔ ɖa wɛ
6026.6
Autre : veuillez préciser/ Ɖevo: kɛnklɛn ɖɔ
1755.8
Je suis sur mon téléphone/ Un ɖò alokan ce jí
1755.8",Unknown
Radio Trust,"Je fais toujours confiance/ Un nɔ ɖeji hwebinu
58.1
La plupart du temps, j'ai confiance/ Hwenu gege ɔ un nɔ ɖeji
37.9
Je ne sais pas/ Un ma tuùn ǎ
1.0
Je préfère ne pas répondre/ Un nɔ yí wǎn nú xósin ǎ
1.0
La plupart du temps, je ne fais pas confiance/ Hwenu gege ɔ un nɔ ɖeji ǎ
1.0
Parfois, j'ai confiance/ Hweɖelɛnu ɔ un nɔ ɖeji
1.0","Je fais toujours confiance/ Un nɔ ɖeji hwebinu
13
La plupart du temps, j'ai confiance/ Hwenu gege ɔ un nɔ ɖeji
9
Je ne sais pas/ Un ma tuùn ǎ
1
Je préfère ne pas répondre/ Un nɔ yí wǎn nú xósin ǎ
1
La plupart du temps, je ne fais pas confiance/ Hwenu gege ɔ un nɔ ɖeji ǎ
1
Parfois, j'ai confiance/ Hweɖelɛnu ɔ un nɔ ɖeji
1","Je fais toujours confiance/ Un nɔ ɖeji hwebinu
2218.3
La plupart du temps, j'ai confiance/ Hwenu gege ɔ un nɔ ɖeji
1445.6
Je ne sais pas/ Un ma tuùn ǎ
38.5
Je préfère ne pas répondre/ Un nɔ yí wǎn nú xósin ǎ
38.5
La plupart du temps, je ne fais pas confiance/ Hwenu gege ɔ un nɔ ɖeji ǎ
38.5
Parfois, j'ai confiance/ Hweɖelɛnu ɔ un nɔ ɖeji
38.5",Unknown,"La plupart du temps, j'ai confiance/ Hwenu gege ɔ un nɔ ɖeji
84.9
Parfois, j'ai confiance/ Hweɖelɛnu ɔ un nɔ ɖeji
11.3
Je fais toujours confiance/ Un nɔ ɖeji hwebinu
3.8","La plupart du temps, j'ai confiance/ Hwenu gege ɔ un nɔ ɖeji
6
Parfois, j'ai confiance/ Hweɖelɛnu ɔ un nɔ ɖeji
3
Je fais toujours confiance/ Un nɔ ɖeji hwebinu
1","La plupart du temps, j'ai confiance/ Hwenu gege ɔ un nɔ ɖeji
1827.2
Parfois, j'ai confiance/ Hweɖelɛnu ɔ un nɔ ɖeji
243.6
Je fais toujours confiance/ Un nɔ ɖeji hwebinu
81.2",Unknown,"Parfois, j'ai confiance/ Hweɖelɛnu ɔ un nɔ ɖeji
64.5
Je fais toujours confiance/ Un nɔ ɖeji hwebinu
26.5
La plupart du temps, j'ai confiance/ Hwenu gege ɔ un nɔ ɖeji
8.8
La plupart du temps, je ne fais pas confiance/ Hwenu gege ɔ un nɔ ɖeji ǎ
0.2
Je ne fais jamais confiance/ Un nɔ ɖeji gbeɖe a
0.0","Parfois, j'ai confiance/ Hweɖelɛnu ɔ un nɔ ɖeji
111
Je fais toujours confiance/ Un nɔ ɖeji hwebinu
168
La plupart du temps, j'ai confiance/ Hwenu gege ɔ un nɔ ɖeji
61
La plupart du temps, je ne fais pas confiance/ Hwenu gege ɔ un nɔ ɖeji ǎ
4
Je ne fais jamais confiance/ Un nɔ ɖeji gbeɖe a
2","Parfois, j'ai confiance/ Hweɖelɛnu ɔ un nɔ ɖeji
248930.1
Je fais toujours confiance/ Un nɔ ɖeji hwebinu
102241.9
La plupart du temps, j'ai confiance/ Hwenu gege ɔ un nɔ ɖeji
33968.1
La plupart du temps, je ne fais pas confiance/ Hwenu gege ɔ un nɔ ɖeji ǎ
666.9
Je ne fais jamais confiance/ Un nɔ ɖeji gbeɖe a
163.7",Unknown,"Je fais toujours confiance/ Un nɔ ɖeji hwebinu
65.7
La plupart du temps, j'ai confiance/ Hwenu gege ɔ un nɔ ɖeji
23.6
Parfois, j'ai confiance/ Hweɖelɛnu ɔ un nɔ ɖeji
10.7","Je fais toujours confiance/ Un nɔ ɖeji hwebinu
16
La plupart du temps, j'ai confiance/ Hwenu gege ɔ un nɔ ɖeji
15
Parfois, j'ai confiance/ Hweɖelɛnu ɔ un nɔ ɖeji
8","Je fais toujours confiance/ Un nɔ ɖeji hwebinu
18511.4
La plupart du temps, j'ai confiance/ Hwenu gege ɔ un nɔ ɖeji
6656.7
Parfois, j'ai confiance/ Hweɖelɛnu ɔ un nɔ ɖeji
3004.0",Unknown,"Je fais toujours confiance/ Un nɔ ɖeji hwebinu
73.7
La plupart du temps, j'ai confiance/ Hwenu gege ɔ un nɔ ɖeji
17.9
Parfois, j'ai confiance/ Hweɖelɛnu ɔ un nɔ ɖeji
8.4","Je fais toujours confiance/ Un nɔ ɖeji hwebinu
120
La plupart du temps, j'ai confiance/ Hwenu gege ɔ un nɔ ɖeji
27
Parfois, j'ai confiance/ Hweɖelɛnu ɔ un nɔ ɖeji
12","Je fais toujours confiance/ Un nɔ ɖeji hwebinu
249285.3
La plupart du temps, j'ai confiance/ Hwenu gege ɔ un nɔ ɖeji
60603.1
Parfois, j'ai confiance/ Hweɖelɛnu ɔ un nɔ ɖeji
28560.8",Unknown,"La plupart du temps, j'ai confiance/ Hwenu gege ɔ un nɔ ɖeji
45.9
Je fais toujours confiance/ Un nɔ ɖeji hwebinu
41.4
Parfois, j'ai confiance/ Hweɖelɛnu ɔ un nɔ ɖeji
7.8
La plupart du temps, je ne fais pas confiance/ Hwenu gege ɔ un nɔ ɖeji ǎ
4.5
Je ne fais jamais confiance/ Un nɔ ɖeji gbeɖe a
0.2
Je ne sais pas/ Un ma tuùn ǎ
0.2","La plupart du temps, j'ai confiance/ Hwenu gege ɔ un nɔ ɖeji
18
Je fais toujours confiance/ Un nɔ ɖeji hwebinu
18
Parfois, j'ai confiance/ Hweɖelɛnu ɔ un nɔ ɖeji
5
La plupart du temps, je ne fais pas confiance/ Hwenu gege ɔ un nɔ ɖeji ǎ
2
Je ne fais jamais confiance/ Un nɔ ɖeji gbeɖe a
1
Je ne sais pas/ Un ma tuùn ǎ
1","La plupart du temps, j'ai confiance/ Hwenu gege ɔ un nɔ ɖeji
20091.1
Je fais toujours confiance/ Un nɔ ɖeji hwebinu
18122.4
Parfois, j'ai confiance/ Hweɖelɛnu ɔ un nɔ ɖeji
3418.9
La plupart du temps, je ne fais pas confiance/ Hwenu gege ɔ un nɔ ɖeji ǎ
1978.8
Je ne fais jamais confiance/ Un nɔ ɖeji gbeɖe a
81.2
Je ne sais pas/ Un ma tuùn ǎ
81.2",Unknown,"Parfois, j'ai confiance/ Hweɖelɛnu ɔ un nɔ ɖeji
85.7
Je fais toujours confiance/ Un nɔ ɖeji hwebinu
14.3","Parfois, j'ai confiance/ Hweɖelɛnu ɔ un nɔ ɖeji
6
Je fais toujours confiance/ Un nɔ ɖeji hwebinu
1","Parfois, j'ai confiance/ Hweɖelɛnu ɔ un nɔ ɖeji
44.3
Je fais toujours confiance/ Un nɔ ɖeji hwebinu
7.4",Unknown,"La plupart du temps, j'ai confiance/ Hwenu gege ɔ un nɔ ɖeji
91.1
Parfois, j'ai confiance/ Hweɖelɛnu ɔ un nɔ ɖeji
8.9","La plupart du temps, j'ai confiance/ Hwenu gege ɔ un nɔ ɖeji
2
Parfois, j'ai confiance/ Hweɖelɛnu ɔ un nɔ ɖeji
1","La plupart du temps, j'ai confiance/ Hwenu gege ɔ un nɔ ɖeji
1631.1
Parfois, j'ai confiance/ Hweɖelɛnu ɔ un nɔ ɖeji
159.9",Unknown,"La plupart du temps, j'ai confiance/ Hwenu gege ɔ un nɔ ɖeji
71.4
Je fais toujours confiance/ Un nɔ ɖeji hwebinu
28.6","La plupart du temps, j'ai confiance/ Hwenu gege ɔ un nɔ ɖeji
3
Je fais toujours confiance/ Un nɔ ɖeji hwebinu
1","La plupart du temps, j'ai confiance/ Hwenu gege ɔ un nɔ ɖeji
489.3
Je fais toujours confiance/ Un nɔ ɖeji hwebinu
195.7",Unknown,"Je fais toujours confiance/ Un nɔ ɖeji hwebinu
80.7
La plupart du temps, j'ai confiance/ Hwenu gege ɔ un nɔ ɖeji
12.1
Parfois, j'ai confiance/ Hweɖelɛnu ɔ un nɔ ɖeji
6.4
Je ne fais jamais confiance/ Un nɔ ɖeji gbeɖe a
0.9","Je fais toujours confiance/ Un nɔ ɖeji hwebinu
35
La plupart du temps, j'ai confiance/ Hwenu gege ɔ un nɔ ɖeji
10
Parfois, j'ai confiance/ Hweɖelɛnu ɔ un nɔ ɖeji
4
Je ne fais jamais confiance/ Un nɔ ɖeji gbeɖe a
1","Je fais toujours confiance/ Un nɔ ɖeji hwebinu
140216.9
La plupart du temps, j'ai confiance/ Hwenu gege ɔ un nɔ ɖeji
20951.0
Parfois, j'ai confiance/ Hweɖelɛnu ɔ un nɔ ɖeji
11163.6
Je ne fais jamais confiance/ Un nɔ ɖeji gbeɖe a
1506.7",Unknown
Radio Influence,"Oui/ Ɛɛn
52.5
Cela dépend des auditeurs ; certains ne changeront pas d'avis/ É nɔ sín tóɖómɛtɔ́ lɛ wu; mɛɖe lɛ na ɖyɔ linlin yetɔn ǎ
43.4
Cela dépend de la qualité/du contenu des publicités ou des émissions radiophoniques/ É nɔ sín ɖagbe/nǔ e ɖò ajɔ̌jlájlá lɛ alǒ hladio jí lɛ é wu
2.0
Je ne sais pas/ Un tuùn ǎ
2.0","Oui/ Ɛɛn
17
Cela dépend des auditeurs ; certains ne changeront pas d'avis/ É nɔ sín tóɖómɛtɔ́ lɛ wu; mɛɖe lɛ na ɖyɔ linlin yetɔn ǎ
5
Cela dépend de la qualité/du contenu des publicités ou des émissions radiophoniques/ É nɔ sín ɖagbe/nǔ e ɖò ajɔ̌jlájlá lɛ alǒ hladio jí lɛ é wu
2
Je ne sais pas/ Un tuùn ǎ
2","Oui/ Ɛɛn
2005.3
Cela dépend des auditeurs ; certains ne changeront pas d'avis/ É nɔ sín tóɖómɛtɔ́ lɛ wu; mɛɖe lɛ na ɖyɔ linlin yetɔn ǎ
1658.6
Cela dépend de la qualité/du contenu des publicités ou des émissions radiophoniques/ É nɔ sín ɖagbe/nǔ e ɖò ajɔ̌jlájlá lɛ alǒ hladio jí lɛ é wu
76.9
Je ne sais pas/ Un tuùn ǎ
76.9",Unknown,"Cela dépend des auditeurs ; certains ne changeront pas d'avis/ É nɔ sín tóɖómɛtɔ́ lɛ wu; mɛɖe lɛ na ɖyɔ linlin yetɔn ǎ
56.6
Oui/ Ɛɛn
32.1
Je ne sais pas/ Un tuùn ǎ
11.3","Cela dépend des auditeurs ; certains ne changeront pas d'avis/ É nɔ sín tóɖómɛtɔ́ lɛ wu; mɛɖe lɛ na ɖyɔ linlin yetɔn ǎ
4
Oui/ Ɛɛn
3
Je ne sais pas/ Un tuùn ǎ
3","Cela dépend des auditeurs ; certains ne changeront pas d'avis/ É nɔ sín tóɖómɛtɔ́ lɛ wu; mɛɖe lɛ na ɖyɔ linlin yetɔn ǎ
1218.1
Oui/ Ɛɛn
690.3
Je ne sais pas/ Un tuùn ǎ
243.6",Unknown,"Cela dépend de la qualité/du contenu des publicités ou des émissions radiophoniques/ É nɔ sín ɖagbe/nǔ e ɖò ajɔ̌jlájlá lɛ alǒ hladio jí lɛ é wu
36.4
Oui/ Ɛɛn
34.2
Cela dépend des auditeurs ; certains ne changeront pas d'avis/ É nɔ sín tóɖómɛtɔ́ lɛ wu; mɛɖe lɛ na ɖyɔ linlin yetɔn ǎ
27.6
Je ne sais pas/ Un tuùn ǎ
1.2
Non/ Éo
0.6","Cela dépend de la qualité/du contenu des publicités ou des émissions radiophoniques/ É nɔ sín ɖagbe/nǔ e ɖò ajɔ̌jlájlá lɛ alǒ hladio jí lɛ é wu
76
Oui/ Ɛɛn
184
Cela dépend des auditeurs ; certains ne changeront pas d'avis/ É nɔ sín tóɖómɛtɔ́ lɛ wu; mɛɖe lɛ na ɖyɔ linlin yetɔn ǎ
58
Je ne sais pas/ Un tuùn ǎ
17
Non/ Éo
11","Cela dépend de la qualité/du contenu des publicités ou des émissions radiophoniques/ É nɔ sín ɖagbe/nǔ e ɖò ajɔ̌jlájlá lɛ alǒ hladio jí lɛ é wu
140587.4
Oui/ Ɛɛn
131931.5
Cela dépend des auditeurs ; certains ne changeront pas d'avis/ É nɔ sín tóɖómɛtɔ́ lɛ wu; mɛɖe lɛ na ɖyɔ linlin yetɔn ǎ
106540.8
Je ne sais pas/ Un tuùn ǎ
4608.4
Non/ Éo
2302.5",Unknown,"Oui/ Ɛɛn
80.5
Cela dépend de la qualité/du contenu des publicités ou des émissions radiophoniques/ É nɔ sín ɖagbe/nǔ e ɖò ajɔ̌jlájlá lɛ alǒ hladio jí lɛ é wu
9.4
Cela dépend des auditeurs ; certains ne changeront pas d'avis/ É nɔ sín tóɖómɛtɔ́ lɛ wu; mɛɖe lɛ na ɖyɔ linlin yetɔn ǎ
7.2
Je ne sais pas/ Un tuùn ǎ
2.9","Oui/ Ɛɛn
24
Cela dépend de la qualité/du contenu des publicités ou des émissions radiophoniques/ É nɔ sín ɖagbe/nǔ e ɖò ajɔ̌jlájlá lɛ alǒ hladio jí lɛ é wu
2
Cela dépend des auditeurs ; certains ne changeront pas d'avis/ É nɔ sín tóɖómɛtɔ́ lɛ wu; mɛɖe lɛ na ɖyɔ linlin yetɔn ǎ
7
Je ne sais pas/ Un tuùn ǎ
6","Oui/ Ɛɛn
22676.1
Cela dépend de la qualité/du contenu des publicités ou des émissions radiophoniques/ É nɔ sín ɖagbe/nǔ e ɖò ajɔ̌jlájlá lɛ alǒ hladio jí lɛ é wu
2658.9
Cela dépend des auditeurs ; certains ne changeront pas d'avis/ É nɔ sín tóɖómɛtɔ́ lɛ wu; mɛɖe lɛ na ɖyɔ linlin yetɔn ǎ
2030.0
Je ne sais pas/ Un tuùn ǎ
807.1",Unknown,"Oui/ Ɛɛn
54.0
Cela dépend de la qualité/du contenu des publicités ou des émissions radiophoniques/ É nɔ sín ɖagbe/nǔ e ɖò ajɔ̌jlájlá lɛ alǒ hladio jí lɛ é wu
25.6
Cela dépend des auditeurs ; certains ne changeront pas d'avis/ É nɔ sín tóɖómɛtɔ́ lɛ wu; mɛɖe lɛ na ɖyɔ linlin yetɔn ǎ
19.8
Je ne sais pas/ Un tuùn ǎ
0.5","Oui/ Ɛɛn
87
Cela dépend de la qualité/du contenu des publicités ou des émissions radiophoniques/ É nɔ sín ɖagbe/nǔ e ɖò ajɔ̌jlájlá lɛ alǒ hladio jí lɛ é wu
40
Cela dépend des auditeurs ; certains ne changeront pas d'avis/ É nɔ sín tóɖómɛtɔ́ lɛ wu; mɛɖe lɛ na ɖyɔ linlin yetɔn ǎ
31
Je ne sais pas/ Un tuùn ǎ
1","Oui/ Ɛɛn
182835.0
Cela dépend de la qualité/du contenu des publicités ou des émissions radiophoniques/ É nɔ sín ɖagbe/nǔ e ɖò ajɔ̌jlájlá lɛ alǒ hladio jí lɛ é wu
86809.7
Cela dépend des auditeurs ; certains ne changeront pas d'avis/ É nɔ sín tóɖómɛtɔ́ lɛ wu; mɛɖe lɛ na ɖyɔ linlin yetɔn ǎ
67176.0
Je ne sais pas/ Un tuùn ǎ
1628.5",Unknown,"Oui/ Ɛɛn
62.7
Cela dépend des auditeurs ; certains ne changeront pas d'avis/ É nɔ sín tóɖómɛtɔ́ lɛ wu; mɛɖe lɛ na ɖyɔ linlin yetɔn ǎ
26.3
Je ne sais pas/ Un tuùn ǎ
5.6
Cela dépend de la qualité/du contenu des publicités ou des émissions radiophoniques/ É nɔ sín ɖagbe/nǔ e ɖò ajɔ̌jlájlá lɛ alǒ hladio jí lɛ é wu
3.3
Non/ Éo
2.2","Oui/ Ɛɛn
23
Cela dépend des auditeurs ; certains ne changeront pas d'avis/ É nɔ sín tóɖómɛtɔ́ lɛ wu; mɛɖe lɛ na ɖyɔ linlin yetɔn ǎ
10
Je ne sais pas/ Un tuùn ǎ
3
Cela dépend de la qualité/du contenu des publicités ou des émissions radiophoniques/ É nɔ sín ɖagbe/nǔ e ɖò ajɔ̌jlájlá lɛ alǒ hladio jí lɛ é wu
7
Non/ Éo
2","Oui/ Ɛɛn
27446.3
Cela dépend des auditeurs ; certains ne changeront pas d'avis/ É nɔ sín tóɖómɛtɔ́ lɛ wu; mɛɖe lɛ na ɖyɔ linlin yetɔn ǎ
11509.3
Je ne sais pas/ Un tuùn ǎ
2441.4
Cela dépend de la qualité/du contenu des publicités ou des émissions radiophoniques/ É nɔ sín ɖagbe/nǔ e ɖò ajɔ̌jlájlá lɛ alǒ hladio jí lɛ é wu
1423.0
Non/ Éo
953.6",Unknown,"Cela dépend de la qualité/du contenu des publicités ou des émissions radiophoniques/ É nɔ sín ɖagbe/nǔ e ɖò ajɔ̌jlájlá lɛ alǒ hladio jí lɛ é wu
57.1
Non/ Éo
28.6
Oui/ Ɛɛn
14.3","Cela dépend de la qualité/du contenu des publicités ou des émissions radiophoniques/ É nɔ sín ɖagbe/nǔ e ɖò ajɔ̌jlájlá lɛ alǒ hladio jí lɛ é wu
4
Non/ Éo
2
Oui/ Ɛɛn
1","Cela dépend de la qualité/du contenu des publicités ou des émissions radiophoniques/ É nɔ sín ɖagbe/nǔ e ɖò ajɔ̌jlájlá lɛ alǒ hladio jí lɛ é wu
29.5
Non/ Éo
14.8
Oui/ Ɛɛn
7.4",Unknown,"Cela dépend des auditeurs ; certains ne changeront pas d'avis/ É nɔ sín tóɖómɛtɔ́ lɛ wu; mɛɖe lɛ na ɖyɔ linlin yetɔn ǎ
87.7
Oui/ Ɛɛn
12.3","Cela dépend des auditeurs ; certains ne changeront pas d'avis/ É nɔ sín tóɖómɛtɔ́ lɛ wu; mɛɖe lɛ na ɖyɔ linlin yetɔn ǎ
1
Oui/ Ɛɛn
2","Cela dépend des auditeurs ; certains ne changeront pas d'avis/ É nɔ sín tóɖómɛtɔ́ lɛ wu; mɛɖe lɛ na ɖyɔ linlin yetɔn ǎ
1571.1
Oui/ Ɛɛn
219.9",Unknown,"Oui/ Ɛɛn
64.3
Cela dépend des auditeurs ; certains ne changeront pas d'avis/ É nɔ sín tóɖómɛtɔ́ lɛ wu; mɛɖe lɛ na ɖyɔ linlin yetɔn ǎ
28.6
Non/ Éo
7.1","Oui/ Ɛɛn
2
Cela dépend des auditeurs ; certains ne changeront pas d'avis/ É nɔ sín tóɖómɛtɔ́ lɛ wu; mɛɖe lɛ na ɖyɔ linlin yetɔn ǎ
1
Non/ Éo
1","Oui/ Ɛɛn
440.4
Cela dépend des auditeurs ; certains ne changeront pas d'avis/ É nɔ sín tóɖómɛtɔ́ lɛ wu; mɛɖe lɛ na ɖyɔ linlin yetɔn ǎ
195.7
Non/ Éo
48.9",Unknown,"Cela dépend des auditeurs ; certains ne changeront pas d'avis/ É nɔ sín tóɖómɛtɔ́ lɛ wu; mɛɖe lɛ na ɖyɔ linlin yetɔn ǎ
45.7
Oui/ Ɛɛn
34.8
Cela dépend de la qualité/du contenu des publicités ou des émissions radiophoniques/ É nɔ sín ɖagbe/nǔ e ɖò ajɔ̌jlájlá lɛ alǒ hladio jí lɛ é wu
17.2
Je ne sais pas/ Un tuùn ǎ
2.4","Cela dépend des auditeurs ; certains ne changeront pas d'avis/ É nɔ sín tóɖómɛtɔ́ lɛ wu; mɛɖe lɛ na ɖyɔ linlin yetɔn ǎ
18
Oui/ Ɛɛn
19
Cela dépend de la qualité/du contenu des publicités ou des émissions radiophoniques/ É nɔ sín ɖagbe/nǔ e ɖò ajɔ̌jlájlá lɛ alǒ hladio jí lɛ é wu
10
Je ne sais pas/ Un tuùn ǎ
3","Cela dépend des auditeurs ; certains ne changeront pas d'avis/ É nɔ sín tóɖómɛtɔ́ lɛ wu; mɛɖe lɛ na ɖyɔ linlin yetɔn ǎ
79378.0
Oui/ Ɛɛn
60499.8
Cela dépend de la qualité/du contenu des publicités ou des émissions radiophoniques/ É nɔ sín ɖagbe/nǔ e ɖò ajɔ̌jlájlá lɛ alǒ hladio jí lɛ é wu
29820.1
Je ne sais pas/ Un tuùn ǎ
4140.4",Unknown
