Question,2026-01-29_155911_radio bénin culture_GW_50,2026-01-29_155911_radio bénin culture_GW_50_n,2026-01-29_155911_radio bénin culture_GW_50_wn,2026-01-29_155911_radio bénin culture_GW_50_state,2026-01-29_160556_bip radio_GW_50,2026-01-29_160556_bip radio_GW_50_n,2026-01-29_160556_bip radio_GW_50_wn,2026-01-29_160556_bip radio_GW_50_state,2026-01-29_161039_couffo_GW_50,2026-01-29_161039_couffo_GW_50_n,2026-01-29_161039_couffo_GW_50_wn,2026-01-29_161039_couffo_GW_50_state,2026-01-29_161339_adja ouere_GW_50,2026-01-29_161339_adja ouere_GW_50_n,2026-01-29_161339_adja ouere_GW_50_wn,2026-01-29_161339_adja ouere_GW_50_state,2026-01-29_161633_deeman radio_GW_50,2026-01-29_161633_deeman radio_GW_50_n,2026-01-29_161633_deeman radio_GW_50_wn,2026-01-29_161633_deeman radio_GW_50_state,2026-01-29_161728_ortb_GW_50,2026-01-29_161728_ortb_GW_50_n,2026-01-29_161728_ortb_GW_50_wn,2026-01-29_161728_ortb_GW_50_state,2026-01-29_162016_Radio TONASSE (higher antenna)_GW_50,2026-01-29_162016_Radio TONASSE (higher antenna)_GW_50_n,2026-01-29_162016_Radio TONASSE (higher antenna)_GW_50_wn,2026-01-29_162016_Radio TONASSE (higher antenna)_GW_50_state,2026-01-29_162256_Radio TONIGNON_GW_50,2026-01-29_162256_Radio TONIGNON_GW_50_n,2026-01-29_162256_Radio TONIGNON_GW_50_wn,2026-01-29_162256_Radio TONIGNON_GW_50_state,2026-01-29_162351_la voix de la vallee [location 2]_GW_50,2026-01-29_162351_la voix de la vallee [location 2]_GW_50_n,2026-01-29_162351_la voix de la vallee [location 2]_GW_50_wn,2026-01-29_162351_la voix de la vallee [location 2]_GW_50_state,2026-01-29_165417_Solidarité FM_GW_50,2026-01-29_165417_Solidarité FM_GW_50_n,2026-01-29_165417_Solidarité FM_GW_50_wn,2026-01-29_165417_Solidarité FM_GW_50_state
Station Most Listened,"Capp FM
18.0
ORTB FM
17.5
Radio wekê
12.1
Alliance FM
5.8
Lama FM
5.8
Tokpa FM
5.7
La Voix de la Vallée
5.6
Radio wêkè Alléluia FM
5.0
Radio wêkè Hozanna
3.9
Radio weke
2.8
Radio Wèkè
2.5
Radio wekê Peace fm
2.4
radio Alliance
1.4
Radio LAMA
1.4
Radio wêkè
1.3
Radio wêkè Alléluia FM Radio protestante
1.1
Radio Attakè Radio wekê Benin alafia
1.0
Radio wêkè Radio hozanna
1.0
Radio wekê Radio Attakè
1.0
radio Alléluia
0.8
Alléluia fm
0.8
Radio Attakè Radio wêkè Radio Alléluia FM
0.5
Radio Alléluia FM
0.5
Radio wêkè Radio Attakè
0.5
Radio wêkè Radio Attakè Alléluia FM Radio hossana
0.5
Radio Wêkè Radio Attakè
0.5
Radio Wèkè et radio Alléluia FM
0.3
Alléluia Fm
0.3
Alléluia FM 96.5 Hosanna fm
0.2","Capp FM
14
ORTB FM
10
Radio wekê
9
Alliance FM
1
Lama FM
1
Tokpa FM
6
La Voix de la Vallée
3
Radio wêkè Alléluia FM
3
Radio wêkè Hozanna
1
Radio weke
11
Radio Wèkè
10
Radio wekê Peace fm
1
radio Alliance
1
Radio LAMA
1
Radio wêkè
2
Radio wêkè Alléluia FM Radio protestante
1
Radio Attakè Radio wekê Benin alafia
1
Radio wêkè Radio hozanna
1
Radio wekê Radio Attakè
1
radio Alléluia
3
Alléluia fm
3
Radio Attakè Radio wêkè Radio Alléluia FM
1
Radio Alléluia FM
2
Radio wêkè Radio Attakè
1
Radio wêkè Radio Attakè Alléluia FM Radio hossana
1
Radio Wêkè Radio Attakè
1
Radio Wèkè et radio Alléluia FM
1
Alléluia Fm
1
Alléluia FM 96.5 Hosanna fm
1","Capp FM
2607.2
ORTB FM
2538.1
Radio wekê
1752.4
Alliance FM
835.5
Lama FM
835.5
Tokpa FM
831.1
La Voix de la Vallée
809.4
Radio wêkè Alléluia FM
732.3
Radio wêkè Hozanna
571.7
Radio weke
407.1
Radio Wèkè
368.6
Radio wekê Peace fm
346.9
radio Alliance
208.9
Radio LAMA
208.9
Radio wêkè
184.3
Radio wêkè Alléluia FM Radio protestante
154.2
Radio Attakè Radio wekê Benin alafia
142.9
Radio wêkè Radio hozanna
142.9
Radio wekê Radio Attakè
142.9
radio Alléluia
110.0
Alléluia fm
110.0
Radio Attakè Radio wêkè Radio Alléluia FM
77.1
Radio Alléluia FM
77.1
Radio wêkè Radio Attakè
71.5
Radio wêkè Radio Attakè Alléluia FM Radio hossana
71.5
Radio Wêkè Radio Attakè
71.5
Radio Wèkè et radio Alléluia FM
38.5
Alléluia Fm
38.5
Alléluia FM 96.5 Hosanna fm
35.7",Unknown,"Capp FM
25.4
ORTB FM
19.5
Radio Kpassè
14.2
Tokpa FM
10.7
Soleil fm
10.1
La Voix de la Vallée
5.3
Radio Sedohoun
5.3
Radio Gbéti
2.4
Je ne sais pas : Un tuùn ǎ
1.2
Maranatha FM
1.2
Radio GBÉTI
1.2
Radio Gbéti 88.1FM
1.2
Radio Immaculée
1.2
Radio Kpassè Radio Gbètin La voix de la lama
1.2","Capp FM
5
ORTB FM
3
Radio Kpassè
2
Tokpa FM
1
Soleil fm
2
La Voix de la Vallée
1
Radio Sedohoun
1
Radio Gbéti
2
Je ne sais pas : Un tuùn ǎ
1
Maranatha FM
1
Radio GBÉTI
1
Radio Gbéti 88.1FM
1
Radio Immaculée
1
Radio Kpassè Radio Gbètin La voix de la lama
1","Capp FM
1738.4
ORTB FM
1334.1
Radio Kpassè
970.3
Tokpa FM
727.7
Soleil fm
687.3
La Voix de la Vallée
363.8
Radio Sedohoun
363.8
Radio Gbéti
161.7
Je ne sais pas : Un tuùn ǎ
80.9
Maranatha FM
80.9
Radio GBÉTI
80.9
Radio Gbéti 88.1FM
80.9
Radio Immaculée
80.9
Radio Kpassè Radio Gbètin La voix de la lama
80.9",Unknown,"ORTB FM
14.3
Radio Tonnasse
12.3
FM Alakétou
12.0
Ala ketou FM
10.8
ALAFIA FM
9.6
radio bénin Alafia
4.8
Radio Sedohoun
4.1
Radio bénin Alafia
3.6
ADJA OUERE FM
3.2
La Voix de la Vallée
2.4
Radio Alakétou
2.4
Capp FM
2.3
Radio pobe
1.2
radio FM Alakétou
1.2
Ketou FM
1.2
ALAFIA FM et Ala ketou FM
1.2
Alliance FM
0.9
Bénin Alafia
0.6
Radio Carrefour
0.6
Lama FM
0.6
Lama
0.6
Alliance
0.5
Tokpa FM
0.5
Diaspora FM
0.5
La voix de la lama
0.4
Nanto FM
0.4
Lama fm
0.4
Immaculée Conception
0.3
Radio Tonignon
0.3
la voix de la lama
0.2
Ahémé FM
0.2
Maranatha FM
0.2
La voix de la lama Alliance fm
0.2
Radio LAMA
0.2
Bip Radio
0.2
Alléluia FM
0.2
Comé
0.2
Radio lalo
0.2
Gerdes FM
0.1
Couffo FM
0.1
radio la voix de la lama
0.1
Radio immaculée
0.1
Immaculée
0.1
Radio ALLIANCE
0.1
La voix de la lama Alliance FM
0.1
Ocean FM
0.1
Alafia
0.1
Royal
0.1
Lalo FM
0.1
Radio Bénin alafia Radio lama
0.1
Radio Bénin alafia Lama fm
0.1
Radio Bénin Culture
0.1
Radio Bénin Alafia
0.1
Alliance fm
0.1
radio immaculée
0.1
RFI
0.1
Radio Bénin alafia Alliance fm La voix de la lama
0.1
Zomatchi
0.1
Radio misserrete
0.1
Radio lama Alliance fm Golf fm
0.1
Voix de la lama
0.1
Radio Bénin Alafia.
0.1
Radio lama Immaculée conception radio
0.1
immaculée Alliance FM
0.1
Radio Bénin alafia
0.1
Ahémé
0.1
Benin alafia Lama fm
0.1
Radio Immaculée conception
0.1
Lama fm Benin alafia
0.1
Radio Agbotagon
0.1
Royal Fm
0.1
Kpassè
0.1
radio Bénin alafia
0.1
Radio la diaspora
0.1
Allodo FM
0.1
radio Agbotagon
0.1
Lalo
0.1
Trait-Union
0.1
immaculée conception
0.0
Alliance FM La voix de la lama Immaculée conception
0.0
Lama fm Radio Bénin alafia
0.0
Frisson
0.0
Radio Immaculée
0.0
Jakora FM Immaculée FM Alliance FM
0.0
Alliance FM Immaculée conception
0.0
Je ne maîtrise pas le nom des chaînes Mais j'écoute la radio
0.0
Alliance fm Radio immaculée
0.0
Radio Cotonou
0.0
Kpossotome
0.0
Immaculée conception
0.0
Fm Aheme
0.0
Gbeti.
0.0
Mono Fm
0.0
kpassè
0.0
Sauveur FM
0.0
Comé FM.
0.0
Lama fm Immaculée conception
0.0
Radio lama Royal fm Tonignon
0.0
Radio lama Alliance Radio immaculée conception
0.0
Radio lama Alliance fm
0.0
Royal FM
0.0
Royale FM
0.0
Maranatha
0.0
Weke
0.0
Allohado FM
0.0
Benin Alafia
0.0
Agbanyizoun
0.0
Radio Alliance
0.0
Alakétou FM
0.0
Radio trait d'union (bohicon)
0.0
radio Alliance
0.0
Gbeti
0.0
Radio Lalo
0.0
Alliance fm Lama fm
0.0
ALLOHADO FM
0.0
Alléluia fm
0.0
Radio weke (fréquence inconnue)
0.0
Il y a une autre radio que j: écoute mais j'ai oublié le nom
0.0
Trait d'union émettant depuis Bohicon
0.0
c'est quelque chose FM..
0.0
Radio la voix de la LAMA 103.8
0.0
Radio la voix de la lama
0.0
immaculée
0.0
108.3
0.0
LALO FM
0.0
Fm Aheme Kpasse
0.0
Mono FM.
0.0
Radio Alafia
0.0
Tado fm Sogema fm
0.0
Radio Parakou
0.0
radio alliance
0.0
alafia
0.0
mais j'ignore le nom des chaînes
0.0
J'écoute d'autres à part la vallée
0.0
radio Zogbodomey
0.0
Atlantique FM
0.0
Radio aloxado
0.0
Je ne sais pas : Un tuùn ǎ
0.0
LAMA FM
0.0
Radio Alliance et Radio LAMA
0.0
Radia LAMA
0.0
radio Alliance fm
0.0
TRAIT-D'UNION
0.0
Diaspora 102.3 FM.
0.0
radio Alafia
0.0
Radio bénin Alafia Radio Lalo
0.0
Imonle fm
0.0
Kpossotome Come
0.0
Fm 98.09
0.0
Fm Aheme 87.7
0.0
Radio possotome 97.7
0.0
radio LAMA
0.0
Alliance Fm
0.0
ALAFIA FM Cotonou
0.0
radio lokiki
0.0
Radio Lalo Coufo FM
0.0
radio aloxado
0.0
GASSOU FM
0.0
Allohado 104.1 FM
0.0
radio Agbangnizou
0.0
Alléluia Fm
0.0
ROYALE FM
0.0
Immaculée FM
0.0
Radio wêkè
0.0
Radio bénin Alafia Radio Alakétou
0.0
GAMELI FM Azove
0.0
Gassui FM toviklin
0.0
Djakotomey
0.0
Lalo FM Radio bénin Alafia
0.0
Immaculée FM Allada
0.0
zogbodomey
0.0
GASSOU FM a Aplahoue
0.0
Radio Tonion
0.0
Radio Djidja
0.0
Radio Agbangnizou
0.0
radio zogbodomey
0.0
Radio agbangnizoun
0.0
ALAFIA
0.0
Agbangnizou FM
0.0
Bénin ALAFIA
0.0
mixa alodo
0.0
Radio royal FM
0.0
Radio zinkamè
0.0
Radio aloxado et royal FM
0.0
radio IFÈ ( collines)
0.0
Radio Leeman
0.0
Radio trait d'union
0.0
Leeman FM
0.0
Royal FM Trait-d'union
0.0
TRAIT- D'UNION FM
0.0
trait-d'union
0.0","ORTB FM
128
Radio Tonnasse
55
FM Alakétou
7
Ala ketou FM
9
ALAFIA FM
19
radio bénin Alafia
1
Radio Sedohoun
81
Radio bénin Alafia
9
ADJA OUERE FM
41
La Voix de la Vallée
96
Radio Alakétou
2
Capp FM
53
Radio pobe
1
radio FM Alakétou
1
Ketou FM
1
ALAFIA FM et Ala ketou FM
1
Alliance FM
14
Bénin Alafia
10
Radio Carrefour
38
Lama FM
4
Lama
13
Alliance
6
Tokpa FM
11
Diaspora FM
4
La voix de la lama
8
Nanto FM
3
Lama fm
9
Immaculée Conception
1
Radio Tonignon
47
la voix de la lama
6
Ahémé FM
8
Maranatha FM
7
La voix de la lama Alliance fm
4
Radio LAMA
14
Bip Radio
5
Alléluia FM
11
Comé
5
Radio lalo
3
Gerdes FM
3
Couffo FM
29
radio la voix de la lama
2
Radio immaculée
4
Immaculée
4
Radio ALLIANCE
4
La voix de la lama Alliance FM
3
Ocean FM
3
Alafia
2
Royal
2
Lalo FM
27
Radio Bénin alafia Radio lama
1
Radio Bénin alafia Lama fm
1
Radio Bénin Culture
2
Radio Bénin Alafia
1
Alliance fm
5
radio immaculée
3
RFI
2
Radio Bénin alafia Alliance fm La voix de la lama
1
Zomatchi
1
Radio misserrete
1
Radio lama Alliance fm Golf fm
1
Voix de la lama
1
Radio Bénin Alafia.
1
Radio lama Immaculée conception radio
1
immaculée Alliance FM
1
Radio Bénin alafia
1
Ahémé
2
Benin alafia Lama fm
1
Radio Immaculée conception
1
Lama fm Benin alafia
1
Radio Agbotagon
1
Royal Fm
1
Kpassè
2
radio Bénin alafia
1
Radio la diaspora
1
Allodo FM
1
radio Agbotagon
2
Lalo
1
Trait-Union
1
immaculée conception
1
Alliance FM La voix de la lama Immaculée conception
1
Lama fm Radio Bénin alafia
1
Frisson
3
Radio Immaculée
5
Jakora FM Immaculée FM Alliance FM
1
Alliance FM Immaculée conception
1
Je ne maîtrise pas le nom des chaînes Mais j'écoute la radio
1
Alliance fm Radio immaculée
1
Radio Cotonou
1
Kpossotome
2
Immaculée conception
1
Fm Aheme
3
Gbeti.
1
Mono Fm
1
kpassè
1
Sauveur FM
1
Comé FM.
1
Lama fm Immaculée conception
1
Radio lama Royal fm Tonignon
1
Radio lama Alliance Radio immaculée conception
1
Radio lama Alliance fm
1
Royal FM
15
Royale FM
15
Maranatha
1
Weke
1
Allohado FM
1
Benin Alafia
1
Agbanyizoun
1
Radio Alliance
3
Alakétou FM
1
Radio trait d'union (bohicon)
1
radio Alliance
2
Gbeti
1
Radio Lalo
9
Alliance fm Lama fm
1
ALLOHADO FM
11
Alléluia fm
1
Radio weke (fréquence inconnue)
1
Il y a une autre radio que j: écoute mais j'ai oublié le nom
1
Trait d'union émettant depuis Bohicon
1
c'est quelque chose FM..
1
Radio la voix de la LAMA 103.8
1
Radio la voix de la lama
1
immaculée
1
108.3
1
LALO FM
5
Fm Aheme Kpasse
1
Mono FM.
1
Radio Alafia
2
Tado fm Sogema fm
1
Radio Parakou
1
radio alliance
2
alafia
1
mais j'ignore le nom des chaînes
1
J'écoute d'autres à part la vallée
1
radio Zogbodomey
1
Atlantique FM
1
Radio aloxado
4
Je ne sais pas : Un tuùn ǎ
3
LAMA FM
1
Radio Alliance et Radio LAMA
1
Radia LAMA
1
radio Alliance fm
1
TRAIT-D'UNION
6
Diaspora 102.3 FM.
1
radio Alafia
2
Radio bénin Alafia Radio Lalo
3
Imonle fm
1
Kpossotome Come
1
Fm 98.09
1
Fm Aheme 87.7
1
Radio possotome 97.7
1
radio LAMA
1
Alliance Fm
1
ALAFIA FM Cotonou
1
radio lokiki
1
Radio Lalo Coufo FM
1
radio aloxado
3
GASSOU FM
2
Allohado 104.1 FM
1
radio Agbangnizou
2
Alléluia Fm
1
ROYALE FM
2
Immaculée FM
2
Radio wêkè
1
Radio bénin Alafia Radio Alakétou
1
GAMELI FM Azove
1
Gassui FM toviklin
1
Djakotomey
1
Lalo FM Radio bénin Alafia
1
Immaculée FM Allada
2
zogbodomey
1
GASSOU FM a Aplahoue
1
Radio Tonion
1
Radio Djidja
1
Radio Agbangnizou
1
radio zogbodomey
1
Radio agbangnizoun
1
ALAFIA
1
Agbangnizou FM
1
Bénin ALAFIA
1
mixa alodo
1
Radio royal FM
1
Radio zinkamè
1
Radio aloxado et royal FM
1
radio IFÈ ( collines)
1
Radio Leeman
1
Radio trait d'union
1
Leeman FM
1
Royal FM Trait-d'union
1
TRAIT- D'UNION FM
1
trait-d'union
1","ORTB FM
174284.6
Radio Tonnasse
150842.0
FM Alakétou
146430.6
Ala ketou FM
131787.5
ALAFIA FM
117423.7
radio bénin Alafia
58572.2
Radio Sedohoun
50114.1
Radio bénin Alafia
44412.0
ADJA OUERE FM
39629.3
La Voix de la Vallée
29864.9
Radio Alakétou
29286.1
Capp FM
27546.8
Radio pobe
14643.1
radio FM Alakétou
14643.1
Ketou FM
14643.1
ALAFIA FM et Ala ketou FM
14643.1
Alliance FM
10469.5
Bénin Alafia
7842.5
Radio Carrefour
7254.5
Lama FM
7171.3
Lama
6893.2
Alliance
6586.1
Tokpa FM
6031.5
Diaspora FM
5879.9
La voix de la lama
4901.8
Nanto FM
4465.5
Lama fm
4381.0
Immaculée Conception
3342.0
Radio Tonignon
3112.1
la voix de la lama
2990.8
Ahémé FM
2825.2
Maranatha FM
2622.0
La voix de la lama Alliance fm
2610.9
Radio LAMA
2573.5
Bip Radio
2274.2
Alléluia FM
2141.5
Comé
2045.9
Radio lalo
2008.1
Gerdes FM
1780.5
Couffo FM
1598.6
radio la voix de la lama
1462.1
Radio immaculée
1445.1
Immaculée
1429.7
Radio ALLIANCE
1405.0
La voix de la lama Alliance FM
1370.7
Ocean FM
1361.5
Alafia
1311.6
Royal
1311.6
Lalo FM
1232.4
Radio Bénin alafia Radio lama
1220.9
Radio Bénin alafia Lama fm
1220.9
Radio Bénin Culture
1181.4
Radio Bénin Alafia
1114.0
Alliance fm
1112.3
radio immaculée
1062.9
RFI
951.9
Radio Bénin alafia Alliance fm La voix de la lama
939.9
Zomatchi
906.5
Radio misserrete
906.5
Radio lama Alliance fm Golf fm
835.5
Voix de la lama
835.5
Radio Bénin Alafia.
835.5
Radio lama Immaculée conception radio
835.5
immaculée Alliance FM
835.5
Radio Bénin alafia
780.5
Ahémé
779.4
Benin alafia Lama fm
778.3
Radio Immaculée conception
778.3
Lama fm Benin alafia
693.7
Radio Agbotagon
693.7
Royal Fm
693.7
Kpassè
682.0
radio Bénin alafia
626.6
Radio la diaspora
626.6
Allodo FM
617.9
radio Agbotagon
617.9
Lalo
617.9
Trait-Union
617.9
immaculée conception
587.5
Alliance FM La voix de la lama Immaculée conception
587.5
Lama fm Radio Bénin alafia
587.5
Frisson
586.6
Radio Immaculée
568.5
Jakora FM Immaculée FM Alliance FM
542.6
Alliance FM Immaculée conception
542.6
Je ne maîtrise pas le nom des chaînes Mais j'écoute la radio
522.2
Alliance fm Radio immaculée
520.3
Radio Cotonou
515.8
Kpossotome
487.1
Immaculée conception
407.0
Fm Aheme
389.7
Gbeti.
389.7
Mono Fm
389.7
kpassè
389.7
Sauveur FM
389.7
Comé FM.
389.7
Lama fm Immaculée conception
346.9
Radio lama Royal fm Tonignon
345.9
Radio lama Alliance Radio immaculée conception
345.9
Radio lama Alliance fm
345.9
Royal FM
342.5
Royale FM
336.8
Maranatha
314.8
Weke
314.8
Allohado FM
308.9
Benin Alafia
308.9
Agbanyizoun
308.9
Radio Alliance
308.6
Alakétou FM
306.4
Radio trait d'union (bohicon)
298.5
radio Alliance
295.4
Gbeti
292.3
Radio Lalo
288.5
Alliance fm Lama fm
271.3
ALLOHADO FM
229.1
Alléluia fm
226.6
Radio weke (fréquence inconnue)
223.9
Il y a une autre radio que j: écoute mais j'ai oublié le nom
223.9
Trait d'union émettant depuis Bohicon
223.9
c'est quelque chose FM..
223.9
Radio la voix de la LAMA 103.8
208.9
Radio la voix de la lama
208.9
immaculée
208.9
108.3
208.9
LALO FM
203.1
Fm Aheme Kpasse
194.8
Mono FM.
194.8
Radio Alafia
194.6
Tado fm Sogema fm
193.4
Radio Parakou
173.4
radio alliance
173.0
alafia
173.0
mais j'ignore le nom des chaînes
167.9
J'écoute d'autres à part la vallée
167.9
radio Zogbodomey
154.5
Atlantique FM
153.2
Radio aloxado
138.9
Je ne sais pas : Un tuùn ǎ
132.8
LAMA FM
130.5
Radio Alliance et Radio LAMA
130.5
Radia LAMA
130.5
radio Alliance fm
130.5
TRAIT-D'UNION
123.1
Diaspora 102.3 FM.
112.0
radio Alafia
107.5
Radio bénin Alafia Radio Lalo
106.2
Imonle fm
100.7
Kpossotome Come
97.4
Fm 98.09
97.4
Fm Aheme 87.7
97.4
Radio possotome 97.7
97.4
radio LAMA
86.5
Alliance Fm
86.5
ALAFIA FM Cotonou
76.6
radio lokiki
73.7
Radio Lalo Coufo FM
70.8
radio aloxado
64.8
GASSOU FM
61.4
Allohado 104.1 FM
56.0
radio Agbangnizou
52.1
Alléluia Fm
50.4
ROYALE FM
46.4
Immaculée FM
44.2
Radio wêkè
40.1
Radio bénin Alafia Radio Alakétou
38.3
GAMELI FM Azove
38.3
Gassui FM toviklin
38.3
Djakotomey
38.3
Lalo FM Radio bénin Alafia
38.3
Immaculée FM Allada
36.9
zogbodomey
35.4
GASSOU FM a Aplahoue
35.4
Radio Tonion
35.4
Radio Djidja
30.6
Radio Agbangnizou
26.0
radio zogbodomey
26.0
Radio agbangnizoun
26.0
ALAFIA
26.0
Agbangnizou FM
26.0
Bénin ALAFIA
26.0
mixa alodo
23.2
Radio royal FM
23.2
Radio zinkamè
23.2
Radio aloxado et royal FM
23.2
radio IFÈ ( collines)
21.0
Radio Leeman
21.0
Radio trait d'union
21.0
Leeman FM
21.0
Royal FM Trait-d'union
18.4
TRAIT- D'UNION FM
18.4
trait-d'union
18.4",Unknown,"ORTB FM
22.6
FM Alakétou
16.4
Capp FM
10.7
Radio Sedohoun
10.0
La Voix de la Vallée
7.1
La voix de la lama
4.4
Alliance FM
3.5
Maranatha FM
2.5
Bénin Alafia
2.5
ADJA OUERE FM
2.1
Bip Radio
1.7
Lama FM.
1.5
Lama FM
1.5
Lama fm
1.5
Radio Bénin alafia
1.5
Alléluia FM
1.1
Ka voix de la lama
1.1
Alliance fm Radio lama
0.9
Golf fm
0.9
Radio LAMA
0.8
Maranatha.
0.7
Lama
0.7
La voix de la Lama
0.7
Immaculée conception
0.7
Alliance fm
0.7
Radio Bénin Culture
0.4
RFI
0.4
Benin alafia Alliance fm Radio lama
0.3
Radio Tonnasse
0.3
Rfi
0.2
Radio Immaculée
0.2
La voix de la vallée et Radio LAMA
0.2
Radio LAMA 103.8
0.2
radio Immaculée
0.2
Tado FM
0.1","ORTB FM
11
FM Alakétou
1
Capp FM
14
Radio Sedohoun
13
La Voix de la Vallée
26
La voix de la lama
7
Alliance FM
3
Maranatha FM
4
Bénin Alafia
4
ADJA OUERE FM
11
Bip Radio
2
Lama FM.
1
Lama FM
1
Lama fm
1
Radio Bénin alafia
1
Alléluia FM
4
Ka voix de la lama
1
Alliance fm Radio lama
1
Golf fm
1
Radio LAMA
5
Maranatha.
1
Lama
1
La voix de la Lama
1
Immaculée conception
1
Alliance fm
1
Radio Bénin Culture
2
RFI
1
Benin alafia Alliance fm Radio lama
1
Radio Tonnasse
2
Rfi
1
Radio Immaculée
2
La voix de la vallée et Radio LAMA
1
Radio LAMA 103.8
1
radio Immaculée
1
Tado FM
1","ORTB FM
20170.0
FM Alakétou
14643.1
Capp FM
9505.0
Radio Sedohoun
8955.8
La Voix de la Vallée
6330.6
La voix de la lama
3943.0
Alliance FM
3087.9
Maranatha FM
2252.0
Bénin Alafia
2189.8
ADJA OUERE FM
1852.3
Bip Radio
1483.7
Lama FM.
1323.4
Lama FM
1323.4
Lama fm
1323.4
Radio Bénin alafia
1323.4
Alléluia FM
1002.1
Ka voix de la lama
939.9
Alliance fm Radio lama
835.5
Golf fm
784.2
Radio LAMA
735.2
Maranatha.
661.7
Lama
661.7
La voix de la Lama
588.2
Immaculée conception
588.2
Alliance fm
588.2
Radio Bénin Culture
327.4
RFI
320.7
Benin alafia Alliance fm Radio lama
294.1
Radio Tonnasse
280.6
Rfi
180.4
Radio Immaculée
175.7
La voix de la vallée et Radio LAMA
147.0
Radio LAMA 103.8
147.0
radio Immaculée
147.0
Tado FM
120.3",Unknown,"Deeman FM
43.9
Radio Parakou
12.1
Tchaourou FM
8.1
SAKA YERIMA FM
7.8
Radio SAKA Yerima 100.1 FM
4.7
Radio Nonsina de Bembereke 90.8 FM
3.9
Radio tchaorou 104.7 FM
3.6
Solidarité FM
3.4
FM nonsina
3.3
ORTB FM
2.7
Radio Tchaourou 104.7 FM
2.2
Nonsina de Bembereke 90.8 FM
1.7
Radio Tchaorou 104.7 FM
0.4
Radio Tchaourou 104.7 FM.
0.4
FM nonsima
0.4
FM nonsima 90.8
0.4
FM soutisoua
0.4
FM SAKA YERIMA
0.3","Deeman FM
80
Radio Parakou
18
Tchaourou FM
12
SAKA YERIMA FM
14
Radio SAKA Yerima 100.1 FM
15
Radio Nonsina de Bembereke 90.8 FM
7
Radio tchaorou 104.7 FM
5
Solidarité FM
6
FM nonsina
8
ORTB FM
4
Radio Tchaourou 104.7 FM
5
Nonsina de Bembereke 90.8 FM
4
Radio Tchaorou 104.7 FM
1
Radio Tchaourou 104.7 FM.
1
FM nonsima
1
FM nonsima 90.8
1
FM soutisoua
1
FM SAKA YERIMA
1","Deeman FM
171148.4
Radio Parakou
47352.9
Tchaourou FM
31580.3
SAKA YERIMA FM
30531.8
Radio SAKA Yerima 100.1 FM
18319.1
Radio Nonsina de Bembereke 90.8 FM
15102.6
Radio tchaorou 104.7 FM
14035.7
Solidarité FM
13305.4
FM nonsina
13031.5
ORTB FM
10644.4
Radio Tchaourou 104.7 FM
8772.3
Nonsina de Bembereke 90.8 FM
6608.8
Radio Tchaorou 104.7 FM
1754.5
Radio Tchaourou 104.7 FM.
1754.5
FM nonsima
1698.8
FM nonsima 90.8
1698.8
FM soutisoua
1698.8
FM SAKA YERIMA
1221.3",Unknown,"Gbeti
19.6
ORTB FM
18.3
Kpassè
16.4
Bénin Alafia
7.8
kpassè
5.0
Capp FM
4.8
Immaculée Conception
4.4
Maranatha FM
3.2
RFI
3.2
Tokpa FM
2.3
Radio gbetin Radio kpasse
2.0
Gbeti 88.7 FM
1.8
Gbetin
1.2
Radio kpasse Radio immaculée
0.8
Gbetie
0.8
Mono fm
0.8
Radio Kpassè
0.7
Soleil fm
0.5
Radio Sedohoun
0.5
Radio Benin alafia
0.5
La Voix de la Vallée
0.5
Radio Gbetin 88.1 Radio kpasse 93.8
0.4
Kiff FM
0.4
Gbetin 93.8
0.4
Gbetin 98.fm
0.4
Immaculée
0.4
RadioGbetin 93.8 Radio Kpasse 98.8
0.4
Je ne sais pas : Un tuùn ǎ
0.4
Radio kpasse Radio gbetin Radio immaculée
0.4
Radio Kpassè Radio Gbètin
0.4
Radio Gbètin Ouidah
0.3
Radio Gbètin Radio Kpassè Radio Bénin alafia
0.2
Radio Gbètin Radio Kpassè
0.1
Radio Kpassé et radio Gbéti
0.1
Radio Alafia fm
0.1
Radio KPASSÉ
0.1
Radio Gbètin et radio Kpassè
0.1
Radio Gbètin et Radio Kpassè
0.1
Radio Kpassè fm
0.1","Gbeti
11
ORTB FM
16
Kpassè
9
Bénin Alafia
4
kpassè
3
Capp FM
10
Immaculée Conception
2
Maranatha FM
3
RFI
2
Tokpa FM
4
Radio gbetin Radio kpasse
1
Gbeti 88.7 FM
1
Gbetin
2
Radio kpasse Radio immaculée
1
Gbetie
1
Mono fm
1
Radio Kpassè
3
Soleil fm
1
Radio Sedohoun
1
Radio Benin alafia
1
La Voix de la Vallée
1
Radio Gbetin 88.1 Radio kpasse 93.8
1
Kiff FM
1
Gbetin 93.8
1
Gbetin 98.fm
1
Immaculée
1
RadioGbetin 93.8 Radio Kpasse 98.8
1
Je ne sais pas : Un tuùn ǎ
1
Radio kpasse Radio gbetin Radio immaculée
1
Radio Kpassè Radio Gbètin
2
Radio Gbètin Ouidah
3
Radio Gbètin Radio Kpassè Radio Bénin alafia
1
Radio Gbètin Radio Kpassè
1
Radio Kpassé et radio Gbéti
1
Radio Alafia fm
1
Radio KPASSÉ
1
Radio Gbètin et radio Kpassè
1
Radio Gbètin et Radio Kpassè
1
Radio Kpassè fm
1","Gbeti
27759.3
ORTB FM
25895.3
Kpassè
23227.1
Bénin Alafia
11047.1
kpassè
7081.4
Capp FM
6835.9
Immaculée Conception
6231.7
Maranatha FM
4532.1
RFI
4532.1
Tokpa FM
3316.1
Radio gbetin Radio kpasse
2832.6
Gbeti 88.7 FM
2549.3
Gbetin
1699.5
Radio kpasse Radio immaculée
1133.0
Gbetie
1133.0
Mono fm
1133.0
Radio Kpassè
970.3
Soleil fm
727.7
Radio Sedohoun
727.7
Radio Benin alafia
727.7
La Voix de la Vallée
727.7
Radio Gbetin 88.1 Radio kpasse 93.8
566.5
Kiff FM
566.5
Gbetin 93.8
566.5
Gbetin 98.fm
566.5
Immaculée
566.5
RadioGbetin 93.8 Radio Kpasse 98.8
566.5
Je ne sais pas : Un tuùn ǎ
566.5
Radio kpasse Radio gbetin Radio immaculée
566.5
Radio Kpassè Radio Gbètin
525.6
Radio Gbètin Ouidah
485.1
Radio Gbètin Radio Kpassè Radio Bénin alafia
323.4
Radio Gbètin Radio Kpassè
161.7
Radio Kpassé et radio Gbéti
80.9
Radio Alafia fm
80.9
Radio KPASSÉ
80.9
Radio Gbètin et radio Kpassè
80.9
Radio Gbètin et Radio Kpassè
80.9
Radio Kpassè fm
80.9",Unknown,"Royal FM
20.0
ALAFIA FM
13.3
ORTB FM
13.3
TRAIT-D'UNION
13.3
IMMACULÉE
6.7
Radio Carrefour
6.7
Radio Gbanamè
6.7
Radio Tonignon
6.7
Radio Tonnasse
6.7
radio aloxado
6.7","Royal FM
3
ALAFIA FM
2
ORTB FM
2
TRAIT-D'UNION
2
IMMACULÉE
1
Radio Carrefour
1
Radio Gbanamè
1
Radio Tonignon
1
Radio Tonnasse
1
radio aloxado
1","Royal FM
63.0
ALAFIA FM
42.0
ORTB FM
42.0
TRAIT-D'UNION
42.0
IMMACULÉE
21.0
Radio Carrefour
21.0
Radio Gbanamè
21.0
Radio Tonignon
21.0
Radio Tonnasse
21.0
radio aloxado
21.0",Unknown,"Radio Sedohoun
19.9
La Voix de la Vallée
15.6
ORTB FM
14.3
Maranatha FM
9.2
Capp FM
6.3
La voix de la lama
5.3
radio immaculée
5.3
Radio Bénin alafia La voix de la lama
5.3
Alléluia FM
5.3
Tokpa FM
5.3
Radio Bénin Culture
3.0
Radio Tonnasse
2.1
Lama fm Alliance fm
1.0
ADJA OUERE FM
1.0
Alléluia fm
0.5
Bip radio
0.4
ALAFIA FM
0.1
Radio Carrefour
0.1","Radio Sedohoun
5
La Voix de la Vallée
7
ORTB FM
10
Maranatha FM
3
Capp FM
2
La voix de la lama
1
radio immaculée
1
Radio Bénin alafia La voix de la lama
1
Alléluia FM
1
Tokpa FM
1
Radio Bénin Culture
1
Radio Tonnasse
18
Lama fm Alliance fm
1
ADJA OUERE FM
2
Alléluia fm
1
Bip radio
1
ALAFIA FM
1
Radio Carrefour
1","Radio Sedohoun
5815.9
La Voix de la Vallée
4568.7
ORTB FM
4193.1
Maranatha FM
2707.7
Capp FM
1837.4
La voix de la lama
1560.9
radio immaculée
1560.9
Radio Bénin alafia La voix de la lama
1547.3
Alléluia FM
1547.3
Tokpa FM
1547.3
Radio Bénin Culture
870.3
Radio Tonnasse
613.0
Lama fm Alliance fm
290.1
ADJA OUERE FM
280.6
Alléluia fm
160.3
Bip radio
120.3
ALAFIA FM
30.6
Radio Carrefour
30.6",Unknown,"Ahémé FM
37.5
ORTB FM
25.0
Immaculée Conception
12.5
Kpassè
12.5
Fm 97.7
6.2
Radio possotome
6.2","Ahémé FM
2
ORTB FM
1
Immaculée Conception
1
Kpassè
1
Fm 97.7
1
Radio possotome
1","Ahémé FM
584.5
ORTB FM
389.7
Immaculée Conception
194.8
Kpassè
194.8
Fm 97.7
97.4
Radio possotome
97.4",Unknown,"Solidarité FM
83.4
Radio Parakou
12.8
Deeman FM
3.1
ORTB FM
0.7","Solidarité FM
50
Radio Parakou
15
Deeman FM
1
ORTB FM
1","Solidarité FM
186590.6
Radio Parakou
28716.0
Deeman FM
6924.7
ORTB FM
1485.5",Unknown
Station Listened Yesterday,"Radio wekê
23.9
Capp FM
12.2
Lama FM
10.5
Radio wêkè
10.0
Radio wêkè Hozanna
7.2
Radio Wèkè
4.6
La Voix de la Vallée
4.4
Alléluia FM Radio Wêkè
4.4
Radio wekê Peace fm
4.4
Tokpa FM
2.7
Radio LAMA
2.6
Radio weke
2.3
Radio wêkè Alliance FM
1.9
Je ne sais pas : Un tuùn ǎ
1.9
Radio Wêkè
1.8
Radio wekê Radio Attakè
1.8
Radio Alléluia FM
1.0
Radio wêkè Alléluia FM
0.9
Alléluia Fm
0.5
Rien
0.5
Alléluia FM 96.5
0.5","Radio wekê
10
Capp FM
6
Lama FM
1
Radio wêkè
7
Radio wêkè Hozanna
1
Radio Wèkè
10
La Voix de la Vallée
1
Alléluia FM Radio Wêkè
1
Radio wekê Peace fm
1
Tokpa FM
2
Radio LAMA
1
Radio weke
5
Radio wêkè Alliance FM
1
Je ne sais pas : Un tuùn ǎ
4
Radio Wêkè
1
Radio wekê Radio Attakè
1
Radio Alléluia FM
2
Radio wêkè Alléluia FM
1
Alléluia Fm
1
Rien
1
Alléluia FM 96.5
1","Radio wekê
1895.4
Capp FM
971.2
Lama FM
835.5
Radio wêkè
789.7
Radio wêkè Hozanna
571.7
Radio Wèkè
368.6
La Voix de la Vallée
346.9
Alléluia FM Radio Wêkè
346.9
Radio wekê Peace fm
346.9
Tokpa FM
214.4
Radio LAMA
208.9
Radio weke
184.3
Radio wêkè Alliance FM
154.2
Je ne sais pas : Un tuùn ǎ
151.4
Radio Wêkè
142.9
Radio wekê Radio Attakè
142.9
Radio Alléluia FM
77.1
Radio wêkè Alléluia FM
71.5
Alléluia Fm
38.5
Rien
35.7
Alléluia FM 96.5
35.7",Unknown,"Radio Kpassè
24.2
ORTB FM
20.2
Capp FM
17.2
Soleil fm
17.2
Radio Sedohoun
9.1
Je ne sais pas : Un tuùn ǎ
8.1
Je préfère ne pas répondre/ Un yí wǎn nú xósin ma yí gbè ǎ
2.0
La voix de la lama Radio Kpassè
2.0","Radio Kpassè
2
ORTB FM
2
Capp FM
2
Soleil fm
2
Radio Sedohoun
1
Je ne sais pas : Un tuùn ǎ
4
Je préfère ne pas répondre/ Un yí wǎn nú xósin ma yí gbè ǎ
1
La voix de la lama Radio Kpassè
1","Radio Kpassè
970.3
ORTB FM
808.5
Capp FM
687.3
Soleil fm
687.3
Radio Sedohoun
363.8
Je ne sais pas : Un tuùn ǎ
323.4
Je préfère ne pas répondre/ Un yí wǎn nú xósin ma yí gbè ǎ
80.9
La voix de la lama Radio Kpassè
80.9",Unknown,"Je ne sais pas : Un tuùn ǎ
20.5
Ala ketou FM
18.0
ALAFIA FM
16.3
Radio Tonnasse
12.8
ORTB FM
10.2
Radio Sedohoun
4.4
Radio bénin Alafia
3.6
La Voix de la Vallée
2.2
Radio pobe
1.8
Ketou FM
1.8
Capp FM
1.2
Lama FM
0.7
Lama fm
0.7
La voix de la lama
0.6
Je préfère ne pas répondre/ Un yí wǎn nú xósin ma yí gbè ǎ
0.4
Ahémé FM
0.3
Lama
0.2
Bip Radio
0.2
Alliance FM
0.2
Radio lalo
0.2
ADJA OUERE FM
0.2
Alliance fm La voix de la lama
0.2
Radio Tonignon
0.2
Alliance fm
0.2
Radio lama Radio Bénin alafia
0.2
Lama FM 103.8
0.1
Couffo FM
0.1
Radio Carrefour
0.1
Radio LAMA
0.1
Immaculée conception
0.1
Lalo FM
0.1
Immaculée
0.1
La voix de la lama Alliance fm
0.1
Lama fm Alliance fm
0.1
Ahémé
0.1
Lama fm Benin alafia
0.1
Lama Alliance fm
0.1
Neant
0.1
Maranatha FM
0.1
Alliance FM La voix de la lama
0.1
Ahémé FM.
0.1
Frisson
0.1
Jakora FM
0.1
Ocean FM
0.1
Bénin Alafia
0.1
Radio lama Alliance fm
0.1
Aucune
0.1
la voix de la lama
0.1
Alléluia FM
0.0
Lama Royal fm
0.0
immaculée
0.0
Royale FM
0.0
Maranatha
0.0
Dispora FM
0.0
Voix de la lama Alliance FM
0.0
ALLOHADO FM
0.0
Tokpa FM
0.0
Radio Lama
0.0
108.3
0.0
Royal FM
0.0
Fm Aheme Kpasse
0.0
Ahémé.
0.0
Tado fm
0.0
Atlantique FM
0.0
Rien
0.0
LAMA FM
0.0
TRAIT-D'UNION
0.0
DIASPORA 102.3 FM.
0.0
Kpossotome 87.7
0.0
Fm Aheme
0.0
Fm.
0.0
Radio Lalo
0.0
Radio Alliance
0.0
Radio alliance et lama
0.0
ALLIANCE Fm
0.0
Aucune radio
0.0
ALAFIA
0.0
Allohado 104.1 FM
0.0
Radio Agbangnizou
0.0
LALO FM
0.0
Alléluia Fm
0.0
ROYALE FM
0.0
Djakotomey
0.0
Immaculée FM
0.0
Lalo FM et GASSOU FM a Aplahoue
0.0
Lalo FM et ALAFIA FM
0.0
Lalo FM et GASSOU FM
0.0
Bénin ALAFIA FM
0.0
GASSOU FM
0.0
Agbangnizou FM
0.0
radio Agbangnizou
0.0
radio aloxado
0.0
Leeman FM
0.0
Radio Leeman
0.0","Je ne sais pas : Un tuùn ǎ
77
Ala ketou FM
10
ALAFIA FM
19
Radio Tonnasse
32
ORTB FM
66
Radio Sedohoun
53
Radio bénin Alafia
3
La Voix de la Vallée
60
Radio pobe
1
Ketou FM
1
Capp FM
21
Lama FM
3
Lama fm
10
La voix de la lama
9
Je préfère ne pas répondre/ Un yí wǎn nú xósin ma yí gbè ǎ
12
Ahémé FM
5
Lama
5
Bip Radio
3
Alliance FM
4
Radio lalo
2
ADJA OUERE FM
10
Alliance fm La voix de la lama
2
Radio Tonignon
31
Alliance fm
3
Radio lama Radio Bénin alafia
1
Lama FM 103.8
1
Couffo FM
20
Radio Carrefour
24
Radio LAMA
3
Immaculée conception
2
Lalo FM
23
Immaculée
5
La voix de la lama Alliance fm
1
Lama fm Alliance fm
1
Ahémé
2
Lama fm Benin alafia
1
Lama Alliance fm
2
Neant
3
Maranatha FM
4
Alliance FM La voix de la lama
1
Ahémé FM.
2
Frisson
2
Jakora FM
1
Ocean FM
1
Bénin Alafia
1
Radio lama Alliance fm
1
Aucune
2
la voix de la lama
1
Alléluia FM
2
Lama Royal fm
1
immaculée
1
Royale FM
14
Maranatha
1
Dispora FM
1
Voix de la lama Alliance FM
1
ALLOHADO FM
11
Tokpa FM
2
Radio Lama
1
108.3
1
Royal FM
9
Fm Aheme Kpasse
1
Ahémé.
1
Tado fm
1
Atlantique FM
1
Rien
1
LAMA FM
1
TRAIT-D'UNION
6
DIASPORA 102.3 FM.
1
Kpossotome 87.7
1
Fm Aheme
1
Fm.
1
Radio Lalo
3
Radio Alliance
1
Radio alliance et lama
1
ALLIANCE Fm
1
Aucune radio
1
ALAFIA
2
Allohado 104.1 FM
1
Radio Agbangnizou
2
LALO FM
2
Alléluia Fm
1
ROYALE FM
2
Djakotomey
1
Immaculée FM
2
Lalo FM et GASSOU FM a Aplahoue
1
Lalo FM et ALAFIA FM
1
Lalo FM et GASSOU FM
1
Bénin ALAFIA FM
1
GASSOU FM
1
Agbangnizou FM
1
radio Agbangnizou
1
radio aloxado
1
Leeman FM
1
Radio Leeman
1","Je ne sais pas : Un tuùn ǎ
166609.8
Ala ketou FM
146430.6
ALAFIA FM
132074.7
Radio Tonnasse
103842.0
ORTB FM
82790.0
Radio Sedohoun
35734.0
Radio bénin Alafia
29324.4
La Voix de la Vallée
17798.0
Radio pobe
14643.1
Ketou FM
14643.1
Capp FM
9567.6
Lama FM
6057.3
Lama fm
5993.6
La voix de la lama
5049.1
Je préfère ne pas répondre/ Un yí wǎn nú xósin ma yí gbè ǎ
3439.4
Ahémé FM
2045.9
Lama
1906.6
Bip Radio
1808.0
Alliance FM
1577.6
Radio lalo
1544.7
ADJA OUERE FM
1468.9
Alliance fm La voix de la lama
1462.1
Radio Tonignon
1291.5
Alliance fm
1279.8
Radio lama Radio Bénin alafia
1220.9
Lama FM 103.8
1114.0
Couffo FM
1013.2
Radio Carrefour
978.1
Radio LAMA
951.3
Immaculée conception
949.6
Lalo FM
876.8
Immaculée
856.5
La voix de la lama Alliance fm
835.5
Lama fm Alliance fm
835.5
Ahémé
779.4
Lama fm Benin alafia
778.3
Lama Alliance fm
691.9
Neant
682.0
Maranatha FM
601.1
Alliance FM La voix de la lama
587.5
Ahémé FM.
584.5
Frisson
551.2
Jakora FM
542.6
Ocean FM
522.2
Bénin Alafia
515.8
Radio lama Alliance fm
417.7
Aucune
417.7
la voix de la lama
417.7
Alléluia FM
374.1
Lama Royal fm
345.9
immaculée
345.9
Royale FM
315.8
Maranatha
314.8
Dispora FM
271.3
Voix de la lama Alliance FM
261.1
ALLOHADO FM
229.1
Tokpa FM
224.1
Radio Lama
208.9
108.3
208.9
Royal FM
199.5
Fm Aheme Kpasse
194.8
Ahémé.
194.8
Tado fm
193.4
Atlantique FM
153.2
Rien
135.7
LAMA FM
130.5
TRAIT-D'UNION
123.1
DIASPORA 102.3 FM.
112.0
Kpossotome 87.7
97.4
Fm Aheme
97.4
Fm.
97.4
Radio Lalo
96.9
Radio Alliance
86.5
Radio alliance et lama
86.5
ALLIANCE Fm
86.5
Aucune radio
86.5
ALAFIA
59.3
Allohado 104.1 FM
56.0
Radio Agbangnizou
52.1
LALO FM
52.1
Alléluia Fm
50.4
ROYALE FM
44.2
Djakotomey
38.3
Immaculée FM
36.9
Lalo FM et GASSOU FM a Aplahoue
35.4
Lalo FM et ALAFIA FM
35.4
Lalo FM et GASSOU FM
35.4
Bénin ALAFIA FM
26.0
GASSOU FM
26.0
Agbangnizou FM
26.0
radio Agbangnizou
26.0
radio aloxado
23.2
Leeman FM
21.0
Radio Leeman
21.0",Unknown,"Je ne sais pas : Un tuùn ǎ
39.9
Radio Sedohoun
10.3
Capp FM
7.5
La Voix de la Vallée
5.9
La voix de la lama
5.2
ORTB FM
4.7
Radio Bénin alafia
3.4
Aucune radio J'ai pas pu écouter la radio hier
3.4
Lama FM
3.4
Lama
3.2
ADJA OUERE FM
2.7
Bénin Alafia.
2.3
Lama Alliance fm
2.2
Alliance fm
1.5
Alliance FM
1.1
Aucune
0.8
Radio lama Alliance fm
0.8
Alléluia FM
0.5
Bip Radio
0.4
Radio LAMA
0.4
Rien
0.3
Radio Immaculée
0.1","Je ne sais pas : Un tuùn ǎ
6
Radio Sedohoun
5
Capp FM
6
La Voix de la Vallée
13
La voix de la lama
4
ORTB FM
3
Radio Bénin alafia
1
Aucune radio J'ai pas pu écouter la radio hier
1
Lama FM
1
Lama
2
ADJA OUERE FM
4
Bénin Alafia.
1
Lama Alliance fm
1
Alliance fm
1
Alliance FM
1
Aucune
2
Radio lama Alliance fm
1
Alléluia FM
1
Bip Radio
1
Radio LAMA
1
Rien
1
Radio Immaculée
1","Je ne sais pas : Un tuùn ǎ
15366.9
Radio Sedohoun
3970.2
Capp FM
2887.0
La Voix de la Vallée
2280.6
La voix de la lama
1985.1
ORTB FM
1814.9
Radio Bénin alafia
1323.4
Aucune radio J'ai pas pu écouter la radio hier
1323.4
Lama FM
1323.4
Lama
1249.9
ADJA OUERE FM
1042.2
Bénin Alafia.
870.3
Lama Alliance fm
835.5
Alliance fm
588.2
Alliance FM
441.1
Aucune
294.1
Radio lama Alliance fm
294.1
Alléluia FM
193.4
Bip Radio
160.3
Radio LAMA
147.0
Rien
96.7
Radio Immaculée
40.1",Unknown,"Deeman FM
43.2
Radio Parakou
11.1
Tchaourou FM
9.2
SAKA YERIMA FM
8.9
Radio SAKA Yerima 100.1 FM
5.3
Radio Nonsina de Bembereke 90.8 FM
4.4
FM nonsina
4.3
Je ne sais pas : Un tuùn ǎ
3.3
Radio Tchaourou 104.7 FM
2.6
Radio tchaorou 104.7 FM
1.5
ORTB FM
1.2
Radio Nonsina de Bembereke 90.8 FM et de Ndali 103.5 FM
1.0
Solidarité FM
0.6
Radio Tchaourou 104.7 FM.
0.5
Tchaorou 104.7 FM
0.5
Radio Nonsina 90.8 FM
0.5
FM nonsima 90.8
0.5
FM soutisoua
0.5
Nonsina de Bembereke 90.8 FM
0.5
SAKA YERIMA
0.4","Deeman FM
75
Radio Parakou
13
Tchaourou FM
12
SAKA YERIMA FM
14
Radio SAKA Yerima 100.1 FM
15
Radio Nonsina de Bembereke 90.8 FM
8
FM nonsina
9
Je ne sais pas : Un tuùn ǎ
2
Radio Tchaourou 104.7 FM
5
Radio tchaorou 104.7 FM
3
ORTB FM
1
Radio Nonsina de Bembereke 90.8 FM et de Ndali 103.5 FM
1
Solidarité FM
2
Radio Tchaourou 104.7 FM.
1
Tchaorou 104.7 FM
1
Radio Nonsina 90.8 FM
1
FM nonsima 90.8
1
FM soutisoua
1
Nonsina de Bembereke 90.8 FM
1
SAKA YERIMA
1","Deeman FM
148181.9
Radio Parakou
38139.3
Tchaourou FM
31580.3
SAKA YERIMA FM
30531.8
Radio SAKA Yerima 100.1 FM
18319.1
Radio Nonsina de Bembereke 90.8 FM
15009.5
FM nonsina
14730.3
Je ne sais pas : Un tuùn ǎ
11275.6
Radio Tchaourou 104.7 FM
8772.3
Radio tchaorou 104.7 FM
5263.4
ORTB FM
4257.7
Radio Nonsina de Bembereke 90.8 FM et de Ndali 103.5 FM
3397.5
Solidarité FM
2128.9
Radio Tchaourou 104.7 FM.
1754.5
Tchaorou 104.7 FM
1754.5
Radio Nonsina 90.8 FM
1698.8
FM nonsima 90.8
1698.8
FM soutisoua
1698.8
Nonsina de Bembereke 90.8 FM
1605.7
SAKA YERIMA
1221.3",Unknown,"Gbeti
32.2
Kpassè
25.3
ORTB FM
9.7
Radio gbetin
5.3
Capp FM
4.4
Gbetin
4.2
Maranatha FM
4.2
Radio Kpassè
2.3
Radio kpasse
2.1
Je préfère ne pas répondre/ Un yí wǎn nú xósin ma yí gbè ǎ
2.1
Radio Sedohoun
1.4
Soleil fm
1.4
Radio Gbètin
1.3
Neant
1.1
Immaculée
1.1
Radio Gbètin Ouidah
0.9
Radio Kpassè Radio Gbètin
0.3
Radio Kpassè fm
0.3
Je ne sais pas : Un tuùn ǎ
0.3
Radio Alafia fm
0.2","Gbeti
7
Kpassè
6
ORTB FM
6
Radio gbetin
1
Capp FM
4
Gbetin
3
Maranatha FM
1
Radio Kpassè
3
Radio kpasse
1
Je préfère ne pas répondre/ Un yí wǎn nú xósin ma yí gbè ǎ
2
Radio Sedohoun
1
Soleil fm
1
Radio Gbètin
4
Neant
1
Immaculée
1
Radio Gbètin Ouidah
3
Radio Kpassè Radio Gbètin
1
Radio Kpassè fm
2
Je ne sais pas : Un tuùn ǎ
2
Radio Alafia fm
1","Gbeti
17278.7
Kpassè
13596.4
ORTB FM
5218.9
Radio gbetin
2832.6
Capp FM
2385.7
Gbetin
2266.1
Maranatha FM
2266.1
Radio Kpassè
1212.8
Radio kpasse
1133.0
Je préfère ne pas répondre/ Un yí wǎn nú xósin ma yí gbè ǎ
1133.0
Radio Sedohoun
727.7
Soleil fm
727.7
Radio Gbètin
687.3
Neant
566.5
Immaculée
566.5
Radio Gbètin Ouidah
485.1
Radio Kpassè Radio Gbètin
161.7
Radio Kpassè fm
161.7
Je ne sais pas : Un tuùn ǎ
161.7
Radio Alafia fm
80.9",Unknown,"ALAFIA FM
15.4
Je ne sais pas : Un tuùn ǎ
15.4
ORTB FM
15.4
TRAIT-D'UNION
15.4
Immaculée
7.7
Radio Carrefour
7.7
Radio Tonnasse
7.7
Royal FM
7.7
radio Gbanamè
7.7","ALAFIA FM
2
Je ne sais pas : Un tuùn ǎ
2
ORTB FM
2
TRAIT-D'UNION
2
Immaculée
1
Radio Carrefour
1
Radio Tonnasse
1
Royal FM
1
radio Gbanamè
1","ALAFIA FM
42.0
Je ne sais pas : Un tuùn ǎ
42.0
ORTB FM
42.0
TRAIT-D'UNION
42.0
Immaculée
21.0
Radio Carrefour
21.0
Radio Tonnasse
21.0
Royal FM
21.0
radio Gbanamè
21.0",Unknown,"Capp FM
23.1
La Voix de la Vallée
16.7
La voix de la lama Alliance fm
15.7
La voix de la lama
13.3
Radio Sedohoun
13.3
ORTB FM
9.0
Radio Tonnasse
4.7
Je ne sais pas : Un tuùn ǎ
3.5
ALAFIA FM
0.3
Radio Carrefour
0.3","Capp FM
3
La Voix de la Vallée
3
La voix de la lama Alliance fm
2
La voix de la lama
1
Radio Sedohoun
1
ORTB FM
7
Radio Tonnasse
16
Je ne sais pas : Un tuùn ǎ
5
ALAFIA FM
1
Radio Carrefour
1","Capp FM
2707.7
La Voix de la Vallée
1957.6
La voix de la lama Alliance fm
1837.4
La voix de la lama
1560.9
Radio Sedohoun
1560.9
ORTB FM
1054.2
Radio Tonnasse
551.7
Je ne sais pas : Un tuùn ǎ
415.0
ALAFIA FM
30.6
Radio Carrefour
30.6",Unknown,"Ahémé FM
75.0
Je ne sais pas : Un tuùn ǎ
25.0","Ahémé FM
2
Je ne sais pas : Un tuùn ǎ
2","Ahémé FM
584.5
Je ne sais pas : Un tuùn ǎ
194.8",Unknown,"Solidarité FM
86.5
Radio Parakou
7.2
Nanto FM
3.3
Je ne sais pas : Un tuùn ǎ
2.2
Je n'ai pas écouter la radio hier j'étais en voyage
0.8","Solidarité FM
45
Radio Parakou
6
Nanto FM
1
Je ne sais pas : Un tuùn ǎ
3
Je n'ai pas écouter la radio hier j'étais en voyage
1","Solidarité FM
178917.4
Radio Parakou
14855.1
Nanto FM
6924.7
Je ne sais pas : Un tuùn ǎ
4456.5
Je n'ai pas écouter la radio hier j'étais en voyage
1731.2",Unknown
Station Past 7 Days,"Capp FM
16.2
Radio wekê
14.4
ORTB FM
12.6
Radio wêkè
9.1
Alliance FM
6.9
Lama FM
6.9
La Voix de la Vallée
6.7
Tokpa FM
4.6
Radio wêkè Alléluia FM
3.2
Radio Wèkè
3.0
Radio wekê Peace fm
2.9
Radio weke
2.7
Radio wekê Radio Attakè
2.4
Radio LAMA
1.7
Radio wêkè Alliance FM Radio protectante
1.3
Radio wêkè Radio Attakè
1.2
Radio Wêkè Radio Hozanna
1.2
Radio Alléluia FM
0.6
Alléluia Fm
0.6
Radio wêkè Alléluia FM Hozanna
0.6
Radio Wêkè
0.6
Radio Weke
0.3
Nanto FM
0.3","Capp FM
10
Radio wekê
9
ORTB FM
3
Radio wêkè
4
Alliance FM
1
Lama FM
1
La Voix de la Vallée
3
Tokpa FM
3
Radio wêkè Alléluia FM
2
Radio Wèkè
10
Radio wekê Peace fm
1
Radio weke
9
Radio wekê Radio Attakè
2
Radio LAMA
1
Radio wêkè Alliance FM Radio protectante
1
Radio wêkè Radio Attakè
2
Radio Wêkè Radio Hozanna
1
Radio Alléluia FM
2
Alléluia Fm
2
Radio wêkè Alléluia FM Hozanna
1
Radio Wêkè
1
Radio Weke
1
Nanto FM
1","Capp FM
1963.2
Radio wekê
1752.4
ORTB FM
1529.3
Radio wêkè
1102.8
Alliance FM
835.5
Lama FM
835.5
La Voix de la Vallée
809.4
Tokpa FM
561.3
Radio wêkè Alléluia FM
385.4
Radio Wèkè
368.6
Radio wekê Peace fm
346.9
Radio weke
332.8
Radio wekê Radio Attakè
285.8
Radio LAMA
208.9
Radio wêkè Alliance FM Radio protectante
154.2
Radio wêkè Radio Attakè
148.5
Radio Wêkè Radio Hozanna
142.9
Radio Alléluia FM
77.1
Alléluia Fm
74.3
Radio wêkè Alléluia FM Hozanna
71.5
Radio Wêkè
71.5
Radio Weke
38.5
Nanto FM
35.7",Unknown,"Capp FM
26.1
ORTB FM
21.0
Radio Kpassè
12.7
Tokpa FM
11.5
La Voix de la Vallée
5.7
Radio Sedohoun
5.7
Soleil fm
5.7
Soleil
5.1
Radio Gbéti
2.5
Gbéti
1.3
Radio GBÉTI
1.3
Radio Gbéti 88.1FM
1.3","Capp FM
4
ORTB FM
3
Radio Kpassè
2
Tokpa FM
1
La Voix de la Vallée
1
Radio Sedohoun
1
Soleil fm
1
Soleil
1
Radio Gbéti
2
Gbéti
1
Radio GBÉTI
1
Radio Gbéti 88.1FM
1","Capp FM
1657.5
ORTB FM
1334.1
Radio Kpassè
808.5
Tokpa FM
727.7
La Voix de la Vallée
363.8
Radio Sedohoun
363.8
Soleil fm
363.8
Soleil
323.4
Radio Gbéti
161.7
Gbéti
80.9
Radio GBÉTI
80.9
Radio Gbéti 88.1FM
80.9",Unknown,"Ala ketou FM
15.9
ALAFIA FM
14.3
Radio Tonnasse
11.5
Je ne sais pas : Un tuùn ǎ
11.3
ORTB FM
10.3
Radio Sedohoun
5.1
FM Alakétou
4.8
Radio bénin Alafia
3.2
Capp FM
3.0
La Voix de la Vallée
2.6
radio pobe
1.6
Radio Alakétou
1.6
Ketou FM
1.6
Radio bénin Alafia et radio FM Alakétou
1.6
ADJA OUERE FM
0.8
Lama
0.7
Diaspora FM
0.6
La voix de la lama
0.6
Radio Carrefour
0.6
Bénin Alafia
0.5
Lama fm
0.5
Tokpa FM
0.5
Immaculée Conception
0.4
Immaculée
0.3
Alliance FM
0.3
Maranatha FM
0.3
Alliance FM.
0.2
Radio Tonignon
0.2
Lama FM
0.2
Ahémé FM
0.2
Radio LAMA
0.2
Bip Radio
0.2
Comé
0.2
alliance FM
0.2
La voix de la lama Alliance fm
0.2
Radio lalo
0.2
Benin alafia Lama fm
0.2
Ahémé
0.2
Alliance
0.1
Alliance fm
0.1
Radio lama Radio Bénin alafia
0.1
Lama fm Alliance fm
0.1
Alliance FM 97.0
0.1
LAMA FM 103.8
0.1
La voix de la lama Alliance FM
0.1
Couffo FM
0.1
Alliance fm La voix de la lama Radio Bénin alafia
0.1
Immaculée conception
0.1
Alléluia FM
0.1
Alliance FM et Radio immaculée
0.1
Lama FM.
0.1
Lama Alliance fm Golf fm
0.1
Alafia
0.1
Radio immaculée conception
0.1
Lalo FM
0.1
la voix de la lama
0.1
Allohado
0.1
Trait-Union
0.1
Alliance FM La voix de la lama
0.1
Lama fm Bénin alafia
0.1
Neant
0.1
Bénin Alafia.
0.1
Alliance fm La voix de la lama
0.1
Radio immaculée Alliance fm
0.1
radio Cotonou
0.1
Radio lama Alliance fm
0.0
immaculée
0.0
Immaculée Conception.
0.0
Radio Immaculée
0.0
Royale FM
0.0
Alliance fm Lama Immaculée conception
0.0
Lama Alliance fm
0.0
la voix de la Lama
0.0
Radio Lalo
0.0
Allohado FM
0.0
Frisson
0.0
Ahémé FM.
0.0
Diaspora fm
0.0
Alliance fm lama fm
0.0
Ocean FM
0.0
Alliance FM Voix de la lama
0.0
ALLOHADO FM
0.0
Radio Adja wéré
0.0
Voix de la LAMA 103.8
0.0
Radio immaculée
0.0
108.3
0.0
Kpossotome
0.0
Kpasse
0.0
Tado fm Sogema fm
0.0
Radio alliance
0.0
Radio Dispora
0.0
Nanto FM
0.0
radio Agbotagon
0.0
radio LAMA
0.0
LAMA FM
0.0
Radio Alliance 97.0fm
0.0
TRAIT-D'UNION
0.0
DIASPORA 102.3 FM.
0.0
Royal FM
0.0
Fm
0.0
Fm Aheme
0.0
LALO FM
0.0
Radio Alliance
0.0
RAdio LAMA
0.0
Alliance Fm
0.0
Radio Bénin Culture
0.0
Gerdes FM
0.0
Lalo FM et GASSOU FM
0.0
Allohado 104.1 FM
0.0
Radio Agbangnizou
0.0
Alléluia Fm
0.0
Radio aloxado
0.0
GAMELI
0.0
Gassui FM
0.0
ALAFIA
0.0
Lalo FM et ALAFIA FM
0.0
Radio Tonion zogbodomey
0.0
Bénin ALAFIA FM
0.0
Agbangnizou FM
0.0
GASSOU FM
0.0
radio Agbangnizou
0.0
Lalo
0.0
ROYALE FM
0.0
Immaculée FM
0.0
Royal FM et radio immaculée
0.0
Royal FM et radio aloxado
0.0
Radio Leeman
0.0
Radio trait d'union
0.0
IMMACULÉE FM
0.0","Ala ketou FM
10
ALAFIA FM
20
Radio Tonnasse
38
Je ne sais pas : Un tuùn ǎ
32
ORTB FM
79
Radio Sedohoun
74
FM Alakétou
3
Radio bénin Alafia
3
Capp FM
48
La Voix de la Vallée
79
radio pobe
1
Radio Alakétou
1
Ketou FM
1
Radio bénin Alafia et radio FM Alakétou
1
ADJA OUERE FM
25
Lama
10
Diaspora FM
2
La voix de la lama
7
Radio Carrefour
25
Bénin Alafia
4
Lama fm
8
Tokpa FM
6
Immaculée Conception
1
Immaculée
9
Alliance FM
5
Maranatha FM
6
Alliance FM.
2
Radio Tonignon
45
Lama FM
1
Ahémé FM
4
Radio LAMA
8
Bip Radio
3
Comé
4
alliance FM
1
La voix de la lama Alliance fm
2
Radio lalo
2
Benin alafia Lama fm
2
Ahémé
5
Alliance
3
Alliance fm
6
Radio lama Radio Bénin alafia
1
Lama fm Alliance fm
2
Alliance FM 97.0
1
LAMA FM 103.8
1
La voix de la lama Alliance FM
2
Couffo FM
19
Alliance fm La voix de la lama Radio Bénin alafia
1
Immaculée conception
2
Alléluia FM
6
Alliance FM et Radio immaculée
1
Lama FM.
1
Lama Alliance fm Golf fm
1
Alafia
3
Radio immaculée conception
1
Lalo FM
22
la voix de la lama
2
Allohado
1
Trait-Union
1
Alliance FM La voix de la lama
1
Lama fm Bénin alafia
1
Neant
2
Bénin Alafia.
2
Alliance fm La voix de la lama
1
Radio immaculée Alliance fm
1
radio Cotonou
1
Radio lama Alliance fm
1
immaculée
1
Immaculée Conception.
1
Radio Immaculée
3
Royale FM
16
Alliance fm Lama Immaculée conception
1
Lama Alliance fm
1
la voix de la Lama
1
Radio Lalo
8
Allohado FM
1
Frisson
2
Ahémé FM.
1
Diaspora fm
1
Alliance fm lama fm
1
Ocean FM
1
Alliance FM Voix de la lama
1
ALLOHADO FM
11
Radio Adja wéré
1
Voix de la LAMA 103.8
1
Radio immaculée
1
108.3
1
Kpossotome
2
Kpasse
1
Tado fm Sogema fm
1
Radio alliance
2
Radio Dispora
1
Nanto FM
1
radio Agbotagon
1
radio LAMA
1
LAMA FM
1
Radio Alliance 97.0fm
1
TRAIT-D'UNION
6
DIASPORA 102.3 FM.
1
Royal FM
5
Fm
1
Fm Aheme
1
LALO FM
3
Radio Alliance
1
RAdio LAMA
1
Alliance Fm
1
Radio Bénin Culture
1
Gerdes FM
1
Lalo FM et GASSOU FM
2
Allohado 104.1 FM
1
Radio Agbangnizou
2
Alléluia Fm
1
Radio aloxado
2
GAMELI
1
Gassui FM
1
ALAFIA
1
Lalo FM et ALAFIA FM
1
Radio Tonion zogbodomey
1
Bénin ALAFIA FM
1
Agbangnizou FM
1
GASSOU FM
1
radio Agbangnizou
1
Lalo
1
ROYALE FM
1
Immaculée FM
1
Royal FM et radio immaculée
1
Royal FM et radio aloxado
1
Radio Leeman
1
Radio trait d'union
1
IMMACULÉE FM
1","Ala ketou FM
146430.6
ALAFIA FM
132095.7
Radio Tonnasse
105721.8
Je ne sais pas : Un tuùn ǎ
104220.3
ORTB FM
94957.8
Radio Sedohoun
47443.6
FM Alakétou
43929.2
Radio bénin Alafia
29324.4
Capp FM
27448.0
La Voix de la Vallée
23606.1
radio pobe
14643.1
Radio Alakétou
14643.1
Ketou FM
14643.1
Radio bénin Alafia et radio FM Alakétou
14643.1
ADJA OUERE FM
7372.9
Lama
6445.3
Diaspora FM
5221.8
La voix de la lama
5211.3
Radio Carrefour
5095.1
Bénin Alafia
4941.2
Lama fm
4909.1
Tokpa FM
4714.8
Immaculée Conception
3342.0
Immaculée
2943.1
Alliance FM
2589.9
Maranatha FM
2392.6
Alliance FM.
2151.2
Radio Tonignon
2028.4
Lama FM
1879.9
Ahémé FM
1851.0
Radio LAMA
1839.0
Bip Radio
1808.0
Comé
1753.6
alliance FM
1671.0
La voix de la lama Alliance fm
1671.0
Radio lalo
1544.7
Benin alafia Lama fm
1472.1
Ahémé
1461.3
Alliance
1297.2
Alliance fm
1242.9
Radio lama Radio Bénin alafia
1220.9
Lama fm Alliance fm
1181.4
Alliance FM 97.0
1114.0
LAMA FM 103.8
1114.0
La voix de la lama Alliance FM
994.4
Couffo FM
977.8
Alliance fm La voix de la lama Radio Bénin alafia
939.9
Immaculée conception
889.5
Alléluia FM
865.3
Alliance FM et Radio immaculée
835.5
Lama FM.
835.5
Lama Alliance fm Golf fm
835.5
Alafia
827.8
Radio immaculée conception
778.3
Lalo FM
711.4
la voix de la lama
677.2
Allohado
617.9
Trait-Union
617.9
Alliance FM La voix de la lama
587.5
Lama fm Bénin alafia
587.5
Neant
584.5
Bénin Alafia.
584.5
Alliance fm La voix de la lama
522.2
Radio immaculée Alliance fm
520.3
radio Cotonou
515.8
Radio lama Alliance fm
417.7
immaculée
417.7
Immaculée Conception.
407.0
Radio Immaculée
401.8
Royale FM
360.0
Alliance fm Lama Immaculée conception
345.9
Lama Alliance fm
345.9
la voix de la Lama
345.9
Radio Lalo
326.0
Allohado FM
308.9
Frisson
296.5
Ahémé FM.
292.3
Diaspora fm
271.3
Alliance fm lama fm
271.3
Ocean FM
261.1
Alliance FM Voix de la lama
261.1
ALLOHADO FM
229.1
Radio Adja wéré
223.9
Voix de la LAMA 103.8
208.9
Radio immaculée
208.9
108.3
208.9
Kpossotome
194.8
Kpasse
194.8
Tado fm Sogema fm
193.4
Radio alliance
173.0
Radio Dispora
167.9
Nanto FM
160.3
radio Agbotagon
154.5
radio LAMA
135.7
LAMA FM
130.5
Radio Alliance 97.0fm
130.5
TRAIT-D'UNION
123.1
DIASPORA 102.3 FM.
112.0
Royal FM
109.0
Fm
97.4
Fm Aheme
97.4
LALO FM
96.9
Radio Alliance
86.5
RAdio LAMA
86.5
Alliance Fm
86.5
Radio Bénin Culture
86.5
Gerdes FM
75.5
Lalo FM et GASSOU FM
70.8
Allohado 104.1 FM
56.0
Radio Agbangnizou
52.1
Alléluia Fm
50.4
Radio aloxado
42.0
GAMELI
38.3
Gassui FM
38.3
ALAFIA
38.3
Lalo FM et ALAFIA FM
35.4
Radio Tonion zogbodomey
35.4
Bénin ALAFIA FM
26.0
Agbangnizou FM
26.0
GASSOU FM
26.0
radio Agbangnizou
26.0
Lalo
26.0
ROYALE FM
23.2
Immaculée FM
23.2
Royal FM et radio immaculée
23.2
Royal FM et radio aloxado
23.2
Radio Leeman
21.0
Radio trait d'union
21.0
IMMACULÉE FM
18.4",Unknown,"Je ne sais pas : Un tuùn ǎ
24.5
Capp FM
12.4
Radio Sedohoun
11.7
La Voix de la Vallée
8.8
La voix de la lama
6.3
Alliance FM
5.2
ORTB FM
3.4
ADJA OUERE FM
2.5
Maranatha FM
2.5
Lama FM.
2.2
Radio Bénin alafia
2.2
Lama fm
2.2
Lama FM
2.2
Alléluia FM
1.7
Bénin Alafia.
1.7
Radio lama
1.6
Lama Alliance fm
1.4
Radio Bénin Culture
1.3
Lama
1.0
Immaculée conception
1.0
Radio LAMA
1.0
Alliance fm
1.0
Bip Radio
0.5
Alliance fm Lama fm
0.5
Bénin Alafia
0.5
La voix de la LAMA
0.2
Aucune
0.2
Radio Tonnasse
0.2
Radio Immaculée
0.1","Je ne sais pas : Un tuùn ǎ
1
Capp FM
11
Radio Sedohoun
11
La Voix de la Vallée
21
La voix de la lama
6
Alliance FM
3
ORTB FM
4
ADJA OUERE FM
7
Maranatha FM
2
Lama FM.
1
Radio Bénin alafia
1
Lama fm
1
Lama FM
1
Alléluia FM
4
Bénin Alafia.
2
Radio lama
1
Lama Alliance fm
1
Radio Bénin Culture
2
Lama
1
Immaculée conception
1
Radio LAMA
4
Alliance fm
1
Bip Radio
2
Alliance fm Lama fm
1
Bénin Alafia
1
La voix de la LAMA
1
Aucune
1
Radio Tonnasse
1
Radio Immaculée
1","Je ne sais pas : Un tuùn ǎ
14643.1
Capp FM
7433.1
Radio Sedohoun
6970.7
La Voix de la Vallée
5261.2
La voix de la lama
3749.6
Alliance FM
3087.9
ORTB FM
2008.3
ADJA OUERE FM
1516.2
Maranatha FM
1470.4
Lama FM.
1323.4
Radio Bénin alafia
1323.4
Lama fm
1323.4
Lama FM
1323.4
Alléluia FM
1035.2
Bénin Alafia.
1029.3
Radio lama
939.9
Lama Alliance fm
835.5
Radio Bénin Culture
768.6
Lama
588.2
Immaculée conception
588.2
Radio LAMA
588.2
Alliance fm
588.2
Bip Radio
307.4
Alliance fm Lama fm
294.1
Bénin Alafia
290.1
La voix de la LAMA
147.0
Aucune
147.0
Radio Tonnasse
120.3
Radio Immaculée
40.1",Unknown,"Deeman FM
45.7
Radio Parakou
11.1
Tchaourou FM
8.7
SAKA YERIMA FM
8.4
Radio SAKA Yerima 100.1 FM
4.7
FM nonsina
4.0
Radio Nonsina de Bembereke 90.8 FM
3.2
Je ne sais pas : Un tuùn ǎ
2.9
Radio Tchaourou 104.7 FM
2.4
Solidarité FM
2.0
ORTB FM
1.2
Radio tchaorou 104.7 FM
1.0
Radio Nonsina de Bembereke 90.8 FM et de Ndali 103.5 FM
0.9
Nonsina de Bembereke 90.8 FM
0.9
Radio Tchaourou 104.7 FM.
0.5
Radio Nonsina 90.8 FM
0.5
FM nonsima 90.8
0.5
FM soutisoua
0.5
Su tii sua de Ndali 103.5 FM
0.4
SAKA YERIMA
0.3
Radio SAKA Yerima 100.1
0.3","Deeman FM
78
Radio Parakou
15
Tchaourou FM
12
SAKA YERIMA FM
14
Radio SAKA Yerima 100.1 FM
14
FM nonsina
9
Radio Nonsina de Bembereke 90.8 FM
6
Je ne sais pas : Un tuùn ǎ
3
Radio Tchaourou 104.7 FM
5
Solidarité FM
6
ORTB FM
1
Radio tchaorou 104.7 FM
2
Radio Nonsina de Bembereke 90.8 FM et de Ndali 103.5 FM
1
Nonsina de Bembereke 90.8 FM
2
Radio Tchaourou 104.7 FM.
1
Radio Nonsina 90.8 FM
1
FM nonsima 90.8
1
FM soutisoua
1
Su tii sua de Ndali 103.5 FM
1
SAKA YERIMA
1
Radio SAKA Yerima 100.1
1","Deeman FM
166792.6
Radio Parakou
40425.0
Tchaourou FM
31580.3
SAKA YERIMA FM
30531.8
Radio SAKA Yerima 100.1 FM
17097.8
FM nonsina
14730.3
Radio Nonsina de Bembereke 90.8 FM
11705.1
Je ne sais pas : Un tuùn ǎ
10526.8
Radio Tchaourou 104.7 FM
8772.3
Solidarité FM
7451.0
ORTB FM
4257.7
Radio tchaorou 104.7 FM
3508.9
Radio Nonsina de Bembereke 90.8 FM et de Ndali 103.5 FM
3397.5
Nonsina de Bembereke 90.8 FM
3304.4
Radio Tchaourou 104.7 FM.
1754.5
Radio Nonsina 90.8 FM
1698.8
FM nonsima 90.8
1698.8
FM soutisoua
1698.8
Su tii sua de Ndali 103.5 FM
1605.7
SAKA YERIMA
1221.3
Radio SAKA Yerima 100.1
1221.3",Unknown,"Gbeti
26.8
ORTB FM
21.5
Kpassè
15.1
Bénin Alafia
8.1
Maranatha FM
4.3
Tokpa FM
2.6
Bénin Alafia.
2.4
kpassè
2.4
RFI
2.2
kpassè.
2.2
Capp FM
1.9
Gbetin
1.1
Radio kpasse Radio immaculée
1.1
Radio Kpassè
0.8
La Voix de la Vallée
0.7
Soleil fm
0.7
Radio Carrefour
0.7
Radio Sedohoun
0.7
Radio gbetin
0.5
99.4
0.5
Kpasse Gbetin
0.5
Je préfère ne pas répondre/ Un yí wǎn nú xósin ma yí gbè ǎ
0.5
Gbetin Kpasse
0.5
Radio Gbètin Radio Kpassè
0.5
Radio Kpassè Radio Gbètin
0.5
Radio Gbètin Ouidah
0.5
Radio Kpassè fm
0.2
Radio Gbètin et Radio Kpassè
0.1
Radio Kpassé
0.1
Radio Gbètin
0.1
Radio Alafia fm
0.1
Radio GBÉTI
0.1","Gbeti
11
ORTB FM
15
Kpassè
7
Bénin Alafia
3
Maranatha FM
3
Tokpa FM
4
Bénin Alafia.
1
kpassè
1
RFI
1
kpassè.
1
Capp FM
5
Gbetin
2
Radio kpasse Radio immaculée
1
Radio Kpassè
2
La Voix de la Vallée
1
Soleil fm
1
Radio Carrefour
1
Radio Sedohoun
1
Radio gbetin
1
99.4
1
Kpasse Gbetin
1
Je préfère ne pas répondre/ Un yí wǎn nú xósin ma yí gbè ǎ
1
Gbetin Kpasse
1
Radio Gbètin Radio Kpassè
2
Radio Kpassè Radio Gbètin
2
Radio Gbètin Ouidah
3
Radio Kpassè fm
2
Radio Gbètin et Radio Kpassè
1
Radio Kpassé
1
Radio Gbètin
1
Radio Alafia fm
1
Radio GBÉTI
1","Gbeti
28042.5
ORTB FM
22536.7
Kpassè
15862.4
Bénin Alafia
8497.7
Maranatha FM
4532.1
Tokpa FM
2749.6
Bénin Alafia.
2549.3
kpassè
2549.3
RFI
2266.1
kpassè.
2266.1
Capp FM
1940.5
Gbetin
1133.0
Radio kpasse Radio immaculée
1133.0
Radio Kpassè
889.4
La Voix de la Vallée
727.7
Soleil fm
727.7
Radio Carrefour
727.7
Radio Sedohoun
727.7
Radio gbetin
566.5
99.4
566.5
Kpasse Gbetin
566.5
Je préfère ne pas répondre/ Un yí wǎn nú xósin ma yí gbè ǎ
566.5
Gbetin Kpasse
566.5
Radio Gbètin Radio Kpassè
525.6
Radio Kpassè Radio Gbètin
485.1
Radio Gbètin Ouidah
485.1
Radio Kpassè fm
161.7
Radio Gbètin et Radio Kpassè
80.9
Radio Kpassé
80.9
Radio Gbètin
80.9
Radio Alafia fm
80.9
Radio GBÉTI
80.9",Unknown,"ALAFIA FM
14.3
ORTB FM
14.3
TRAIT-D'UNION
14.3
Immaculée
7.1
Je ne sais pas : Un tuùn ǎ
7.1
Radio Carrefour
7.1
Radio Tonignon
7.1
Radio Tonnasse
7.1
Royal FM
7.1
radio Gbanamè
7.1
royal FM
7.1","ALAFIA FM
2
ORTB FM
2
TRAIT-D'UNION
2
Immaculée
1
Je ne sais pas : Un tuùn ǎ
1
Radio Carrefour
1
Radio Tonignon
1
Radio Tonnasse
1
Royal FM
1
radio Gbanamè
1
royal FM
1","ALAFIA FM
42.0
ORTB FM
42.0
TRAIT-D'UNION
42.0
Immaculée
21.0
Je ne sais pas : Un tuùn ǎ
21.0
Radio Carrefour
21.0
Radio Tonignon
21.0
Radio Tonnasse
21.0
Royal FM
21.0
radio Gbanamè
21.0
royal FM
21.0",Unknown,"La Voix de la Vallée
29.1
Capp FM
17.3
ORTB FM
16.7
Radio Sedohoun
11.8
La voix de la lama Alliance fm Radio Bénin alafia
9.9
Radio Bénin Culture
5.5
Radio Tonnasse
3.9
Alliance fm Lama fm
1.8
Maranatha FM
1.8
ADJA OUERE FM
1.8
ALAFIA FM
0.2
Radio Carrefour
0.2","La Voix de la Vallée
7
Capp FM
3
ORTB FM
8
Radio Sedohoun
2
La voix de la lama Alliance fm Radio Bénin alafia
1
Radio Bénin Culture
1
Radio Tonnasse
18
Alliance fm Lama fm
1
Maranatha FM
1
ADJA OUERE FM
2
ALAFIA FM
1
Radio Carrefour
1","La Voix de la Vallée
4568.7
Capp FM
2707.7
ORTB FM
2615.2
Radio Sedohoun
1851.0
La voix de la lama Alliance fm Radio Bénin alafia
1547.3
Radio Bénin Culture
870.3
Radio Tonnasse
613.0
Alliance fm Lama fm
290.1
Maranatha FM
290.1
ADJA OUERE FM
280.6
ALAFIA FM
30.6
Radio Carrefour
30.6",Unknown,"Ahémé FM.
50.0
Ahémé FM
25.0
Fm
12.5
Kpossotome
12.5","Ahémé FM.
1
Ahémé FM
1
Fm
1
Kpossotome
1","Ahémé FM.
389.7
Ahémé FM
194.8
Fm
97.4
Kpossotome
97.4",Unknown,"Solidarité FM
87.9
Radio Parakou
11.4
ORTB FM
0.7","Solidarité FM
50
Radio Parakou
14
ORTB FM
1","Solidarité FM
186590.6
Radio Parakou
24259.5
ORTB FM
1485.5",Unknown
Media Type,"Radio / Radio
39.4
Whatsapp/ WhatsApp
26.1
Réseaux sociaux/ xójlawema
23.8
Télévision/ televiziɔn /nùjlɛ́jlɛ́ nùjlɛ́jlɛ́
6.1
Autre : veuillez préciser/ Ðevo: kɛnklɛn bo ɖɔ
4.5","Radio / Radio
48
Whatsapp/ WhatsApp
21
Réseaux sociaux/ xójlawema
18
Télévision/ televiziɔn /nùjlɛ́jlɛ́ nùjlɛ́jlɛ́
5
Autre : veuillez préciser/ Ðevo: kɛnklɛn bo ɖɔ
4","Radio / Radio
6323.4
Whatsapp/ WhatsApp
4191.8
Réseaux sociaux/ xójlawema
3826.1
Télévision/ televiziɔn /nùjlɛ́jlɛ́ nùjlɛ́jlɛ́
985.2
Autre : veuillez préciser/ Ðevo: kɛnklɛn bo ɖɔ
717.4",Unknown,"Radio / Radio
75.7
Télévision/ televiziɔn /nùjlɛ́jlɛ́ nùjlɛ́jlɛ́
12.9
Whatsapp/ WhatsApp
11.4","Radio / Radio
10
Télévision/ televiziɔn /nùjlɛ́jlɛ́ nùjlɛ́jlɛ́
1
Whatsapp/ WhatsApp
2","Radio / Radio
2142.6
Télévision/ televiziɔn /nùjlɛ́jlɛ́ nùjlɛ́jlɛ́
363.8
Whatsapp/ WhatsApp
323.4",Unknown,"Radio / Radio
40.5
Whatsapp/ WhatsApp
27.9
Télévision/ televiziɔn /nùjlɛ́jlɛ́ nùjlɛ́jlɛ́
16.9
Réseaux sociaux/ xójlawema
12.9
Aucun/ Ðebǔ
1.3
Autre : veuillez préciser/ Ðevo: kɛnklɛn bo ɖɔ
0.5
SMS/ SMS/ wɛn ɖe sɛ́dó mɛ
0.0
Presse écrite/ xójlawema
0.0","Radio / Radio
409
Whatsapp/ WhatsApp
202
Télévision/ televiziɔn /nùjlɛ́jlɛ́ nùjlɛ́jlɛ́
153
Réseaux sociaux/ xójlawema
119
Aucun/ Ðebǔ
3
Autre : veuillez préciser/ Ðevo: kɛnklɛn bo ɖɔ
15
SMS/ SMS/ wɛn ɖe sɛ́dó mɛ
4
Presse écrite/ xójlawema
1","Radio / Radio
453592.1
Whatsapp/ WhatsApp
312209.8
Télévision/ televiziɔn /nùjlɛ́jlɛ́ nùjlɛ́jlɛ́
189045.7
Réseaux sociaux/ xójlawema
143970.8
Aucun/ Ðebǔ
15061.8
Autre : veuillez préciser/ Ðevo: kɛnklɛn bo ɖɔ
5106.7
SMS/ SMS/ wɛn ɖe sɛ́dó mɛ
530.2
Presse écrite/ xójlawema
80.2",Unknown,"Radio / Radio
40.8
Whatsapp/ WhatsApp
28.6
Réseaux sociaux/ xójlawema
23.1
Télévision/ televiziɔn /nùjlɛ́jlɛ́ nùjlɛ́jlɛ́
7.6","Radio / Radio
48
Whatsapp/ WhatsApp
22
Réseaux sociaux/ xójlawema
14
Télévision/ televiziɔn /nùjlɛ́jlɛ́ nùjlɛ́jlɛ́
13","Radio / Radio
34588.1
Whatsapp/ WhatsApp
24234.7
Réseaux sociaux/ xójlawema
19577.1
Télévision/ televiziɔn /nùjlɛ́jlɛ́ nùjlɛ́jlɛ́
6459.2",Unknown,"Radio / Radio
83.1
Whatsapp/ WhatsApp
9.2
Télévision/ televiziɔn /nùjlɛ́jlɛ́ nùjlɛ́jlɛ́
3.4
SMS/ SMS/ wɛn ɖe sɛ́dó mɛ
2.1
Réseaux sociaux/ xójlawema
1.6
Presse écrite/ xójlawema
0.4","Radio / Radio
159
Whatsapp/ WhatsApp
17
Télévision/ televiziɔn /nùjlɛ́jlɛ́ nùjlɛ́jlɛ́
9
SMS/ SMS/ wɛn ɖe sɛ́dó mɛ
2
Réseaux sociaux/ xójlawema
4
Presse écrite/ xójlawema
1","Radio / Radio
329373.4
Whatsapp/ WhatsApp
36615.7
Télévision/ televiziɔn /nùjlɛ́jlɛ́ nùjlɛ́jlɛ́
13557.7
SMS/ SMS/ wɛn ɖe sɛ́dó mɛ
8515.5
Réseaux sociaux/ xójlawema
6327.8
Presse écrite/ xójlawema
1754.5",Unknown,"Radio / Radio
34.4
Whatsapp/ WhatsApp
28.7
Réseaux sociaux/ xójlawema
24.4
Télévision/ televiziɔn /nùjlɛ́jlɛ́ nùjlɛ́jlɛ́
11.1
SMS/ SMS/ wɛn ɖe sɛ́dó mɛ
0.9
Autre : veuillez préciser/ Ðevo: kɛnklɛn bo ɖɔ
0.5","Radio / Radio
34
Whatsapp/ WhatsApp
28
Réseaux sociaux/ xójlawema
20
Télévision/ televiziɔn /nùjlɛ́jlɛ́ nùjlɛ́jlɛ́
10
SMS/ SMS/ wɛn ɖe sɛ́dó mɛ
2
Autre : veuillez préciser/ Ðevo: kɛnklɛn bo ɖɔ
5","Radio / Radio
44832.1
Whatsapp/ WhatsApp
37388.2
Réseaux sociaux/ xójlawema
31804.9
Télévision/ televiziɔn /nùjlɛ́jlɛ́ nùjlɛ́jlɛ́
14485.2
SMS/ SMS/ wɛn ɖe sɛ́dó mɛ
1133.0
Autre : veuillez préciser/ Ðevo: kɛnklɛn bo ɖɔ
646.8",Unknown,"Radio / Radio
53.8
Télévision/ televiziɔn /nùjlɛ́jlɛ́ nùjlɛ́jlɛ́
30.8
Whatsapp/ WhatsApp
15.4","Radio / Radio
7
Télévision/ televiziɔn /nùjlɛ́jlɛ́ nùjlɛ́jlɛ́
4
Whatsapp/ WhatsApp
2","Radio / Radio
147.0
Télévision/ televiziɔn /nùjlɛ́jlɛ́ nùjlɛ́jlɛ́
84.0
Whatsapp/ WhatsApp
42.0",Unknown,"Radio / Radio
46.8
Whatsapp/ WhatsApp
20.7
Télévision/ televiziɔn /nùjlɛ́jlɛ́ nùjlɛ́jlɛ́
20.4
Réseaux sociaux/ xójlawema
12.0","Radio / Radio
28
Whatsapp/ WhatsApp
11
Télévision/ televiziɔn /nùjlɛ́jlɛ́ nùjlɛ́jlɛ́
15
Réseaux sociaux/ xójlawema
6","Radio / Radio
7193.0
Whatsapp/ WhatsApp
3185.9
Télévision/ televiziɔn /nùjlɛ́jlɛ́ nùjlɛ́jlɛ́
3136.8
Réseaux sociaux/ xójlawema
1843.9",Unknown,"Radio / Radio
36.4
Réseaux sociaux/ xójlawema
31.8
Whatsapp/ WhatsApp
31.8","Radio / Radio
4
Réseaux sociaux/ xójlawema
3
Whatsapp/ WhatsApp
3","Radio / Radio
779.4
Réseaux sociaux/ xójlawema
682.0
Whatsapp/ WhatsApp
682.0",Unknown,"Radio / Radio
63.6
Télévision/ televiziɔn /nùjlɛ́jlɛ́ nùjlɛ́jlɛ́
16.6
Whatsapp/ WhatsApp
14.1
Réseaux sociaux/ xójlawema
5.1
SMS/ SMS/ wɛn ɖe sɛ́dó mɛ
0.6","Radio / Radio
47
Télévision/ televiziɔn /nùjlɛ́jlɛ́ nùjlɛ́jlɛ́
24
Whatsapp/ WhatsApp
22
Réseaux sociaux/ xójlawema
6
SMS/ SMS/ wɛn ɖe sɛ́dó mɛ
1","Radio / Radio
181888.4
Télévision/ televiziɔn /nùjlɛ́jlɛ́ nùjlɛ́jlɛ́
47513.2
Whatsapp/ WhatsApp
40331.3
Réseaux sociaux/ xójlawema
14597.9
SMS/ SMS/ wɛn ɖe sɛ́dó mɛ
1731.2",Unknown
Radio Consumption Method,"Via un poste de radio à la maison/ Gbɔn hladio jí ɖò xwégbe
54.0
Via mon téléphone portable, utilisé comme un poste de radio/ Gbɔn alokan ce jí, un nɔ zán ɖi hladio ɖɔhun/
18.8
Via un poste de radio dans les lieux publics/ Gbɔn hladio jí ɖò fí e mɛ lɛ nɔ kplé ɖè lɛ é
13.3
Via un poste de radio ou un téléphone portable appartenant à un proche/ Gbɔn hladio jí alǒ alokan e nyí mɛvívɛ́ ce tɔn é jí
9.5
Via un poste de radio dans les transports/ Gbɔn hladio jí ɖò mɔ̌to mɛ
4.0
Via une application mobile : Autre/ Gbɔn alokan  ɖevo jí
0.4","Via un poste de radio à la maison/ Gbɔn hladio jí ɖò xwégbe
41
Via mon téléphone portable, utilisé comme un poste de radio/ Gbɔn alokan ce jí, un nɔ zán ɖi hladio ɖɔhun/
11
Via un poste de radio dans les lieux publics/ Gbɔn hladio jí ɖò fí e mɛ lɛ nɔ kplé ɖè lɛ é
7
Via un poste de radio ou un téléphone portable appartenant à un proche/ Gbɔn hladio jí alǒ alokan e nyí mɛvívɛ́ ce tɔn é jí
7
Via un poste de radio dans les transports/ Gbɔn hladio jí ɖò mɔ̌to mɛ
2
Via une application mobile : Autre/ Gbɔn alokan  ɖevo jí
1","Via un poste de radio à la maison/ Gbɔn hladio jí ɖò xwégbe
5712.3
Via mon téléphone portable, utilisé comme un poste de radio/ Gbɔn alokan ce jí, un nɔ zán ɖi hladio ɖɔhun/
1985.3
Via un poste de radio dans les lieux publics/ Gbɔn hladio jí ɖò fí e mɛ lɛ nɔ kplé ɖè lɛ é
1402.7
Via un poste de radio ou un téléphone portable appartenant à un proche/ Gbɔn hladio jí alǒ alokan e nyí mɛvívɛ́ ce tɔn é jí
1008.9
Via un poste de radio dans les transports/ Gbɔn hladio jí ɖò mɔ̌to mɛ
424.0
Via une application mobile : Autre/ Gbɔn alokan  ɖevo jí
38.5",Unknown,"Via un poste de radio à la maison/ Gbɔn hladio jí ɖò xwégbe
84.1
Via mon téléphone portable, utilisé comme un poste de radio/ Gbɔn alokan ce jí, un nɔ zán ɖi hladio ɖɔhun/
12.7
Via un poste de radio dans les lieux publics/ Gbɔn hladio jí ɖò fí e mɛ lɛ nɔ kplé ɖè lɛ é
3.2","Via un poste de radio à la maison/ Gbɔn hladio jí ɖò xwégbe
10
Via mon téléphone portable, utilisé comme un poste de radio/ Gbɔn alokan ce jí, un nɔ zán ɖi hladio ɖɔhun/
2
Via un poste de radio dans les lieux publics/ Gbɔn hladio jí ɖò fí e mɛ lɛ nɔ kplé ɖè lɛ é
1","Via un poste de radio à la maison/ Gbɔn hladio jí ɖò xwégbe
2142.6
Via mon téléphone portable, utilisé comme un poste de radio/ Gbɔn alokan ce jí, un nɔ zán ɖi hladio ɖɔhun/
323.4
Via un poste de radio dans les lieux publics/ Gbɔn hladio jí ɖò fí e mɛ lɛ nɔ kplé ɖè lɛ é
80.9",Unknown,"Via mon téléphone portable, utilisé comme un poste de radio/ Gbɔn alokan ce jí, un nɔ zán ɖi hladio ɖɔhun/
44.3
Via un poste de radio à la maison/ Gbɔn hladio jí ɖò xwégbe
42.7
Via un poste de radio au travail/ Gbɔn hladio jí ɖò azɔ̌mɛ
4.6
Via un poste de radio ou un téléphone portable appartenant à un proche/ Gbɔn hladio jí alǒ alokan e nyí mɛvívɛ́ ce tɔn é jí
3.8
Via un poste de radio dans les lieux publics/ Gbɔn hladio jí ɖò fí e mɛ lɛ nɔ kplé ɖè lɛ é
2.6
Via une application mobile : Whatsapp/ Gbɔn alokan ɖé jí: Whatsapp/ é dó ɖɔ xóƉò nùxíwómɛ wèmá tɔn jí: Whatsapp
1.1
Via une application mobile : Facebook/ Gbɔn alokan Facebook jí:/ Xò nùjlajla jí: Facebook
0.4
Via un poste de radio dans les transports/ Gbɔn hladio jí ɖò mɔ̌to mɛ
0.3
Via une application mobile : FM ou application radio/ Gbɔn application mobile jí Ðevo/ Ɖò nùjlajla jí: FM alǒ radio
0.1
Autre : veuillez préciser/ Ðevo: kɛnklɛn bo ɖɔ
0.1
Via une application mobile : Autre/ Gbɔn alokan  ɖevo jí
0.1","Via mon téléphone portable, utilisé comme un poste de radio/ Gbɔn alokan ce jí, un nɔ zán ɖi hladio ɖɔhun/
153
Via un poste de radio à la maison/ Gbɔn hladio jí ɖò xwégbe
329
Via un poste de radio au travail/ Gbɔn hladio jí ɖò azɔ̌mɛ
35
Via un poste de radio ou un téléphone portable appartenant à un proche/ Gbɔn hladio jí alǒ alokan e nyí mɛvívɛ́ ce tɔn é jí
55
Via un poste de radio dans les lieux publics/ Gbɔn hladio jí ɖò fí e mɛ lɛ nɔ kplé ɖè lɛ é
41
Via une application mobile : Whatsapp/ Gbɔn alokan ɖé jí: Whatsapp/ é dó ɖɔ xóƉò nùxíwómɛ wèmá tɔn jí: Whatsapp
19
Via une application mobile : Facebook/ Gbɔn alokan Facebook jí:/ Xò nùjlajla jí: Facebook
4
Via un poste de radio dans les transports/ Gbɔn hladio jí ɖò mɔ̌to mɛ
9
Via une application mobile : FM ou application radio/ Gbɔn application mobile jí Ðevo/ Ɖò nùjlajla jí: FM alǒ radio
5
Autre : veuillez préciser/ Ðevo: kɛnklɛn bo ɖɔ
3
Via une application mobile : Autre/ Gbɔn alokan  ɖevo jí
1","Via mon téléphone portable, utilisé comme un poste de radio/ Gbɔn alokan ce jí, un nɔ zán ɖi hladio ɖɔhun/
318113.1
Via un poste de radio à la maison/ Gbɔn hladio jí ɖò xwégbe
306471.3
Via un poste de radio au travail/ Gbɔn hladio jí ɖò azɔ̌mɛ
33010.1
Via un poste de radio ou un téléphone portable appartenant à un proche/ Gbɔn hladio jí alǒ alokan e nyí mɛvívɛ́ ce tɔn é jí
27048.1
Via un poste de radio dans les lieux publics/ Gbɔn hladio jí ɖò fí e mɛ lɛ nɔ kplé ɖè lɛ é
18756.8
Via une application mobile : Whatsapp/ Gbɔn alokan ɖé jí: Whatsapp/ é dó ɖɔ xóƉò nùxíwómɛ wèmá tɔn jí: Whatsapp
8153.8
Via une application mobile : Facebook/ Gbɔn alokan Facebook jí:/ Xò nùjlajla jí: Facebook
2545.7
Via un poste de radio dans les transports/ Gbɔn hladio jí ɖò mɔ̌to mɛ
2091.7
Via une application mobile : FM ou application radio/ Gbɔn application mobile jí Ðevo/ Ɖò nùjlajla jí: FM alǒ radio
763.4
Autre : veuillez préciser/ Ðevo: kɛnklɛn bo ɖɔ
717.6
Via une application mobile : Autre/ Gbɔn alokan  ɖevo jí
617.9",Unknown,"Via mon téléphone portable, utilisé comme un poste de radio/ Gbɔn alokan ce jí, un nɔ zán ɖi hladio ɖɔhun/
40.8
Via un poste de radio à la maison/ Gbɔn hladio jí ɖò xwégbe
38.8
Via un poste de radio ou un téléphone portable appartenant à un proche/ Gbɔn hladio jí alǒ alokan e nyí mɛvívɛ́ ce tɔn é jí
7.7
Via un poste de radio dans les transports/ Gbɔn hladio jí ɖò mɔ̌to mɛ
4.3
Via un poste de radio dans les lieux publics/ Gbɔn hladio jí ɖò fí e mɛ lɛ nɔ kplé ɖè lɛ é
3.6
Via un poste de radio au travail/ Gbɔn hladio jí ɖò azɔ̌mɛ
3.4
Via une application mobile : FM ou application radio/ Gbɔn application mobile jí Ðevo/ Ɖò nùjlajla jí: FM alǒ radio
1.3","Via mon téléphone portable, utilisé comme un poste de radio/ Gbɔn alokan ce jí, un nɔ zán ɖi hladio ɖɔhun/
12
Via un poste de radio à la maison/ Gbɔn hladio jí ɖò xwégbe
43
Via un poste de radio ou un téléphone portable appartenant à un proche/ Gbɔn hladio jí alǒ alokan e nyí mɛvívɛ́ ce tɔn é jí
10
Via un poste de radio dans les transports/ Gbɔn hladio jí ɖò mɔ̌to mɛ
4
Via un poste de radio dans les lieux publics/ Gbɔn hladio jí ɖò fí e mɛ lɛ nɔ kplé ɖè lɛ é
6
Via un poste de radio au travail/ Gbɔn hladio jí ɖò azɔ̌mɛ
4
Via une application mobile : FM ou application radio/ Gbɔn application mobile jí Ðevo/ Ɖò nùjlajla jí: FM alǒ radio
2","Via mon téléphone portable, utilisé comme un poste de radio/ Gbɔn alokan ce jí, un nɔ zán ɖi hladio ɖɔhun/
19113.5
Via un poste de radio à la maison/ Gbɔn hladio jí ɖò xwégbe
18204.1
Via un poste de radio ou un téléphone portable appartenant à un proche/ Gbɔn hladio jí alǒ alokan e nyí mɛvívɛ́ ce tɔn é jí
3608.0
Via un poste de radio dans les transports/ Gbɔn hladio jí ɖò mɔ̌to mɛ
2028.1
Via un poste de radio dans les lieux publics/ Gbɔn hladio jí ɖò fí e mɛ lɛ nɔ kplé ɖè lɛ é
1704.6
Via un poste de radio au travail/ Gbɔn hladio jí ɖò azɔ̌mɛ
1603.6
Via une application mobile : FM ou application radio/ Gbɔn application mobile jí Ðevo/ Ɖò nùjlajla jí: FM alǒ radio
601.5",Unknown,"Via un poste de radio à la maison/ Gbɔn hladio jí ɖò xwégbe
39.6
Via mon téléphone portable, utilisé comme un poste de radio/ Gbɔn alokan ce jí, un nɔ zán ɖi hladio ɖɔhun/
27.9
Via un poste de radio ou un téléphone portable appartenant à un proche/ Gbɔn hladio jí alǒ alokan e nyí mɛvívɛ́ ce tɔn é jí
8.8
Via une application mobile : FM ou application radio/ Gbɔn application mobile jí Ðevo/ Ɖò nùjlajla jí: FM alǒ radio
8.0
Via une application mobile : Whatsapp/ Gbɔn alokan ɖé jí: Whatsapp/ é dó ɖɔ xóƉò nùxíwómɛ wèmá tɔn jí: Whatsapp
5.5
Via une application mobile : Autre/ Gbɔn alokan  ɖevo jí
3.4
Via un poste de radio au travail/ Gbɔn hladio jí ɖò azɔ̌mɛ
2.9
Via un poste de radio dans les lieux publics/ Gbɔn hladio jí ɖò fí e mɛ lɛ nɔ kplé ɖè lɛ é
1.7
Via un poste de radio dans les transports/ Gbɔn hladio jí ɖò mɔ̌to mɛ
1.4
Via une application mobile : Facebook/ Gbɔn alokan Facebook jí:/ Xò nùjlajla jí: Facebook
0.8","Via un poste de radio à la maison/ Gbɔn hladio jí ɖò xwégbe
71
Via mon téléphone portable, utilisé comme un poste de radio/ Gbɔn alokan ce jí, un nɔ zán ɖi hladio ɖɔhun/
54
Via un poste de radio ou un téléphone portable appartenant à un proche/ Gbɔn hladio jí alǒ alokan e nyí mɛvívɛ́ ce tɔn é jí
27
Via une application mobile : FM ou application radio/ Gbɔn application mobile jí Ðevo/ Ɖò nùjlajla jí: FM alǒ radio
12
Via une application mobile : Whatsapp/ Gbɔn alokan ɖé jí: Whatsapp/ é dó ɖɔ xóƉò nùxíwómɛ wèmá tɔn jí: Whatsapp
11
Via une application mobile : Autre/ Gbɔn alokan  ɖevo jí
6
Via un poste de radio au travail/ Gbɔn hladio jí ɖò azɔ̌mɛ
4
Via un poste de radio dans les lieux publics/ Gbɔn hladio jí ɖò fí e mɛ lɛ nɔ kplé ɖè lɛ é
3
Via un poste de radio dans les transports/ Gbɔn hladio jí ɖò mɔ̌to mɛ
4
Via une application mobile : Facebook/ Gbɔn alokan Facebook jí:/ Xò nùjlajla jí: Facebook
2","Via un poste de radio à la maison/ Gbɔn hladio jí ɖò xwégbe
158516.5
Via mon téléphone portable, utilisé comme un poste de radio/ Gbɔn alokan ce jí, un nɔ zán ɖi hladio ɖɔhun/
111691.3
Via un poste de radio ou un téléphone portable appartenant à un proche/ Gbɔn hladio jí alǒ alokan e nyí mɛvívɛ́ ce tɔn é jí
35417.7
Via une application mobile : FM ou application radio/ Gbɔn application mobile jí Ðevo/ Ɖò nùjlajla jí: FM alǒ radio
31912.1
Via une application mobile : Whatsapp/ Gbɔn alokan ɖé jí: Whatsapp/ é dó ɖɔ xóƉò nùxíwómɛ wèmá tɔn jí: Whatsapp
21990.3
Via une application mobile : Autre/ Gbɔn alokan  ɖevo jí
13681.8
Via un poste de radio au travail/ Gbɔn hladio jí ɖò azɔ̌mɛ
11442.4
Via un poste de radio dans les lieux publics/ Gbɔn hladio jí ɖò fí e mɛ lɛ nɔ kplé ɖè lɛ é
6906.4
Via un poste de radio dans les transports/ Gbɔn hladio jí ɖò mɔ̌to mɛ
5497.0
Via une application mobile : Facebook/ Gbɔn alokan Facebook jí:/ Xò nùjlajla jí: Facebook
3304.4",Unknown,"Via un poste de radio à la maison/ Gbɔn hladio jí ɖò xwégbe
47.7
Via mon téléphone portable, utilisé comme un poste de radio/ Gbɔn alokan ce jí, un nɔ zán ɖi hladio ɖɔhun/
29.8
Via un poste de radio au travail/ Gbɔn hladio jí ɖò azɔ̌mɛ
13.1
Via un poste de radio ou un téléphone portable appartenant à un proche/ Gbɔn hladio jí alǒ alokan e nyí mɛvívɛ́ ce tɔn é jí
4.4
Via un poste de radio dans les transports/ Gbɔn hladio jí ɖò mɔ̌to mɛ
3.0
Via un poste de radio dans les lieux publics/ Gbɔn hladio jí ɖò fí e mɛ lɛ nɔ kplé ɖè lɛ é
1.1
Via une application mobile : FM ou application radio/ Gbɔn application mobile jí Ðevo/ Ɖò nùjlajla jí: FM alǒ radio
0.9","Via un poste de radio à la maison/ Gbɔn hladio jí ɖò xwégbe
35
Via mon téléphone portable, utilisé comme un poste de radio/ Gbɔn alokan ce jí, un nɔ zán ɖi hladio ɖɔhun/
19
Via un poste de radio au travail/ Gbɔn hladio jí ɖò azɔ̌mɛ
3
Via un poste de radio ou un téléphone portable appartenant à un proche/ Gbɔn hladio jí alǒ alokan e nyí mɛvívɛ́ ce tɔn é jí
3
Via un poste de radio dans les transports/ Gbɔn hladio jí ɖò mɔ̌to mɛ
5
Via un poste de radio dans les lieux publics/ Gbɔn hladio jí ɖò fí e mɛ lɛ nɔ kplé ɖè lɛ é
4
Via une application mobile : FM ou application radio/ Gbɔn application mobile jí Ðevo/ Ɖò nùjlajla jí: FM alǒ radio
2","Via un poste de radio à la maison/ Gbɔn hladio jí ɖò xwégbe
35200.8
Via mon téléphone portable, utilisé comme un poste de radio/ Gbɔn alokan ce jí, un nɔ zán ɖi hladio ɖɔhun/
21971.0
Via un poste de radio au travail/ Gbɔn hladio jí ɖò azɔ̌mɛ
9630.8
Via un poste de radio ou un téléphone portable appartenant à un proche/ Gbɔn hladio jí alǒ alokan e nyí mɛvívɛ́ ce tɔn é jí
3277.3
Via un poste de radio dans les transports/ Gbɔn hladio jí ɖò mɔ̌to mɛ
2225.1
Via un poste de radio dans les lieux publics/ Gbɔn hladio jí ɖò fí e mɛ lɛ nɔ kplé ɖè lɛ é
808.5
Via une application mobile : FM ou application radio/ Gbɔn application mobile jí Ðevo/ Ɖò nùjlajla jí: FM alǒ radio
647.4",Unknown,"Via un poste de radio à la maison/ Gbɔn hladio jí ɖò xwégbe
54.5
Via mon téléphone portable, utilisé comme un poste de radio/ Gbɔn alokan ce jí, un nɔ zán ɖi hladio ɖɔhun/
27.3
Via un poste de radio dans les lieux publics/ Gbɔn hladio jí ɖò fí e mɛ lɛ nɔ kplé ɖè lɛ é
9.1
Via un poste de radio ou un téléphone portable appartenant à un proche/ Gbɔn hladio jí alǒ alokan e nyí mɛvívɛ́ ce tɔn é jí
9.1","Via un poste de radio à la maison/ Gbɔn hladio jí ɖò xwégbe
6
Via mon téléphone portable, utilisé comme un poste de radio/ Gbɔn alokan ce jí, un nɔ zán ɖi hladio ɖɔhun/
3
Via un poste de radio dans les lieux publics/ Gbɔn hladio jí ɖò fí e mɛ lɛ nɔ kplé ɖè lɛ é
1
Via un poste de radio ou un téléphone portable appartenant à un proche/ Gbɔn hladio jí alǒ alokan e nyí mɛvívɛ́ ce tɔn é jí
1","Via un poste de radio à la maison/ Gbɔn hladio jí ɖò xwégbe
126.0
Via mon téléphone portable, utilisé comme un poste de radio/ Gbɔn alokan ce jí, un nɔ zán ɖi hladio ɖɔhun/
63.0
Via un poste de radio dans les lieux publics/ Gbɔn hladio jí ɖò fí e mɛ lɛ nɔ kplé ɖè lɛ é
21.0
Via un poste de radio ou un téléphone portable appartenant à un proche/ Gbɔn hladio jí alǒ alokan e nyí mɛvívɛ́ ce tɔn é jí
21.0",Unknown,"Via un poste de radio à la maison/ Gbɔn hladio jí ɖò xwégbe
40.2
Via un poste de radio au travail/ Gbɔn hladio jí ɖò azɔ̌mɛ
33.8
Via une application mobile : FM ou application radio/ Gbɔn application mobile jí Ðevo/ Ɖò nùjlajla jí: FM alǒ radio
12.9
Via mon téléphone portable, utilisé comme un poste de radio/ Gbɔn alokan ce jí, un nɔ zán ɖi hladio ɖɔhun/
12.9
Via un poste de radio ou un téléphone portable appartenant à un proche/ Gbɔn hladio jí alǒ alokan e nyí mɛvívɛ́ ce tɔn é jí
0.2","Via un poste de radio à la maison/ Gbɔn hladio jí ɖò xwégbe
24
Via un poste de radio au travail/ Gbɔn hladio jí ɖò azɔ̌mɛ
3
Via une application mobile : FM ou application radio/ Gbɔn application mobile jí Ðevo/ Ɖò nùjlajla jí: FM alǒ radio
4
Via mon téléphone portable, utilisé comme un poste de radio/ Gbɔn alokan ce jí, un nɔ zán ɖi hladio ɖɔhun/
8
Via un poste de radio ou un téléphone portable appartenant à un proche/ Gbɔn hladio jí alǒ alokan e nyí mɛvívɛ́ ce tɔn é jí
1","Via un poste de radio à la maison/ Gbɔn hladio jí ɖò xwégbe
5540.2
Via un poste de radio au travail/ Gbɔn hladio jí ɖò azɔ̌mɛ
4655.5
Via une application mobile : FM ou application radio/ Gbɔn application mobile jí Ðevo/ Ɖò nùjlajla jí: FM alǒ radio
1782.6
Via mon téléphone portable, utilisé comme un poste de radio/ Gbɔn alokan ce jí, un nɔ zán ɖi hladio ɖɔhun/
1775.5
Via un poste de radio ou un téléphone portable appartenant à un proche/ Gbɔn hladio jí alǒ alokan e nyí mɛvívɛ́ ce tɔn é jí
30.6",Unknown,"Via mon téléphone portable, utilisé comme un poste de radio/ Gbɔn alokan ce jí, un nɔ zán ɖi hladio ɖɔhun/
60.0
Via un poste de radio à la maison/ Gbɔn hladio jí ɖò xwégbe
40.0","Via mon téléphone portable, utilisé comme un poste de radio/ Gbɔn alokan ce jí, un nɔ zán ɖi hladio ɖɔhun/
2
Via un poste de radio à la maison/ Gbɔn hladio jí ɖò xwégbe
3","Via mon téléphone portable, utilisé comme un poste de radio/ Gbɔn alokan ce jí, un nɔ zán ɖi hladio ɖɔhun/
584.5
Via un poste de radio à la maison/ Gbɔn hladio jí ɖò xwégbe
389.7",Unknown,"Via un poste de radio à la maison/ Gbɔn hladio jí ɖò xwégbe
40.0
Via un poste de radio ou un téléphone portable appartenant à un proche/ Gbɔn hladio jí alǒ alokan e nyí mɛvívɛ́ ce tɔn é jí
22.0
Via mon téléphone portable, utilisé comme un poste de radio/ Gbɔn alokan ce jí, un nɔ zán ɖi hladio ɖɔhun/
14.2
Via un poste de radio au travail/ Gbɔn hladio jí ɖò azɔ̌mɛ
10.9
Via un poste de radio dans les transports/ Gbɔn hladio jí ɖò mɔ̌to mɛ
6.8
Via un poste de radio dans les lieux publics/ Gbɔn hladio jí ɖò fí e mɛ lɛ nɔ kplé ɖè lɛ é
2.9
Je ne sais pas/ Un tuùn ǎ
1.6
Via une application mobile : FM ou application radio/ Gbɔn application mobile jí Ðevo/ Ɖò nùjlajla jí: FM alǒ radio
1.6","Via un poste de radio à la maison/ Gbɔn hladio jí ɖò xwégbe
28
Via un poste de radio ou un téléphone portable appartenant à un proche/ Gbɔn hladio jí alǒ alokan e nyí mɛvívɛ́ ce tɔn é jí
8
Via mon téléphone portable, utilisé comme un poste de radio/ Gbɔn alokan ce jí, un nɔ zán ɖi hladio ɖɔhun/
14
Via un poste de radio au travail/ Gbɔn hladio jí ɖò azɔ̌mɛ
5
Via un poste de radio dans les transports/ Gbɔn hladio jí ɖò mɔ̌to mɛ
3
Via un poste de radio dans les lieux publics/ Gbɔn hladio jí ɖò fí e mɛ lɛ nɔ kplé ɖè lɛ é
4
Je ne sais pas/ Un tuùn ǎ
1
Via une application mobile : FM ou application radio/ Gbɔn application mobile jí Ðevo/ Ɖò nùjlajla jí: FM alǒ radio
2","Via un poste de radio à la maison/ Gbɔn hladio jí ɖò xwégbe
87856.1
Via un poste de radio ou un téléphone portable appartenant à un proche/ Gbɔn hladio jí alǒ alokan e nyí mɛvívɛ́ ce tɔn é jí
48273.3
Via mon téléphone portable, utilisé comme un poste de radio/ Gbɔn alokan ce jí, un nɔ zán ɖi hladio ɖɔhun/
31184.2
Via un poste de radio au travail/ Gbɔn hladio jí ɖò azɔ̌mɛ
23990.7
Via un poste de radio dans les transports/ Gbɔn hladio jí ɖò mɔ̌to mɛ
14843.6
Via un poste de radio dans les lieux publics/ Gbɔn hladio jí ɖò fí e mɛ lɛ nɔ kplé ɖè lɛ é
6433.4
Je ne sais pas/ Un tuùn ǎ
3462.3
Via une application mobile : FM ou application radio/ Gbɔn application mobile jí Ðevo/ Ɖò nùjlajla jí: FM alǒ radio
3462.3",Unknown
Favourite Radio Format,"Témoignages (des personnes réelles partagent leur vie personnelle)/ Kúnnuɖenú lɛ (mɛ nǔgbo lɛ nɔ má gbɛzán yeɖesunɔ tɔn lɛ)
32.7
Émission avec appels téléphoniques (le public appelle et des experts répondent à leurs questions)/ Nǔ e è nɔ ylɔ mɛ lɛ é (mɛ e ɖò kplé ɔ tɛnmɛ lɛ é nɔ ylɔ mɛ lɛ bɔ mɛ e tuùn nǔ lɛ é nɔ na xósin nú nǔkanbyɔ yetɔn lɛ)
29.8
Interview (un animateur interviewe un ou plusieurs experts) / Xóɖɔɖókpɔ́ (mɛ e nɔ kpé nukún dó nǔ lɛ wu é ɖé nɔ kàn nǔ byɔ mɛ e tuùn nǔ ganji lɛ é ɖokpo alǒ hú mɔ̌)
21.7
Série fictionnelle (des acteurs jouent les mêmes personnages dans plusieurs épisodes)/ Nǔ e è nɔ xò ɖò nǔjlɛdonǔwu mɛ lɛ é (mɛ e nɔ xò nǔ kpɔ́n lɛ é nɔ xò nǔ ɖokpo ɔ lɛ ɖò xóɖiɖɔ gègě mɛ)
8.5
Narration (lorsqu'un ou plusieurs personnages fictifs racontent leur histoire dans un monologue, c'est-à-dire lorsqu'une seule personne parle). Tan kpikpa (hwenu e mɛ e è lin ɖɔ é ɖò tan yetɔn mɛ é ɖokpo alǒ hú mɔ̌ ɖɔ tan yetɔn ɖò xóɖɔɖókpɔ́ mɛɖokponɔ tɔn mɛ é, enɛ wɛ nyí ɖɔ mɛ ɖokpo géé wɛ ɖɔ xó).
6.0
Fiction unitaire (chaque programme est une histoire complète, avec des acteurs incarnant des personnages)/ Xɛxó e è nɔ bló ɖò akpáxwé ɖokpo jí é (tuto ɖokpo ɖokpo nyí tan bǔnɔ ɖé, bɔ nǔjlɛdonǔwutɔ́ lɛ nɔ ɖè mɛ e ɖ’emɛ lɛ é xlɛ́)
1.4","Témoignages (des personnes réelles partagent leur vie personnelle)/ Kúnnuɖenú lɛ (mɛ nǔgbo lɛ nɔ má gbɛzán yeɖesunɔ tɔn lɛ)
28
Émission avec appels téléphoniques (le public appelle et des experts répondent à leurs questions)/ Nǔ e è nɔ ylɔ mɛ lɛ é (mɛ e ɖò kplé ɔ tɛnmɛ lɛ é nɔ ylɔ mɛ lɛ bɔ mɛ e tuùn nǔ lɛ é nɔ na xósin nú nǔkanbyɔ yetɔn lɛ)
35
Interview (un animateur interviewe un ou plusieurs experts) / Xóɖɔɖókpɔ́ (mɛ e nɔ kpé nukún dó nǔ lɛ wu é ɖé nɔ kàn nǔ byɔ mɛ e tuùn nǔ ganji lɛ é ɖokpo alǒ hú mɔ̌)
26
Série fictionnelle (des acteurs jouent les mêmes personnages dans plusieurs épisodes)/ Nǔ e è nɔ xò ɖò nǔjlɛdonǔwu mɛ lɛ é (mɛ e nɔ xò nǔ kpɔ́n lɛ é nɔ xò nǔ ɖokpo ɔ lɛ ɖò xóɖiɖɔ gègě mɛ)
8
Narration (lorsqu'un ou plusieurs personnages fictifs racontent leur histoire dans un monologue, c'est-à-dire lorsqu'une seule personne parle). Tan kpikpa (hwenu e mɛ e è lin ɖɔ é ɖò tan yetɔn mɛ é ɖokpo alǒ hú mɔ̌ ɖɔ tan yetɔn ɖò xóɖɔɖókpɔ́ mɛɖokponɔ tɔn mɛ é, enɛ wɛ nyí ɖɔ mɛ ɖokpo géé wɛ ɖɔ xó).
9
Fiction unitaire (chaque programme est une histoire complète, avec des acteurs incarnant des personnages)/ Xɛxó e è nɔ bló ɖò akpáxwé ɖokpo jí é (tuto ɖokpo ɖokpo nyí tan bǔnɔ ɖé, bɔ nǔjlɛdonǔwutɔ́ lɛ nɔ ɖè mɛ e ɖ’emɛ lɛ é xlɛ́)
4","Témoignages (des personnes réelles partagent leur vie personnelle)/ Kúnnuɖenú lɛ (mɛ nǔgbo lɛ nɔ má gbɛzán yeɖesunɔ tɔn lɛ)
5360.6
Émission avec appels téléphoniques (le public appelle et des experts répondent à leurs questions)/ Nǔ e è nɔ ylɔ mɛ lɛ é (mɛ e ɖò kplé ɔ tɛnmɛ lɛ é nɔ ylɔ mɛ lɛ bɔ mɛ e tuùn nǔ lɛ é nɔ na xósin nú nǔkanbyɔ yetɔn lɛ)
4889.7
Interview (un animateur interviewe un ou plusieurs experts) / Xóɖɔɖókpɔ́ (mɛ e nɔ kpé nukún dó nǔ lɛ wu é ɖé nɔ kàn nǔ byɔ mɛ e tuùn nǔ ganji lɛ é ɖokpo alǒ hú mɔ̌)
3551.9
Série fictionnelle (des acteurs jouent les mêmes personnages dans plusieurs épisodes)/ Nǔ e è nɔ xò ɖò nǔjlɛdonǔwu mɛ lɛ é (mɛ e nɔ xò nǔ kpɔ́n lɛ é nɔ xò nǔ ɖokpo ɔ lɛ ɖò xóɖiɖɔ gègě mɛ)
1386.8
Narration (lorsqu'un ou plusieurs personnages fictifs racontent leur histoire dans un monologue, c'est-à-dire lorsqu'une seule personne parle). Tan kpikpa (hwenu e mɛ e è lin ɖɔ é ɖò tan yetɔn mɛ é ɖokpo alǒ hú mɔ̌ ɖɔ tan yetɔn ɖò xóɖɔɖókpɔ́ mɛɖokponɔ tɔn mɛ é, enɛ wɛ nyí ɖɔ mɛ ɖokpo géé wɛ ɖɔ xó).
985.2
Fiction unitaire (chaque programme est une histoire complète, avec des acteurs incarnant des personnages)/ Xɛxó e è nɔ bló ɖò akpáxwé ɖokpo jí é (tuto ɖokpo ɖokpo nyí tan bǔnɔ ɖé, bɔ nǔjlɛdonǔwutɔ́ lɛ nɔ ɖè mɛ e ɖ’emɛ lɛ é xlɛ́)
222.8",Unknown,"Émission avec appels téléphoniques (le public appelle et des experts répondent à leurs questions)/ Nǔ e è nɔ ylɔ mɛ lɛ é (mɛ e ɖò kplé ɔ tɛnmɛ lɛ é nɔ ylɔ mɛ lɛ bɔ mɛ e tuùn nǔ lɛ é nɔ na xósin nú nǔkanbyɔ yetɔn lɛ)
28.6
Témoignages (des personnes réelles partagent leur vie personnelle)/ Kúnnuɖenú lɛ (mɛ nǔgbo lɛ nɔ má gbɛzán yeɖesunɔ tɔn lɛ)
27.9
Interview (un animateur interviewe un ou plusieurs experts) / Xóɖɔɖókpɔ́ (mɛ e nɔ kpé nukún dó nǔ lɛ wu é ɖé nɔ kàn nǔ byɔ mɛ e tuùn nǔ ganji lɛ é ɖokpo alǒ hú mɔ̌)
26.6
Narration (lorsqu'un ou plusieurs personnages fictifs racontent leur histoire dans un monologue, c'est-à-dire lorsqu'une seule personne parle). Tan kpikpa (hwenu e mɛ e è lin ɖɔ é ɖò tan yetɔn mɛ é ɖokpo alǒ hú mɔ̌ ɖɔ tan yetɔn ɖò xóɖɔɖókpɔ́ mɛɖokponɔ tɔn mɛ é, enɛ wɛ nyí ɖɔ mɛ ɖokpo géé wɛ ɖɔ xó).
15.6
Fiction unitaire (chaque programme est une histoire complète, avec des acteurs incarnant des personnages)/ Xɛxó e è nɔ bló ɖò akpáxwé ɖokpo jí é (tuto ɖokpo ɖokpo nyí tan bǔnɔ ɖé, bɔ nǔjlɛdonǔwutɔ́ lɛ nɔ ɖè mɛ e ɖ’emɛ lɛ é xlɛ́)
1.3","Émission avec appels téléphoniques (le public appelle et des experts répondent à leurs questions)/ Nǔ e è nɔ ylɔ mɛ lɛ é (mɛ e ɖò kplé ɔ tɛnmɛ lɛ é nɔ ylɔ mɛ lɛ bɔ mɛ e tuùn nǔ lɛ é nɔ na xósin nú nǔkanbyɔ yetɔn lɛ)
9
Témoignages (des personnes réelles partagent leur vie personnelle)/ Kúnnuɖenú lɛ (mɛ nǔgbo lɛ nɔ má gbɛzán yeɖesunɔ tɔn lɛ)
5
Interview (un animateur interviewe un ou plusieurs experts) / Xóɖɔɖókpɔ́ (mɛ e nɔ kpé nukún dó nǔ lɛ wu é ɖé nɔ kàn nǔ byɔ mɛ e tuùn nǔ ganji lɛ é ɖokpo alǒ hú mɔ̌)
4
Narration (lorsqu'un ou plusieurs personnages fictifs racontent leur histoire dans un monologue, c'est-à-dire lorsqu'une seule personne parle). Tan kpikpa (hwenu e mɛ e è lin ɖɔ é ɖò tan yetɔn mɛ é ɖokpo alǒ hú mɔ̌ ɖɔ tan yetɔn ɖò xóɖɔɖókpɔ́ mɛɖokponɔ tɔn mɛ é, enɛ wɛ nyí ɖɔ mɛ ɖokpo géé wɛ ɖɔ xó).
2
Fiction unitaire (chaque programme est une histoire complète, avec des acteurs incarnant des personnages)/ Xɛxó e è nɔ bló ɖò akpáxwé ɖokpo jí é (tuto ɖokpo ɖokpo nyí tan bǔnɔ ɖé, bɔ nǔjlɛdonǔwutɔ́ lɛ nɔ ɖè mɛ e ɖ’emɛ lɛ é xlɛ́)
1","Émission avec appels téléphoniques (le public appelle et des experts répondent à leurs questions)/ Nǔ e è nɔ ylɔ mɛ lɛ é (mɛ e ɖò kplé ɔ tɛnmɛ lɛ é nɔ ylɔ mɛ lɛ bɔ mɛ e tuùn nǔ lɛ é nɔ na xósin nú nǔkanbyɔ yetɔn lɛ)
1778.8
Témoignages (des personnes réelles partagent leur vie personnelle)/ Kúnnuɖenú lɛ (mɛ nǔgbo lɛ nɔ má gbɛzán yeɖesunɔ tɔn lɛ)
1738.4
Interview (un animateur interviewe un ou plusieurs experts) / Xóɖɔɖókpɔ́ (mɛ e nɔ kpé nukún dó nǔ lɛ wu é ɖé nɔ kàn nǔ byɔ mɛ e tuùn nǔ ganji lɛ é ɖokpo alǒ hú mɔ̌)
1657.5
Narration (lorsqu'un ou plusieurs personnages fictifs racontent leur histoire dans un monologue, c'est-à-dire lorsqu'une seule personne parle). Tan kpikpa (hwenu e mɛ e è lin ɖɔ é ɖò tan yetɔn mɛ é ɖokpo alǒ hú mɔ̌ ɖɔ tan yetɔn ɖò xóɖɔɖókpɔ́ mɛɖokponɔ tɔn mɛ é, enɛ wɛ nyí ɖɔ mɛ ɖokpo géé wɛ ɖɔ xó).
970.3
Fiction unitaire (chaque programme est une histoire complète, avec des acteurs incarnant des personnages)/ Xɛxó e è nɔ bló ɖò akpáxwé ɖokpo jí é (tuto ɖokpo ɖokpo nyí tan bǔnɔ ɖé, bɔ nǔjlɛdonǔwutɔ́ lɛ nɔ ɖè mɛ e ɖ’emɛ lɛ é xlɛ́)
80.9",Unknown,"Émission avec appels téléphoniques (le public appelle et des experts répondent à leurs questions)/ Nǔ e è nɔ ylɔ mɛ lɛ é (mɛ e ɖò kplé ɔ tɛnmɛ lɛ é nɔ ylɔ mɛ lɛ bɔ mɛ e tuùn nǔ lɛ é nɔ na xósin nú nǔkanbyɔ yetɔn lɛ)
43.3
Témoignages (des personnes réelles partagent leur vie personnelle)/ Kúnnuɖenú lɛ (mɛ nǔgbo lɛ nɔ má gbɛzán yeɖesunɔ tɔn lɛ)
27.0
Interview (un animateur interviewe un ou plusieurs experts) / Xóɖɔɖókpɔ́ (mɛ e nɔ kpé nukún dó nǔ lɛ wu é ɖé nɔ kàn nǔ byɔ mɛ e tuùn nǔ ganji lɛ é ɖokpo alǒ hú mɔ̌)
23.8
Narration (lorsqu'un ou plusieurs personnages fictifs racontent leur histoire dans un monologue, c'est-à-dire lorsqu'une seule personne parle). Tan kpikpa (hwenu e mɛ e è lin ɖɔ é ɖò tan yetɔn mɛ é ɖokpo alǒ hú mɔ̌ ɖɔ tan yetɔn ɖò xóɖɔɖókpɔ́ mɛɖokponɔ tɔn mɛ é, enɛ wɛ nyí ɖɔ mɛ ɖokpo géé wɛ ɖɔ xó).
4.1
Fiction unitaire (chaque programme est une histoire complète, avec des acteurs incarnant des personnages)/ Xɛxó e è nɔ bló ɖò akpáxwé ɖokpo jí é (tuto ɖokpo ɖokpo nyí tan bǔnɔ ɖé, bɔ nǔjlɛdonǔwutɔ́ lɛ nɔ ɖè mɛ e ɖ’emɛ lɛ é xlɛ́)
0.9
Série fictionnelle (des acteurs jouent les mêmes personnages dans plusieurs épisodes)/ Nǔ e è nɔ xò ɖò nǔjlɛdonǔwu mɛ lɛ é (mɛ e nɔ xò nǔ kpɔ́n lɛ é nɔ xò nǔ ɖokpo ɔ lɛ ɖò xóɖiɖɔ gègě mɛ)
0.5
Autre : veuillez préciser/ Ɖevo: kɛnklɛn ɖɔ
0.2
Je ne sais pas/ Un tuùn ǎ
0.2","Émission avec appels téléphoniques (le public appelle et des experts répondent à leurs questions)/ Nǔ e è nɔ ylɔ mɛ lɛ é (mɛ e ɖò kplé ɔ tɛnmɛ lɛ é nɔ ylɔ mɛ lɛ bɔ mɛ e tuùn nǔ lɛ é nɔ na xósin nú nǔkanbyɔ yetɔn lɛ)
372
Témoignages (des personnes réelles partagent leur vie personnelle)/ Kúnnuɖenú lɛ (mɛ nǔgbo lɛ nɔ má gbɛzán yeɖesunɔ tɔn lɛ)
267
Interview (un animateur interviewe un ou plusieurs experts) / Xóɖɔɖókpɔ́ (mɛ e nɔ kpé nukún dó nǔ lɛ wu é ɖé nɔ kàn nǔ byɔ mɛ e tuùn nǔ ganji lɛ é ɖokpo alǒ hú mɔ̌)
209
Narration (lorsqu'un ou plusieurs personnages fictifs racontent leur histoire dans un monologue, c'est-à-dire lorsqu'une seule personne parle). Tan kpikpa (hwenu e mɛ e è lin ɖɔ é ɖò tan yetɔn mɛ é ɖokpo alǒ hú mɔ̌ ɖɔ tan yetɔn ɖò xóɖɔɖókpɔ́ mɛɖokponɔ tɔn mɛ é, enɛ wɛ nyí ɖɔ mɛ ɖokpo géé wɛ ɖɔ xó).
56
Fiction unitaire (chaque programme est une histoire complète, avec des acteurs incarnant des personnages)/ Xɛxó e è nɔ bló ɖò akpáxwé ɖokpo jí é (tuto ɖokpo ɖokpo nyí tan bǔnɔ ɖé, bɔ nǔjlɛdonǔwutɔ́ lɛ nɔ ɖè mɛ e ɖ’emɛ lɛ é xlɛ́)
32
Série fictionnelle (des acteurs jouent les mêmes personnages dans plusieurs épisodes)/ Nǔ e è nɔ xò ɖò nǔjlɛdonǔwu mɛ lɛ é (mɛ e nɔ xò nǔ kpɔ́n lɛ é nɔ xò nǔ ɖokpo ɔ lɛ ɖò xóɖiɖɔ gègě mɛ)
25
Autre : veuillez préciser/ Ɖevo: kɛnklɛn ɖɔ
13
Je ne sais pas/ Un tuùn ǎ
4","Émission avec appels téléphoniques (le public appelle et des experts répondent à leurs questions)/ Nǔ e è nɔ ylɔ mɛ lɛ é (mɛ e ɖò kplé ɔ tɛnmɛ lɛ é nɔ ylɔ mɛ lɛ bɔ mɛ e tuùn nǔ lɛ é nɔ na xósin nú nǔkanbyɔ yetɔn lɛ)
464555.4
Témoignages (des personnes réelles partagent leur vie personnelle)/ Kúnnuɖenú lɛ (mɛ nǔgbo lɛ nɔ má gbɛzán yeɖesunɔ tɔn lɛ)
289553.5
Interview (un animateur interviewe un ou plusieurs experts) / Xóɖɔɖókpɔ́ (mɛ e nɔ kpé nukún dó nǔ lɛ wu é ɖé nɔ kàn nǔ byɔ mɛ e tuùn nǔ ganji lɛ é ɖokpo alǒ hú mɔ̌)
255268.5
Narration (lorsqu'un ou plusieurs personnages fictifs racontent leur histoire dans un monologue, c'est-à-dire lorsqu'une seule personne parle). Tan kpikpa (hwenu e mɛ e è lin ɖɔ é ɖò tan yetɔn mɛ é ɖokpo alǒ hú mɔ̌ ɖɔ tan yetɔn ɖò xóɖɔɖókpɔ́ mɛɖokponɔ tɔn mɛ é, enɛ wɛ nyí ɖɔ mɛ ɖokpo géé wɛ ɖɔ xó).
44114.9
Fiction unitaire (chaque programme est une histoire complète, avec des acteurs incarnant des personnages)/ Xɛxó e è nɔ bló ɖò akpáxwé ɖokpo jí é (tuto ɖokpo ɖokpo nyí tan bǔnɔ ɖé, bɔ nǔjlɛdonǔwutɔ́ lɛ nɔ ɖè mɛ e ɖ’emɛ lɛ é xlɛ́)
9497.2
Série fictionnelle (des acteurs jouent les mêmes personnages dans plusieurs épisodes)/ Nǔ e è nɔ xò ɖò nǔjlɛdonǔwu mɛ lɛ é (mɛ e nɔ xò nǔ kpɔ́n lɛ é nɔ xò nǔ ɖokpo ɔ lɛ ɖò xóɖiɖɔ gègě mɛ)
5140.9
Autre : veuillez préciser/ Ɖevo: kɛnklɛn ɖɔ
2564.5
Je ne sais pas/ Un tuùn ǎ
1753.2",Unknown,"Émission avec appels téléphoniques (le public appelle et des experts répondent à leurs questions)/ Nǔ e è nɔ ylɔ mɛ lɛ é (mɛ e ɖò kplé ɔ tɛnmɛ lɛ é nɔ ylɔ mɛ lɛ bɔ mɛ e tuùn nǔ lɛ é nɔ na xósin nú nǔkanbyɔ yetɔn lɛ)
50.0
Témoignages (des personnes réelles partagent leur vie personnelle)/ Kúnnuɖenú lɛ (mɛ nǔgbo lɛ nɔ má gbɛzán yeɖesunɔ tɔn lɛ)
22.1
Interview (un animateur interviewe un ou plusieurs experts) / Xóɖɔɖókpɔ́ (mɛ e nɔ kpé nukún dó nǔ lɛ wu é ɖé nɔ kàn nǔ byɔ mɛ e tuùn nǔ ganji lɛ é ɖokpo alǒ hú mɔ̌)
14.5
Narration (lorsqu'un ou plusieurs personnages fictifs racontent leur histoire dans un monologue, c'est-à-dire lorsqu'une seule personne parle). Tan kpikpa (hwenu e mɛ e è lin ɖɔ é ɖò tan yetɔn mɛ é ɖokpo alǒ hú mɔ̌ ɖɔ tan yetɔn ɖò xóɖɔɖókpɔ́ mɛɖokponɔ tɔn mɛ é, enɛ wɛ nyí ɖɔ mɛ ɖokpo géé wɛ ɖɔ xó).
9.8
Fiction unitaire (chaque programme est une histoire complète, avec des acteurs incarnant des personnages)/ Xɛxó e è nɔ bló ɖò akpáxwé ɖokpo jí é (tuto ɖokpo ɖokpo nyí tan bǔnɔ ɖé, bɔ nǔjlɛdonǔwutɔ́ lɛ nɔ ɖè mɛ e ɖ’emɛ lɛ é xlɛ́)
2.3
Série fictionnelle (des acteurs jouent les mêmes personnages dans plusieurs épisodes)/ Nǔ e è nɔ xò ɖò nǔjlɛdonǔwu mɛ lɛ é (mɛ e nɔ xò nǔ kpɔ́n lɛ é nɔ xò nǔ ɖokpo ɔ lɛ ɖò xóɖiɖɔ gègě mɛ)
1.2
Je ne sais pas/ Un tuùn ǎ
0.2","Émission avec appels téléphoniques (le public appelle et des experts répondent à leurs questions)/ Nǔ e è nɔ ylɔ mɛ lɛ é (mɛ e ɖò kplé ɔ tɛnmɛ lɛ é nɔ ylɔ mɛ lɛ bɔ mɛ e tuùn nǔ lɛ é nɔ na xósin nú nǔkanbyɔ yetɔn lɛ)
41
Témoignages (des personnes réelles partagent leur vie personnelle)/ Kúnnuɖenú lɛ (mɛ nǔgbo lɛ nɔ má gbɛzán yeɖesunɔ tɔn lɛ)
33
Interview (un animateur interviewe un ou plusieurs experts) / Xóɖɔɖókpɔ́ (mɛ e nɔ kpé nukún dó nǔ lɛ wu é ɖé nɔ kàn nǔ byɔ mɛ e tuùn nǔ ganji lɛ é ɖokpo alǒ hú mɔ̌)
21
Narration (lorsqu'un ou plusieurs personnages fictifs racontent leur histoire dans un monologue, c'est-à-dire lorsqu'une seule personne parle). Tan kpikpa (hwenu e mɛ e è lin ɖɔ é ɖò tan yetɔn mɛ é ɖokpo alǒ hú mɔ̌ ɖɔ tan yetɔn ɖò xóɖɔɖókpɔ́ mɛɖokponɔ tɔn mɛ é, enɛ wɛ nyí ɖɔ mɛ ɖokpo géé wɛ ɖɔ xó).
12
Fiction unitaire (chaque programme est une histoire complète, avec des acteurs incarnant des personnages)/ Xɛxó e è nɔ bló ɖò akpáxwé ɖokpo jí é (tuto ɖokpo ɖokpo nyí tan bǔnɔ ɖé, bɔ nǔjlɛdonǔwutɔ́ lɛ nɔ ɖè mɛ e ɖ’emɛ lɛ é xlɛ́)
2
Série fictionnelle (des acteurs jouent les mêmes personnages dans plusieurs épisodes)/ Nǔ e è nɔ xò ɖò nǔjlɛdonǔwu mɛ lɛ é (mɛ e nɔ xò nǔ kpɔ́n lɛ é nɔ xò nǔ ɖokpo ɔ lɛ ɖò xóɖiɖɔ gègě mɛ)
3
Je ne sais pas/ Un tuùn ǎ
1","Émission avec appels téléphoniques (le public appelle et des experts répondent à leurs questions)/ Nǔ e è nɔ ylɔ mɛ lɛ é (mɛ e ɖò kplé ɔ tɛnmɛ lɛ é nɔ ylɔ mɛ lɛ bɔ mɛ e tuùn nǔ lɛ é nɔ na xósin nú nǔkanbyɔ yetɔn lɛ)
32009.1
Témoignages (des personnes réelles partagent leur vie personnelle)/ Kúnnuɖenú lɛ (mɛ nǔgbo lɛ nɔ má gbɛzán yeɖesunɔ tɔn lɛ)
14163.8
Interview (un animateur interviewe un ou plusieurs experts) / Xóɖɔɖókpɔ́ (mɛ e nɔ kpé nukún dó nǔ lɛ wu é ɖé nɔ kàn nǔ byɔ mɛ e tuùn nǔ ganji lɛ é ɖokpo alǒ hú mɔ̌)
9275.0
Narration (lorsqu'un ou plusieurs personnages fictifs racontent leur histoire dans un monologue, c'est-à-dire lorsqu'une seule personne parle). Tan kpikpa (hwenu e mɛ e è lin ɖɔ é ɖò tan yetɔn mɛ é ɖokpo alǒ hú mɔ̌ ɖɔ tan yetɔn ɖò xóɖɔɖókpɔ́ mɛɖokponɔ tɔn mɛ é, enɛ wɛ nyí ɖɔ mɛ ɖokpo géé wɛ ɖɔ xó).
6246.2
Fiction unitaire (chaque programme est une histoire complète, avec des acteurs incarnant des personnages)/ Xɛxó e è nɔ bló ɖò akpáxwé ɖokpo jí é (tuto ɖokpo ɖokpo nyí tan bǔnɔ ɖé, bɔ nǔjlɛdonǔwutɔ́ lɛ nɔ ɖè mɛ e ɖ’emɛ lɛ é xlɛ́)
1443.6
Série fictionnelle (des acteurs jouent les mêmes personnages dans plusieurs épisodes)/ Nǔ e è nɔ xò ɖò nǔjlɛdonǔwu mɛ lɛ é (mɛ e nɔ xò nǔ kpɔ́n lɛ é nɔ xò nǔ ɖokpo ɔ lɛ ɖò xóɖiɖɔ gègě mɛ)
742.6
Je ne sais pas/ Un tuùn ǎ
147.0",Unknown,"Émission avec appels téléphoniques (le public appelle et des experts répondent à leurs questions)/ Nǔ e è nɔ ylɔ mɛ lɛ é (mɛ e ɖò kplé ɔ tɛnmɛ lɛ é nɔ ylɔ mɛ lɛ bɔ mɛ e tuùn nǔ lɛ é nɔ na xósin nú nǔkanbyɔ yetɔn lɛ)
30.5
Narration (lorsqu'un ou plusieurs personnages fictifs racontent leur histoire dans un monologue, c'est-à-dire lorsqu'une seule personne parle). Tan kpikpa (hwenu e mɛ e è lin ɖɔ é ɖò tan yetɔn mɛ é ɖokpo alǒ hú mɔ̌ ɖɔ tan yetɔn ɖò xóɖɔɖókpɔ́ mɛɖokponɔ tɔn mɛ é, enɛ wɛ nyí ɖɔ mɛ ɖokpo géé wɛ ɖɔ xó).
26.2
Témoignages (des personnes réelles partagent leur vie personnelle)/ Kúnnuɖenú lɛ (mɛ nǔgbo lɛ nɔ má gbɛzán yeɖesunɔ tɔn lɛ)
20.0
Interview (un animateur interviewe un ou plusieurs experts) / Xóɖɔɖókpɔ́ (mɛ e nɔ kpé nukún dó nǔ lɛ wu é ɖé nɔ kàn nǔ byɔ mɛ e tuùn nǔ ganji lɛ é ɖokpo alǒ hú mɔ̌)
16.7
Fiction unitaire (chaque programme est une histoire complète, avec des acteurs incarnant des personnages)/ Xɛxó e è nɔ bló ɖò akpáxwé ɖokpo jí é (tuto ɖokpo ɖokpo nyí tan bǔnɔ ɖé, bɔ nǔjlɛdonǔwutɔ́ lɛ nɔ ɖè mɛ e ɖ’emɛ lɛ é xlɛ́)
3.9
Série fictionnelle (des acteurs jouent les mêmes personnages dans plusieurs épisodes)/ Nǔ e è nɔ xò ɖò nǔjlɛdonǔwu mɛ lɛ é (mɛ e nɔ xò nǔ kpɔ́n lɛ é nɔ xò nǔ ɖokpo ɔ lɛ ɖò xóɖiɖɔ gègě mɛ)
2.2
Autre : veuillez préciser/ Ɖevo: kɛnklɛn ɖɔ
0.5","Émission avec appels téléphoniques (le public appelle et des experts répondent à leurs questions)/ Nǔ e è nɔ ylɔ mɛ lɛ é (mɛ e ɖò kplé ɔ tɛnmɛ lɛ é nɔ ylɔ mɛ lɛ bɔ mɛ e tuùn nǔ lɛ é nɔ na xósin nú nǔkanbyɔ yetɔn lɛ)
112
Narration (lorsqu'un ou plusieurs personnages fictifs racontent leur histoire dans un monologue, c'est-à-dire lorsqu'une seule personne parle). Tan kpikpa (hwenu e mɛ e è lin ɖɔ é ɖò tan yetɔn mɛ é ɖokpo alǒ hú mɔ̌ ɖɔ tan yetɔn ɖò xóɖɔɖókpɔ́ mɛɖokponɔ tɔn mɛ é, enɛ wɛ nyí ɖɔ mɛ ɖokpo géé wɛ ɖɔ xó).
93
Témoignages (des personnes réelles partagent leur vie personnelle)/ Kúnnuɖenú lɛ (mɛ nǔgbo lɛ nɔ má gbɛzán yeɖesunɔ tɔn lɛ)
70
Interview (un animateur interviewe un ou plusieurs experts) / Xóɖɔɖókpɔ́ (mɛ e nɔ kpé nukún dó nǔ lɛ wu é ɖé nɔ kàn nǔ byɔ mɛ e tuùn nǔ ganji lɛ é ɖokpo alǒ hú mɔ̌)
46
Fiction unitaire (chaque programme est une histoire complète, avec des acteurs incarnant des personnages)/ Xɛxó e è nɔ bló ɖò akpáxwé ɖokpo jí é (tuto ɖokpo ɖokpo nyí tan bǔnɔ ɖé, bɔ nǔjlɛdonǔwutɔ́ lɛ nɔ ɖè mɛ e ɖ’emɛ lɛ é xlɛ́)
15
Série fictionnelle (des acteurs jouent les mêmes personnages dans plusieurs épisodes)/ Nǔ e è nɔ xò ɖò nǔjlɛdonǔwu mɛ lɛ é (mɛ e nɔ xò nǔ kpɔ́n lɛ é nɔ xò nǔ ɖokpo ɔ lɛ ɖò xóɖiɖɔ gègě mɛ)
9
Autre : veuillez préciser/ Ɖevo: kɛnklɛn ɖɔ
2","Émission avec appels téléphoniques (le public appelle et des experts répondent à leurs questions)/ Nǔ e è nɔ ylɔ mɛ lɛ é (mɛ e ɖò kplé ɔ tɛnmɛ lɛ é nɔ ylɔ mɛ lɛ bɔ mɛ e tuùn nǔ lɛ é nɔ na xósin nú nǔkanbyɔ yetɔn lɛ)
207987.5
Narration (lorsqu'un ou plusieurs personnages fictifs racontent leur histoire dans un monologue, c'est-à-dire lorsqu'une seule personne parle). Tan kpikpa (hwenu e mɛ e è lin ɖɔ é ɖò tan yetɔn mɛ é ɖokpo alǒ hú mɔ̌ ɖɔ tan yetɔn ɖò xóɖɔɖókpɔ́ mɛɖokponɔ tɔn mɛ é, enɛ wɛ nyí ɖɔ mɛ ɖokpo géé wɛ ɖɔ xó).
178737.4
Témoignages (des personnes réelles partagent leur vie personnelle)/ Kúnnuɖenú lɛ (mɛ nǔgbo lɛ nɔ má gbɛzán yeɖesunɔ tɔn lɛ)
136823.3
Interview (un animateur interviewe un ou plusieurs experts) / Xóɖɔɖókpɔ́ (mɛ e nɔ kpé nukún dó nǔ lɛ wu é ɖé nɔ kàn nǔ byɔ mɛ e tuùn nǔ ganji lɛ é ɖokpo alǒ hú mɔ̌)
113819.5
Fiction unitaire (chaque programme est une histoire complète, avec des acteurs incarnant des personnages)/ Xɛxó e è nɔ bló ɖò akpáxwé ɖokpo jí é (tuto ɖokpo ɖokpo nyí tan bǔnɔ ɖé, bɔ nǔjlɛdonǔwutɔ́ lɛ nɔ ɖè mɛ e ɖ’emɛ lɛ é xlɛ́)
26819.5
Série fictionnelle (des acteurs jouent les mêmes personnages dans plusieurs épisodes)/ Nǔ e è nɔ xò ɖò nǔjlɛdonǔwu mɛ lɛ é (mɛ e nɔ xò nǔ kpɔ́n lɛ é nɔ xò nǔ ɖokpo ɔ lɛ ɖò xóɖiɖɔ gègě mɛ)
14905.4
Autre : veuillez préciser/ Ɖevo: kɛnklɛn ɖɔ
3508.9",Unknown,"Émission avec appels téléphoniques (le public appelle et des experts répondent à leurs questions)/ Nǔ e è nɔ ylɔ mɛ lɛ é (mɛ e ɖò kplé ɔ tɛnmɛ lɛ é nɔ ylɔ mɛ lɛ bɔ mɛ e tuùn nǔ lɛ é nɔ na xósin nú nǔkanbyɔ yetɔn lɛ)
51.4
Témoignages (des personnes réelles partagent leur vie personnelle)/ Kúnnuɖenú lɛ (mɛ nǔgbo lɛ nɔ má gbɛzán yeɖesunɔ tɔn lɛ)
25.1
Interview (un animateur interviewe un ou plusieurs experts) / Xóɖɔɖókpɔ́ (mɛ e nɔ kpé nukún dó nǔ lɛ wu é ɖé nɔ kàn nǔ byɔ mɛ e tuùn nǔ ganji lɛ é ɖokpo alǒ hú mɔ̌)
7.3
Narration (lorsqu'un ou plusieurs personnages fictifs racontent leur histoire dans un monologue, c'est-à-dire lorsqu'une seule personne parle). Tan kpikpa (hwenu e mɛ e è lin ɖɔ é ɖò tan yetɔn mɛ é ɖokpo alǒ hú mɔ̌ ɖɔ tan yetɔn ɖò xóɖɔɖókpɔ́ mɛɖokponɔ tɔn mɛ é, enɛ wɛ nyí ɖɔ mɛ ɖokpo géé wɛ ɖɔ xó).
6.3
Je ne sais pas/ Un tuùn ǎ
5.7
Série fictionnelle (des acteurs jouent les mêmes personnages dans plusieurs épisodes)/ Nǔ e è nɔ xò ɖò nǔjlɛdonǔwu mɛ lɛ é (mɛ e nɔ xò nǔ kpɔ́n lɛ é nɔ xò nǔ ɖokpo ɔ lɛ ɖò xóɖiɖɔ gègě mɛ)
3.1
Fiction unitaire (chaque programme est une histoire complète, avec des acteurs incarnant des personnages)/ Xɛxó e è nɔ bló ɖò akpáxwé ɖokpo jí é (tuto ɖokpo ɖokpo nyí tan bǔnɔ ɖé, bɔ nǔjlɛdonǔwutɔ́ lɛ nɔ ɖè mɛ e ɖ’emɛ lɛ é xlɛ́)
1.2","Émission avec appels téléphoniques (le public appelle et des experts répondent à leurs questions)/ Nǔ e è nɔ ylɔ mɛ lɛ é (mɛ e ɖò kplé ɔ tɛnmɛ lɛ é nɔ ylɔ mɛ lɛ bɔ mɛ e tuùn nǔ lɛ é nɔ na xósin nú nǔkanbyɔ yetɔn lɛ)
31
Témoignages (des personnes réelles partagent leur vie personnelle)/ Kúnnuɖenú lɛ (mɛ nǔgbo lɛ nɔ má gbɛzán yeɖesunɔ tɔn lɛ)
20
Interview (un animateur interviewe un ou plusieurs experts) / Xóɖɔɖókpɔ́ (mɛ e nɔ kpé nukún dó nǔ lɛ wu é ɖé nɔ kàn nǔ byɔ mɛ e tuùn nǔ ganji lɛ é ɖokpo alǒ hú mɔ̌)
13
Narration (lorsqu'un ou plusieurs personnages fictifs racontent leur histoire dans un monologue, c'est-à-dire lorsqu'une seule personne parle). Tan kpikpa (hwenu e mɛ e è lin ɖɔ é ɖò tan yetɔn mɛ é ɖokpo alǒ hú mɔ̌ ɖɔ tan yetɔn ɖò xóɖɔɖókpɔ́ mɛɖokponɔ tɔn mɛ é, enɛ wɛ nyí ɖɔ mɛ ɖokpo géé wɛ ɖɔ xó).
7
Je ne sais pas/ Un tuùn ǎ
3
Série fictionnelle (des acteurs jouent les mêmes personnages dans plusieurs épisodes)/ Nǔ e è nɔ xò ɖò nǔjlɛdonǔwu mɛ lɛ é (mɛ e nɔ xò nǔ kpɔ́n lɛ é nɔ xò nǔ ɖokpo ɔ lɛ ɖò xóɖiɖɔ gègě mɛ)
6
Fiction unitaire (chaque programme est une histoire complète, avec des acteurs incarnant des personnages)/ Xɛxó e è nɔ bló ɖò akpáxwé ɖokpo jí é (tuto ɖokpo ɖokpo nyí tan bǔnɔ ɖé, bɔ nǔjlɛdonǔwutɔ́ lɛ nɔ ɖè mɛ e ɖ’emɛ lɛ é xlɛ́)
4","Émission avec appels téléphoniques (le public appelle et des experts répondent à leurs questions)/ Nǔ e è nɔ ylɔ mɛ lɛ é (mɛ e ɖò kplé ɔ tɛnmɛ lɛ é nɔ ylɔ mɛ lɛ bɔ mɛ e tuùn nǔ lɛ é nɔ na xósin nú nǔkanbyɔ yetɔn lɛ)
41109.6
Témoignages (des personnes réelles partagent leur vie personnelle)/ Kúnnuɖenú lɛ (mɛ nǔgbo lɛ nɔ má gbɛzán yeɖesunɔ tɔn lɛ)
20107.8
Interview (un animateur interviewe un ou plusieurs experts) / Xóɖɔɖókpɔ́ (mɛ e nɔ kpé nukún dó nǔ lɛ wu é ɖé nɔ kàn nǔ byɔ mɛ e tuùn nǔ ganji lɛ é ɖokpo alǒ hú mɔ̌)
5824.2
Narration (lorsqu'un ou plusieurs personnages fictifs racontent leur histoire dans un monologue, c'est-à-dire lorsqu'une seule personne parle). Tan kpikpa (hwenu e mɛ e è lin ɖɔ é ɖò tan yetɔn mɛ é ɖokpo alǒ hú mɔ̌ ɖɔ tan yetɔn ɖò xóɖɔɖókpɔ́ mɛɖokponɔ tɔn mɛ é, enɛ wɛ nyí ɖɔ mɛ ɖokpo géé wɛ ɖɔ xó).
5016.2
Je ne sais pas/ Un tuùn ǎ
4532.1
Série fictionnelle (des acteurs jouent les mêmes personnages dans plusieurs épisodes)/ Nǔ e è nɔ xò ɖò nǔjlɛdonǔwu mɛ lɛ é (mɛ e nɔ xò nǔ kpɔ́n lɛ é nɔ xò nǔ ɖokpo ɔ lɛ ɖò xóɖiɖɔ gègě mɛ)
2467.1
Fiction unitaire (chaque programme est une histoire complète, avec des acteurs incarnant des personnages)/ Xɛxó e è nɔ bló ɖò akpáxwé ɖokpo jí é (tuto ɖokpo ɖokpo nyí tan bǔnɔ ɖé, bɔ nǔjlɛdonǔwutɔ́ lɛ nɔ ɖè mɛ e ɖ’emɛ lɛ é xlɛ́)
970.8",Unknown,"Émission avec appels téléphoniques (le public appelle et des experts répondent à leurs questions)/ Nǔ e è nɔ ylɔ mɛ lɛ é (mɛ e ɖò kplé ɔ tɛnmɛ lɛ é nɔ ylɔ mɛ lɛ bɔ mɛ e tuùn nǔ lɛ é nɔ na xósin nú nǔkanbyɔ yetɔn lɛ)
41.2
Interview (un animateur interviewe un ou plusieurs experts) / Xóɖɔɖókpɔ́ (mɛ e nɔ kpé nukún dó nǔ lɛ wu é ɖé nɔ kàn nǔ byɔ mɛ e tuùn nǔ ganji lɛ é ɖokpo alǒ hú mɔ̌)
29.4
Témoignages (des personnes réelles partagent leur vie personnelle)/ Kúnnuɖenú lɛ (mɛ nǔgbo lɛ nɔ má gbɛzán yeɖesunɔ tɔn lɛ)
17.6
Narration (lorsqu'un ou plusieurs personnages fictifs racontent leur histoire dans un monologue, c'est-à-dire lorsqu'une seule personne parle). Tan kpikpa (hwenu e mɛ e è lin ɖɔ é ɖò tan yetɔn mɛ é ɖokpo alǒ hú mɔ̌ ɖɔ tan yetɔn ɖò xóɖɔɖókpɔ́ mɛɖokponɔ tɔn mɛ é, enɛ wɛ nyí ɖɔ mɛ ɖokpo géé wɛ ɖɔ xó).
5.9
Série fictionnelle (des acteurs jouent les mêmes personnages dans plusieurs épisodes)/ Nǔ e è nɔ xò ɖò nǔjlɛdonǔwu mɛ lɛ é (mɛ e nɔ xò nǔ kpɔ́n lɛ é nɔ xò nǔ ɖokpo ɔ lɛ ɖò xóɖiɖɔ gègě mɛ)
5.9","Émission avec appels téléphoniques (le public appelle et des experts répondent à leurs questions)/ Nǔ e è nɔ ylɔ mɛ lɛ é (mɛ e ɖò kplé ɔ tɛnmɛ lɛ é nɔ ylɔ mɛ lɛ bɔ mɛ e tuùn nǔ lɛ é nɔ na xósin nú nǔkanbyɔ yetɔn lɛ)
7
Interview (un animateur interviewe un ou plusieurs experts) / Xóɖɔɖókpɔ́ (mɛ e nɔ kpé nukún dó nǔ lɛ wu é ɖé nɔ kàn nǔ byɔ mɛ e tuùn nǔ ganji lɛ é ɖokpo alǒ hú mɔ̌)
5
Témoignages (des personnes réelles partagent leur vie personnelle)/ Kúnnuɖenú lɛ (mɛ nǔgbo lɛ nɔ má gbɛzán yeɖesunɔ tɔn lɛ)
3
Narration (lorsqu'un ou plusieurs personnages fictifs racontent leur histoire dans un monologue, c'est-à-dire lorsqu'une seule personne parle). Tan kpikpa (hwenu e mɛ e è lin ɖɔ é ɖò tan yetɔn mɛ é ɖokpo alǒ hú mɔ̌ ɖɔ tan yetɔn ɖò xóɖɔɖókpɔ́ mɛɖokponɔ tɔn mɛ é, enɛ wɛ nyí ɖɔ mɛ ɖokpo géé wɛ ɖɔ xó).
1
Série fictionnelle (des acteurs jouent les mêmes personnages dans plusieurs épisodes)/ Nǔ e è nɔ xò ɖò nǔjlɛdonǔwu mɛ lɛ é (mɛ e nɔ xò nǔ kpɔ́n lɛ é nɔ xò nǔ ɖokpo ɔ lɛ ɖò xóɖiɖɔ gègě mɛ)
1","Émission avec appels téléphoniques (le public appelle et des experts répondent à leurs questions)/ Nǔ e è nɔ ylɔ mɛ lɛ é (mɛ e ɖò kplé ɔ tɛnmɛ lɛ é nɔ ylɔ mɛ lɛ bɔ mɛ e tuùn nǔ lɛ é nɔ na xósin nú nǔkanbyɔ yetɔn lɛ)
147.0
Interview (un animateur interviewe un ou plusieurs experts) / Xóɖɔɖókpɔ́ (mɛ e nɔ kpé nukún dó nǔ lɛ wu é ɖé nɔ kàn nǔ byɔ mɛ e tuùn nǔ ganji lɛ é ɖokpo alǒ hú mɔ̌)
105.0
Témoignages (des personnes réelles partagent leur vie personnelle)/ Kúnnuɖenú lɛ (mɛ nǔgbo lɛ nɔ má gbɛzán yeɖesunɔ tɔn lɛ)
63.0
Narration (lorsqu'un ou plusieurs personnages fictifs racontent leur histoire dans un monologue, c'est-à-dire lorsqu'une seule personne parle). Tan kpikpa (hwenu e mɛ e è lin ɖɔ é ɖò tan yetɔn mɛ é ɖokpo alǒ hú mɔ̌ ɖɔ tan yetɔn ɖò xóɖɔɖókpɔ́ mɛɖokponɔ tɔn mɛ é, enɛ wɛ nyí ɖɔ mɛ ɖokpo géé wɛ ɖɔ xó).
21.0
Série fictionnelle (des acteurs jouent les mêmes personnages dans plusieurs épisodes)/ Nǔ e è nɔ xò ɖò nǔjlɛdonǔwu mɛ lɛ é (mɛ e nɔ xò nǔ kpɔ́n lɛ é nɔ xò nǔ ɖokpo ɔ lɛ ɖò xóɖiɖɔ gègě mɛ)
21.0",Unknown,"Témoignages (des personnes réelles partagent leur vie personnelle)/ Kúnnuɖenú lɛ (mɛ nǔgbo lɛ nɔ má gbɛzán yeɖesunɔ tɔn lɛ)
39.8
Émission avec appels téléphoniques (le public appelle et des experts répondent à leurs questions)/ Nǔ e è nɔ ylɔ mɛ lɛ é (mɛ e ɖò kplé ɔ tɛnmɛ lɛ é nɔ ylɔ mɛ lɛ bɔ mɛ e tuùn nǔ lɛ é nɔ na xósin nú nǔkanbyɔ yetɔn lɛ)
33.6
Interview (un animateur interviewe un ou plusieurs experts) / Xóɖɔɖókpɔ́ (mɛ e nɔ kpé nukún dó nǔ lɛ wu é ɖé nɔ kàn nǔ byɔ mɛ e tuùn nǔ ganji lɛ é ɖokpo alǒ hú mɔ̌)
21.2
Narration (lorsqu'un ou plusieurs personnages fictifs racontent leur histoire dans un monologue, c'est-à-dire lorsqu'une seule personne parle). Tan kpikpa (hwenu e mɛ e è lin ɖɔ é ɖò tan yetɔn mɛ é ɖokpo alǒ hú mɔ̌ ɖɔ tan yetɔn ɖò xóɖɔɖókpɔ́ mɛɖokponɔ tɔn mɛ é, enɛ wɛ nyí ɖɔ mɛ ɖokpo géé wɛ ɖɔ xó).
5.4","Témoignages (des personnes réelles partagent leur vie personnelle)/ Kúnnuɖenú lɛ (mɛ nǔgbo lɛ nɔ má gbɛzán yeɖesunɔ tɔn lɛ)
20
Émission avec appels téléphoniques (le public appelle et des experts répondent à leurs questions)/ Nǔ e è nɔ ylɔ mɛ lɛ é (mɛ e ɖò kplé ɔ tɛnmɛ lɛ é nɔ ylɔ mɛ lɛ bɔ mɛ e tuùn nǔ lɛ é nɔ na xósin nú nǔkanbyɔ yetɔn lɛ)
27
Interview (un animateur interviewe un ou plusieurs experts) / Xóɖɔɖókpɔ́ (mɛ e nɔ kpé nukún dó nǔ lɛ wu é ɖé nɔ kàn nǔ byɔ mɛ e tuùn nǔ ganji lɛ é ɖokpo alǒ hú mɔ̌)
15
Narration (lorsqu'un ou plusieurs personnages fictifs racontent leur histoire dans un monologue, c'est-à-dire lorsqu'une seule personne parle). Tan kpikpa (hwenu e mɛ e è lin ɖɔ é ɖò tan yetɔn mɛ é ɖokpo alǒ hú mɔ̌ ɖɔ tan yetɔn ɖò xóɖɔɖókpɔ́ mɛɖokponɔ tɔn mɛ é, enɛ wɛ nyí ɖɔ mɛ ɖokpo géé wɛ ɖɔ xó).
2","Témoignages (des personnes réelles partagent leur vie personnelle)/ Kúnnuɖenú lɛ (mɛ nǔgbo lɛ nɔ má gbɛzán yeɖesunɔ tɔn lɛ)
6690.8
Émission avec appels téléphoniques (le public appelle et des experts répondent à leurs questions)/ Nǔ e è nɔ ylɔ mɛ lɛ é (mɛ e ɖò kplé ɔ tɛnmɛ lɛ é nɔ ylɔ mɛ lɛ bɔ mɛ e tuùn nǔ lɛ é nɔ na xósin nú nǔkanbyɔ yetɔn lɛ)
5645.8
Interview (un animateur interviewe un ou plusieurs experts) / Xóɖɔɖókpɔ́ (mɛ e nɔ kpé nukún dó nǔ lɛ wu é ɖé nɔ kàn nǔ byɔ mɛ e tuùn nǔ ganji lɛ é ɖokpo alǒ hú mɔ̌)
3554.3
Narration (lorsqu'un ou plusieurs personnages fictifs racontent leur histoire dans un monologue, c'est-à-dire lorsqu'une seule personne parle). Tan kpikpa (hwenu e mɛ e è lin ɖɔ é ɖò tan yetɔn mɛ é ɖokpo alǒ hú mɔ̌ ɖɔ tan yetɔn ɖò xóɖɔɖókpɔ́ mɛɖokponɔ tɔn mɛ é, enɛ wɛ nyí ɖɔ mɛ ɖokpo géé wɛ ɖɔ xó).
901.0",Unknown,"Émission avec appels téléphoniques (le public appelle et des experts répondent à leurs questions)/ Nǔ e è nɔ ylɔ mɛ lɛ é (mɛ e ɖò kplé ɔ tɛnmɛ lɛ é nɔ ylɔ mɛ lɛ bɔ mɛ e tuùn nǔ lɛ é nɔ na xósin nú nǔkanbyɔ yetɔn lɛ)
50.0
Témoignages (des personnes réelles partagent leur vie personnelle)/ Kúnnuɖenú lɛ (mɛ nǔgbo lɛ nɔ má gbɛzán yeɖesunɔ tɔn lɛ)
43.8
Interview (un animateur interviewe un ou plusieurs experts) / Xóɖɔɖókpɔ́ (mɛ e nɔ kpé nukún dó nǔ lɛ wu é ɖé nɔ kàn nǔ byɔ mɛ e tuùn nǔ ganji lɛ é ɖokpo alǒ hú mɔ̌)
6.2","Émission avec appels téléphoniques (le public appelle et des experts répondent à leurs questions)/ Nǔ e è nɔ ylɔ mɛ lɛ é (mɛ e ɖò kplé ɔ tɛnmɛ lɛ é nɔ ylɔ mɛ lɛ bɔ mɛ e tuùn nǔ lɛ é nɔ na xósin nú nǔkanbyɔ yetɔn lɛ)
4
Témoignages (des personnes réelles partagent leur vie personnelle)/ Kúnnuɖenú lɛ (mɛ nǔgbo lɛ nɔ má gbɛzán yeɖesunɔ tɔn lɛ)
3
Interview (un animateur interviewe un ou plusieurs experts) / Xóɖɔɖókpɔ́ (mɛ e nɔ kpé nukún dó nǔ lɛ wu é ɖé nɔ kàn nǔ byɔ mɛ e tuùn nǔ ganji lɛ é ɖokpo alǒ hú mɔ̌)
1","Émission avec appels téléphoniques (le public appelle et des experts répondent à leurs questions)/ Nǔ e è nɔ ylɔ mɛ lɛ é (mɛ e ɖò kplé ɔ tɛnmɛ lɛ é nɔ ylɔ mɛ lɛ bɔ mɛ e tuùn nǔ lɛ é nɔ na xósin nú nǔkanbyɔ yetɔn lɛ)
779.4
Témoignages (des personnes réelles partagent leur vie personnelle)/ Kúnnuɖenú lɛ (mɛ nǔgbo lɛ nɔ má gbɛzán yeɖesunɔ tɔn lɛ)
682.0
Interview (un animateur interviewe un ou plusieurs experts) / Xóɖɔɖókpɔ́ (mɛ e nɔ kpé nukún dó nǔ lɛ wu é ɖé nɔ kàn nǔ byɔ mɛ e tuùn nǔ ganji lɛ é ɖokpo alǒ hú mɔ̌)
97.4",Unknown,"Témoignages (des personnes réelles partagent leur vie personnelle)/ Kúnnuɖenú lɛ (mɛ nǔgbo lɛ nɔ má gbɛzán yeɖesunɔ tɔn lɛ)
36.3
Émission avec appels téléphoniques (le public appelle et des experts répondent à leurs questions)/ Nǔ e è nɔ ylɔ mɛ lɛ é (mɛ e ɖò kplé ɔ tɛnmɛ lɛ é nɔ ylɔ mɛ lɛ bɔ mɛ e tuùn nǔ lɛ é nɔ na xósin nú nǔkanbyɔ yetɔn lɛ)
33.3
Narration (lorsqu'un ou plusieurs personnages fictifs racontent leur histoire dans un monologue, c'est-à-dire lorsqu'une seule personne parle). Tan kpikpa (hwenu e mɛ e è lin ɖɔ é ɖò tan yetɔn mɛ é ɖokpo alǒ hú mɔ̌ ɖɔ tan yetɔn ɖò xóɖɔɖókpɔ́ mɛɖokponɔ tɔn mɛ é, enɛ wɛ nyí ɖɔ mɛ ɖokpo géé wɛ ɖɔ xó).
20.8
Interview (un animateur interviewe un ou plusieurs experts) / Xóɖɔɖókpɔ́ (mɛ e nɔ kpé nukún dó nǔ lɛ wu é ɖé nɔ kàn nǔ byɔ mɛ e tuùn nǔ ganji lɛ é ɖokpo alǒ hú mɔ̌)
7.3
Série fictionnelle (des acteurs jouent les mêmes personnages dans plusieurs épisodes)/ Nǔ e è nɔ xò ɖò nǔjlɛdonǔwu mɛ lɛ é (mɛ e nɔ xò nǔ kpɔ́n lɛ é nɔ xò nǔ ɖokpo ɔ lɛ ɖò xóɖiɖɔ gègě mɛ)
1.1
Fiction unitaire (chaque programme est une histoire complète, avec des acteurs incarnant des personnages)/ Xɛxó e è nɔ bló ɖò akpáxwé ɖokpo jí é (tuto ɖokpo ɖokpo nyí tan bǔnɔ ɖé, bɔ nǔjlɛdonǔwutɔ́ lɛ nɔ ɖè mɛ e ɖ’emɛ lɛ é xlɛ́)
1.1","Témoignages (des personnes réelles partagent leur vie personnelle)/ Kúnnuɖenú lɛ (mɛ nǔgbo lɛ nɔ má gbɛzán yeɖesunɔ tɔn lɛ)
42
Émission avec appels téléphoniques (le public appelle et des experts répondent à leurs questions)/ Nǔ e è nɔ ylɔ mɛ lɛ é (mɛ e ɖò kplé ɔ tɛnmɛ lɛ é nɔ ylɔ mɛ lɛ bɔ mɛ e tuùn nǔ lɛ é nɔ na xósin nú nǔkanbyɔ yetɔn lɛ)
40
Narration (lorsqu'un ou plusieurs personnages fictifs racontent leur histoire dans un monologue, c'est-à-dire lorsqu'une seule personne parle). Tan kpikpa (hwenu e mɛ e è lin ɖɔ é ɖò tan yetɔn mɛ é ɖokpo alǒ hú mɔ̌ ɖɔ tan yetɔn ɖò xóɖɔɖókpɔ́ mɛɖokponɔ tɔn mɛ é, enɛ wɛ nyí ɖɔ mɛ ɖokpo géé wɛ ɖɔ xó).
28
Interview (un animateur interviewe un ou plusieurs experts) / Xóɖɔɖókpɔ́ (mɛ e nɔ kpé nukún dó nǔ lɛ wu é ɖé nɔ kàn nǔ byɔ mɛ e tuùn nǔ ganji lɛ é ɖokpo alǒ hú mɔ̌)
16
Série fictionnelle (des acteurs jouent les mêmes personnages dans plusieurs épisodes)/ Nǔ e è nɔ xò ɖò nǔjlɛdonǔwu mɛ lɛ é (mɛ e nɔ xò nǔ kpɔ́n lɛ é nɔ xò nǔ ɖokpo ɔ lɛ ɖò xóɖiɖɔ gègě mɛ)
2
Fiction unitaire (chaque programme est une histoire complète, avec des acteurs incarnant des personnages)/ Xɛxó e è nɔ bló ɖò akpáxwé ɖokpo jí é (tuto ɖokpo ɖokpo nyí tan bǔnɔ ɖé, bɔ nǔjlɛdonǔwutɔ́ lɛ nɔ ɖè mɛ e ɖ’emɛ lɛ é xlɛ́)
3","Témoignages (des personnes réelles partagent leur vie personnelle)/ Kúnnuɖenú lɛ (mɛ nǔgbo lɛ nɔ má gbɛzán yeɖesunɔ tɔn lɛ)
160845.6
Émission avec appels téléphoniques (le public appelle et des experts répondent à leurs questions)/ Nǔ e è nɔ ylɔ mɛ lɛ é (mɛ e ɖò kplé ɔ tɛnmɛ lɛ é nɔ ylɔ mɛ lɛ bɔ mɛ e tuùn nǔ lɛ é nɔ na xósin nú nǔkanbyɔ yetɔn lɛ)
147510.7
Narration (lorsqu'un ou plusieurs personnages fictifs racontent leur histoire dans un monologue, c'est-à-dire lorsqu'une seule personne parle). Tan kpikpa (hwenu e mɛ e è lin ɖɔ é ɖò tan yetɔn mɛ é ɖokpo alǒ hú mɔ̌ ɖɔ tan yetɔn ɖò xóɖɔɖókpɔ́ mɛɖokponɔ tɔn mɛ é, enɛ wɛ nyí ɖɔ mɛ ɖokpo géé wɛ ɖɔ xó).
92067.0
Interview (un animateur interviewe un ou plusieurs experts) / Xóɖɔɖókpɔ́ (mɛ e nɔ kpé nukún dó nǔ lɛ wu é ɖé nɔ kàn nǔ byɔ mɛ e tuùn nǔ ganji lɛ é ɖokpo alǒ hú mɔ̌)
32424.0
Série fictionnelle (des acteurs jouent les mêmes personnages dans plusieurs épisodes)/ Nǔ e è nɔ xò ɖò nǔjlɛdonǔwu mɛ lɛ é (mɛ e nɔ xò nǔ kpɔ́n lɛ é nɔ xò nǔ ɖokpo ɔ lɛ ɖò xóɖiɖɔ gègě mɛ)
4947.9
Fiction unitaire (chaque programme est une histoire complète, avec des acteurs incarnant des personnages)/ Xɛxó e è nɔ bló ɖò akpáxwé ɖokpo jí é (tuto ɖokpo ɖokpo nyí tan bǔnɔ ɖé, bɔ nǔjlɛdonǔwutɔ́ lɛ nɔ ɖè mɛ e ɖ’emɛ lɛ é xlɛ́)
4702.2",Unknown
Radio Ad Saturation,"Après l'avoir entendue 1 à 2 fois/ Un se azɔn ɖokpo jɛ we gudo
35.9
Cela ne me dérange pas, peu importe le nombre de fois que je l'entends/ Un na bo se azɔn nabi ɔ, e nɔ doya nu mi a
34.0
Après l'avoir entendue 3 à 5 fois/ Un se azɔn atɔɔn jɛ atɔɔn gudo
28.4
Après l'avoir entendue 6 à 10 fois/ Un se azɔn ayizɛn jɛ wo gudo
1.8","Après l'avoir entendue 1 à 2 fois/ Un se azɔn ɖokpo jɛ we gudo
20
Cela ne me dérange pas, peu importe le nombre de fois que je l'entends/ Un na bo se azɔn nabi ɔ, e nɔ doya nu mi a
12
Après l'avoir entendue 3 à 5 fois/ Un se azɔn atɔɔn jɛ atɔɔn gudo
15
Après l'avoir entendue 6 à 10 fois/ Un se azɔn ayizɛn jɛ wo gudo
3","Après l'avoir entendue 1 à 2 fois/ Un se azɔn ɖokpo jɛ we gudo
2296.8
Cela ne me dérange pas, peu importe le nombre de fois que je l'entends/ Un na bo se azɔn nabi ɔ, e nɔ doya nu mi a
2173.6
Après l'avoir entendue 3 à 5 fois/ Un se azɔn atɔɔn jɛ atɔɔn gudo
1814.4
Après l'avoir entendue 6 à 10 fois/ Un se azɔn ayizɛn jɛ wo gudo
112.8",Unknown,"Cela ne me dérange pas, peu importe le nombre de fois que je l'entends/ Un na bo se azɔn nabi ɔ, e nɔ doya nu mi a
77.4
Après l'avoir entendue 3 à 5 fois/ Un se azɔn atɔɔn jɛ atɔɔn gudo
18.9
Après l'avoir entendue 1 à 2 fois/ Un se azɔn ɖokpo jɛ we gudo
3.8","Cela ne me dérange pas, peu importe le nombre de fois que je l'entends/ Un na bo se azɔn nabi ɔ, e nɔ doya nu mi a
4
Après l'avoir entendue 3 à 5 fois/ Un se azɔn atɔɔn jɛ atɔɔn gudo
5
Après l'avoir entendue 1 à 2 fois/ Un se azɔn ɖokpo jɛ we gudo
1","Cela ne me dérange pas, peu importe le nombre de fois que je l'entends/ Un na bo se azɔn nabi ɔ, e nɔ doya nu mi a
1657.5
Après l'avoir entendue 3 à 5 fois/ Un se azɔn atɔɔn jɛ atɔɔn gudo
404.3
Après l'avoir entendue 1 à 2 fois/ Un se azɔn ɖokpo jɛ we gudo
80.9",Unknown,"Cela ne me dérange pas, peu importe le nombre de fois que je l'entends/ Un na bo se azɔn nabi ɔ, e nɔ doya nu mi a
83.0
Après l'avoir entendue 3 à 5 fois/ Un se azɔn atɔɔn jɛ atɔɔn gudo
11.0
Après l'avoir entendue 1 à 2 fois/ Un se azɔn ɖokpo jɛ we gudo
3.5
Après l'avoir entendue 6 à 10 fois/ Un se azɔn ayizɛn jɛ wo gudo
2.0
Je ne sais pas/ Un tuùn ǎ
0.3
Je préfère ne pas répondre/ Un nɔ yí wǎn nú xósin ǎ
0.2
Après l'avoir entendue plus de 10 fois/ Un se hu azɔn wo gudo ɔ
0.1","Cela ne me dérange pas, peu importe le nombre de fois que je l'entends/ Un na bo se azɔn nabi ɔ, e nɔ doya nu mi a
227
Après l'avoir entendue 3 à 5 fois/ Un se azɔn atɔɔn jɛ atɔɔn gudo
121
Après l'avoir entendue 1 à 2 fois/ Un se azɔn ɖokpo jɛ we gudo
62
Après l'avoir entendue 6 à 10 fois/ Un se azɔn ayizɛn jɛ wo gudo
9
Je ne sais pas/ Un tuùn ǎ
1
Je préfère ne pas répondre/ Un nɔ yí wǎn nú xósin ǎ
4
Après l'avoir entendue plus de 10 fois/ Un se hu azɔn wo gudo ɔ
2","Cela ne me dérange pas, peu importe le nombre de fois que je l'entends/ Un na bo se azɔn nabi ɔ, e nɔ doya nu mi a
403498.5
Après l'avoir entendue 3 à 5 fois/ Un se azɔn atɔɔn jɛ atɔɔn gudo
53403.8
Après l'avoir entendue 1 à 2 fois/ Un se azɔn ɖokpo jɛ we gudo
17126.4
Après l'avoir entendue 6 à 10 fois/ Un se azɔn ayizɛn jɛ wo gudo
9535.6
Je ne sais pas/ Un tuùn ǎ
1390.2
Je préfère ne pas répondre/ Un nɔ yí wǎn nú xósin ǎ
898.3
Après l'avoir entendue plus de 10 fois/ Un se hu azɔn wo gudo ɔ
364.4",Unknown,"Cela ne me dérange pas, peu importe le nombre de fois que je l'entends/ Un na bo se azɔn nabi ɔ, e nɔ doya nu mi a
66.7
Après l'avoir entendue 3 à 5 fois/ Un se azɔn atɔɔn jɛ atɔɔn gudo
23.5
Après l'avoir entendue 1 à 2 fois/ Un se azɔn ɖokpo jɛ we gudo
6.6
Après l'avoir entendue 6 à 10 fois/ Un se azɔn ayizɛn jɛ wo gudo
3.1","Cela ne me dérange pas, peu importe le nombre de fois que je l'entends/ Un na bo se azɔn nabi ɔ, e nɔ doya nu mi a
14
Après l'avoir entendue 3 à 5 fois/ Un se azɔn atɔɔn jɛ atɔɔn gudo
23
Après l'avoir entendue 1 à 2 fois/ Un se azɔn ɖokpo jɛ we gudo
9
Après l'avoir entendue 6 à 10 fois/ Un se azɔn ayizɛn jɛ wo gudo
2","Cela ne me dérange pas, peu importe le nombre de fois que je l'entends/ Un na bo se azɔn nabi ɔ, e nɔ doya nu mi a
23086.6
Après l'avoir entendue 3 à 5 fois/ Un se azɔn atɔɔn jɛ atɔɔn gudo
8138.5
Après l'avoir entendue 1 à 2 fois/ Un se azɔn ɖokpo jɛ we gudo
2299.2
Après l'avoir entendue 6 à 10 fois/ Un se azɔn ayizɛn jɛ wo gudo
1063.7",Unknown,"Cela ne me dérange pas, peu importe le nombre de fois que je l'entends/ Un na bo se azɔn nabi ɔ, e nɔ doya nu mi a
84.0
Après l'avoir entendue 1 à 2 fois/ Un se azɔn ɖokpo jɛ we gudo
9.9
Après l'avoir entendue 3 à 5 fois/ Un se azɔn atɔɔn jɛ atɔɔn gudo
5.6
Après l'avoir entendue 6 à 10 fois/ Un se azɔn ayizɛn jɛ wo gudo
0.5","Cela ne me dérange pas, peu importe le nombre de fois que je l'entends/ Un na bo se azɔn nabi ɔ, e nɔ doya nu mi a
127
Après l'avoir entendue 1 à 2 fois/ Un se azɔn ɖokpo jɛ we gudo
19
Après l'avoir entendue 3 à 5 fois/ Un se azɔn atɔɔn jɛ atɔɔn gudo
12
Après l'avoir entendue 6 à 10 fois/ Un se azɔn ayizɛn jɛ wo gudo
1","Cela ne me dérange pas, peu importe le nombre de fois que je l'entends/ Un na bo se azɔn nabi ɔ, e nɔ doya nu mi a
276652.9
Après l'avoir entendue 1 à 2 fois/ Un se azɔn ɖokpo jɛ we gudo
32450.5
Après l'avoir entendue 3 à 5 fois/ Un se azɔn atɔɔn jɛ atɔɔn gudo
18571.2
Après l'avoir entendue 6 à 10 fois/ Un se azɔn ayizɛn jɛ wo gudo
1698.8",Unknown,"Après l'avoir entendue 3 à 5 fois/ Un se azɔn atɔɔn jɛ atɔɔn gudo
54.3
Cela ne me dérange pas, peu importe le nombre de fois que je l'entends/ Un na bo se azɔn nabi ɔ, e nɔ doya nu mi a
19.3
Après l'avoir entendue 6 à 10 fois/ Un se azɔn ayizɛn jɛ wo gudo
11.5
Après l'avoir entendue 1 à 2 fois/ Un se azɔn ɖokpo jɛ we gudo
5.8
Je préfère ne pas répondre/ Un nɔ yí wǎn nú xósin ǎ
5.7
Je ne sais pas/ Un tuùn ǎ
2.3
Après l'avoir entendue plus de 10 fois/ Un se hu azɔn wo gudo ɔ
1.1","Après l'avoir entendue 3 à 5 fois/ Un se azɔn atɔɔn jɛ atɔɔn gudo
18
Cela ne me dérange pas, peu importe le nombre de fois que je l'entends/ Un na bo se azɔn nabi ɔ, e nɔ doya nu mi a
11
Après l'avoir entendue 6 à 10 fois/ Un se azɔn ayizɛn jɛ wo gudo
3
Après l'avoir entendue 1 à 2 fois/ Un se azɔn ɖokpo jɛ we gudo
10
Je préfère ne pas répondre/ Un nɔ yí wǎn nú xósin ǎ
1
Je ne sais pas/ Un tuùn ǎ
1
Après l'avoir entendue plus de 10 fois/ Un se hu azɔn wo gudo ɔ
1","Après l'avoir entendue 3 à 5 fois/ Un se azɔn atɔɔn jɛ atɔɔn gudo
26828.1
Cela ne me dérange pas, peu importe le nombre de fois que je l'entends/ Un na bo se azɔn nabi ɔ, e nɔ doya nu mi a
9547.2
Après l'avoir entendue 6 à 10 fois/ Un se azɔn ayizɛn jɛ wo gudo
5665.2
Après l'avoir entendue 1 à 2 fois/ Un se azɔn ɖokpo jɛ we gudo
2871.9
Je préfère ne pas répondre/ Un nɔ yí wǎn nú xósin ǎ
2832.6
Je ne sais pas/ Un tuùn ǎ
1133.0
Après l'avoir entendue plus de 10 fois/ Un se hu azɔn wo gudo ɔ
566.5",Unknown,"Cela ne me dérange pas, peu importe le nombre de fois que je l'entends/ Un na bo se azɔn nabi ɔ, e nɔ doya nu mi a
85.7
Après l'avoir entendue 1 à 2 fois/ Un se azɔn ɖokpo jɛ we gudo
14.3","Cela ne me dérange pas, peu importe le nombre de fois que je l'entends/ Un na bo se azɔn nabi ɔ, e nɔ doya nu mi a
6
Après l'avoir entendue 1 à 2 fois/ Un se azɔn ɖokpo jɛ we gudo
1","Cela ne me dérange pas, peu importe le nombre de fois que je l'entends/ Un na bo se azɔn nabi ɔ, e nɔ doya nu mi a
126.0
Après l'avoir entendue 1 à 2 fois/ Un se azɔn ɖokpo jɛ we gudo
21.0",Unknown,"Cela ne me dérange pas, peu importe le nombre de fois que je l'entends/ Un na bo se azɔn nabi ɔ, e nɔ doya nu mi a
56.4
Après l'avoir entendue 1 à 2 fois/ Un se azɔn ɖokpo jɛ we gudo
25.3
Après l'avoir entendue 3 à 5 fois/ Un se azɔn atɔɔn jɛ atɔɔn gudo
18.3","Cela ne me dérange pas, peu importe le nombre de fois que je l'entends/ Un na bo se azɔn nabi ɔ, e nɔ doya nu mi a
20
Après l'avoir entendue 1 à 2 fois/ Un se azɔn ɖokpo jɛ we gudo
3
Après l'avoir entendue 3 à 5 fois/ Un se azɔn atɔɔn jɛ atɔɔn gudo
5","Cela ne me dérange pas, peu importe le nombre de fois que je l'entends/ Un na bo se azɔn nabi ɔ, e nɔ doya nu mi a
4056.6
Après l'avoir entendue 1 à 2 fois/ Un se azɔn ɖokpo jɛ we gudo
1818.0
Après l'avoir entendue 3 à 5 fois/ Un se azɔn atɔɔn jɛ atɔɔn gudo
1318.5",Unknown,"Après l'avoir entendue 6 à 10 fois/ Un se azɔn ayizɛn jɛ wo gudo
50.0
Après l'avoir entendue 3 à 5 fois/ Un se azɔn atɔɔn jɛ atɔɔn gudo
25.0
Cela ne me dérange pas, peu importe le nombre de fois que je l'entends/ Un na bo se azɔn nabi ɔ, e nɔ doya nu mi a
25.0","Après l'avoir entendue 6 à 10 fois/ Un se azɔn ayizɛn jɛ wo gudo
1
Après l'avoir entendue 3 à 5 fois/ Un se azɔn atɔɔn jɛ atɔɔn gudo
1
Cela ne me dérange pas, peu importe le nombre de fois que je l'entends/ Un na bo se azɔn nabi ɔ, e nɔ doya nu mi a
2","Après l'avoir entendue 6 à 10 fois/ Un se azɔn ayizɛn jɛ wo gudo
389.7
Après l'avoir entendue 3 à 5 fois/ Un se azɔn atɔɔn jɛ atɔɔn gudo
194.8
Cela ne me dérange pas, peu importe le nombre de fois que je l'entends/ Un na bo se azɔn nabi ɔ, e nɔ doya nu mi a
194.8",Unknown,"Cela ne me dérange pas, peu importe le nombre de fois que je l'entends/ Un na bo se azɔn nabi ɔ, e nɔ doya nu mi a
88.2
Après l'avoir entendue 1 à 2 fois/ Un se azɔn ɖokpo jɛ we gudo
9.4
Je ne sais pas/ Un tuùn ǎ
2.4","Cela ne me dérange pas, peu importe le nombre de fois que je l'entends/ Un na bo se azɔn nabi ɔ, e nɔ doya nu mi a
36
Après l'avoir entendue 1 à 2 fois/ Un se azɔn ɖokpo jɛ we gudo
11
Je ne sais pas/ Un tuùn ǎ
3","Cela ne me dérange pas, peu importe le nombre de fois que je l'entends/ Un na bo se azɔn nabi ɔ, e nɔ doya nu mi a
164565.2
Après l'avoir entendue 1 à 2 fois/ Un se azɔn ɖokpo jɛ we gudo
17568.9
Je ne sais pas/ Un tuùn ǎ
4456.5",Unknown
Radio Language,"Fon/ Fongbe
36.6
Goun/ Gun gbè
30.6
Français/ Flanségbe
16.2
Ayizo/Ayizo gbè
11.6
Autre : veuillez préciser/ Ðevo: kɛnklɛn bo ɖɔ
3.1
Yoruba/ Yoruba gbè
0.8
Anglais/ Glɛnsigbe
0.5
Nago/ Nago gbè
0.5","Fon/ Fongbe
37
Goun/ Gun gbè
34
Français/ Flanségbe
17
Ayizo/Ayizo gbè
7
Autre : veuillez préciser/ Ðevo: kɛnklɛn bo ɖɔ
5
Yoruba/ Yoruba gbè
2
Anglais/ Glɛnsigbe
1
Nago/ Nago gbè
1","Fon/ Fongbe
5044.7
Goun/ Gun gbè
4213.9
Français/ Flanségbe
2225.4
Ayizo/Ayizo gbè
1595.1
Autre : veuillez préciser/ Ðevo: kɛnklɛn bo ɖɔ
428.8
Yoruba/ Yoruba gbè
115.6
Anglais/ Glɛnsigbe
71.5
Nago/ Nago gbè
71.5",Unknown,"Fon/ Fongbe
77.9
Français/ Flanségbe
16.2
Autre : veuillez préciser/ Ðevo: kɛnklɛn bo ɖɔ
2.9
Ayizo/Ayizo gbè
2.9","Fon/ Fongbe
10
Français/ Flanségbe
2
Autre : veuillez préciser/ Ðevo: kɛnklɛn bo ɖɔ
1
Ayizo/Ayizo gbè
1","Fon/ Fongbe
2142.6
Français/ Flanségbe
444.7
Autre : veuillez préciser/ Ðevo: kɛnklɛn bo ɖɔ
80.9
Ayizo/Ayizo gbè
80.9",Unknown,"Fon/ Fongbe
48.1
Français/ Flanségbe
16.5
Nago/ Nago gbè
16.2
Yoruba/ Yoruba gbè
9.4
Goun/ Gun gbè
3.3
Ayizo/Ayizo gbè
3.0
Adja/ Adja gbè
2.3
Autre : veuillez préciser/ Ðevo: kɛnklɛn bo ɖɔ
0.7
Anglais/ Glɛnsigbe
0.3
Dendi/Dendi gbè
0.2
Bariba/Baliba gbè
0.0
Yom/ Yom gbè
0.0
Tem/Tem gbè
0.0","Fon/ Fongbe
409
Français/ Flanségbe
167
Nago/ Nago gbè
11
Yoruba/ Yoruba gbè
30
Goun/ Gun gbè
72
Ayizo/Ayizo gbè
56
Adja/ Adja gbè
66
Autre : veuillez préciser/ Ðevo: kɛnklɛn bo ɖɔ
23
Anglais/ Glɛnsigbe
14
Dendi/Dendi gbè
2
Bariba/Baliba gbè
2
Yom/ Yom gbè
1
Tem/Tem gbè
1","Fon/ Fongbe
484176.4
Français/ Flanségbe
165869.8
Nago/ Nago gbè
162713.7
Yoruba/ Yoruba gbè
94223.4
Goun/ Gun gbè
32924.6
Ayizo/Ayizo gbè
29958.9
Adja/ Adja gbè
23595.0
Autre : veuillez préciser/ Ðevo: kɛnklɛn bo ɖɔ
7262.7
Anglais/ Glɛnsigbe
3135.8
Dendi/Dendi gbè
1651.3
Bariba/Baliba gbè
282.1
Yom/ Yom gbè
26.0
Tem/Tem gbè
25.2",Unknown,"Français/ Flanségbe
29.5
Fon/ Fongbe
27.8
Yoruba/ Yoruba gbè
23.0
Ayizo/Ayizo gbè
10.0
Goun/ Gun gbè
4.9
Autre : veuillez préciser/ Ðevo: kɛnklɛn bo ɖɔ
2.5
Anglais/ Glɛnsigbe
1.9
Nago/ Nago gbè
0.5","Français/ Flanségbe
18
Fon/ Fongbe
47
Yoruba/ Yoruba gbè
7
Ayizo/Ayizo gbè
16
Goun/ Gun gbè
14
Autre : veuillez préciser/ Ðevo: kɛnklɛn bo ɖɔ
4
Anglais/ Glɛnsigbe
4
Nago/ Nago gbè
1","Français/ Flanségbe
21152.8
Fon/ Fongbe
19945.0
Yoruba/ Yoruba gbè
16501.5
Ayizo/Ayizo gbè
7178.5
Goun/ Gun gbè
3512.7
Autre : veuillez préciser/ Ðevo: kɛnklɛn bo ɖɔ
1824.4
Anglais/ Glɛnsigbe
1344.3
Nago/ Nago gbè
360.8",Unknown,"Bariba/Baliba gbè
71.3
Français/ Flanségbe
14.4
Nago/ Nago gbè
8.8
Autre : veuillez préciser/ Ðevo: kɛnklɛn bo ɖɔ
2.9
Yoruba/ Yoruba gbè
1.1
Dendi/Dendi gbè
0.8
Ditamari/ Ditamari gbè
0.2
Fulfulde/Fulfulde gbè
0.2
Yom/ Yom gbè
0.2","Bariba/Baliba gbè
159
Français/ Flanségbe
32
Nago/ Nago gbè
18
Autre : veuillez préciser/ Ðevo: kɛnklɛn bo ɖɔ
3
Yoruba/ Yoruba gbè
3
Dendi/Dendi gbè
3
Ditamari/ Ditamari gbè
1
Fulfulde/Fulfulde gbè
1
Yom/ Yom gbè
1","Bariba/Baliba gbè
329373.4
Français/ Flanségbe
66642.9
Nago/ Nago gbè
40470.2
Autre : veuillez préciser/ Ðevo: kɛnklɛn bo ɖɔ
13288.5
Yoruba/ Yoruba gbè
5263.4
Dendi/Dendi gbè
3883.3
Ditamari/ Ditamari gbè
1064.4
Fulfulde/Fulfulde gbè
1064.4
Yom/ Yom gbè
1064.4",Unknown,"Fon/ Fongbe
47.5
Français/ Flanségbe
29.7
Autre : veuillez préciser/ Ðevo: kɛnklɛn bo ɖɔ
11.7
Adja/ Adja gbè
3.1
Anglais/ Glɛnsigbe
2.8
Ditamari/ Ditamari gbè
2.2
Ayizo/Ayizo gbè
1.8
Goun/ Gun gbè
1.3","Fon/ Fongbe
44
Français/ Flanségbe
24
Autre : veuillez préciser/ Ðevo: kɛnklɛn bo ɖɔ
8
Adja/ Adja gbè
3
Anglais/ Glɛnsigbe
2
Ditamari/ Ditamari gbè
1
Ayizo/Ayizo gbè
6
Goun/ Gun gbè
2","Fon/ Fongbe
48878.1
Français/ Flanségbe
30548.8
Autre : veuillez préciser/ Ðevo: kɛnklɛn bo ɖɔ
12057.7
Adja/ Adja gbè
3236.6
Anglais/ Glɛnsigbe
2832.6
Ditamari/ Ditamari gbè
2266.1
Ayizo/Ayizo gbè
1819.2
Goun/ Gun gbè
1294.2",Unknown,"Fon/ Fongbe
70.0
Français/ Flanségbe
30.0","Fon/ Fongbe
7
Français/ Flanségbe
3","Fon/ Fongbe
147.0
Français/ Flanségbe
63.0",Unknown,"Fon/ Fongbe
32.5
Ayizo/Ayizo gbè
21.5
Français/ Flanségbe
12.8
Goun/ Gun gbè
12.2
Adja/ Adja gbè
7.0
Bariba/Baliba gbè
7.0
Yoruba/ Yoruba gbè
7.0","Fon/ Fongbe
28
Ayizo/Ayizo gbè
4
Français/ Flanségbe
11
Goun/ Gun gbè
4
Adja/ Adja gbè
1
Bariba/Baliba gbè
1
Yoruba/ Yoruba gbè
1","Fon/ Fongbe
7193.0
Ayizo/Ayizo gbè
4752.2
Français/ Flanségbe
2836.8
Goun/ Gun gbè
2698.2
Adja/ Adja gbè
1560.9
Bariba/Baliba gbè
1560.9
Yoruba/ Yoruba gbè
1547.3",Unknown,"Fon/ Fongbe
47.1
Autre : veuillez préciser/ Ðevo: kɛnklɛn bo ɖɔ
29.4
Français/ Flanségbe
23.5","Fon/ Fongbe
4
Autre : veuillez préciser/ Ðevo: kɛnklɛn bo ɖɔ
2
Français/ Flanségbe
1","Fon/ Fongbe
779.4
Autre : veuillez préciser/ Ðevo: kɛnklɛn bo ɖɔ
487.1
Français/ Flanségbe
389.7",Unknown,"Yom/ Yom gbè
41.2
Dendi/Dendi gbè
40.6
Français/ Flanségbe
16.6
Adja/ Adja gbè
0.4
Bariba/Baliba gbè
0.4
Fon/ Fongbe
0.4
Yoruba/ Yoruba gbè
0.4","Yom/ Yom gbè
46
Dendi/Dendi gbè
43
Français/ Flanségbe
28
Adja/ Adja gbè
1
Bariba/Baliba gbè
1
Fon/ Fongbe
1
Yoruba/ Yoruba gbè
1","Yom/ Yom gbè
172741.2
Dendi/Dendi gbè
170015.9
Français/ Flanségbe
69538.7
Adja/ Adja gbè
1731.2
Bariba/Baliba gbè
1731.2
Fon/ Fongbe
1731.2
Yoruba/ Yoruba gbè
1731.2",Unknown
Radio When,"Entre midi et 14 h/ Ðò gan wěwe mɛ kpo gan wè mɛ gbadanu kpo tɛntin ɔ
21.5
Entre 18 h et 21 h/ Ðò gan ayizɛn mɛ kpo Gan ayizɛn mɛ gbadanu
20.0
Entre 6 h et 9 h du matin/ Ðò gan ayizɛ́n kpo gan ayizɛ́n kpo tɛntin zǎnzǎn
19.2
Entre 14 h et 18 h/Ðò gan wè mɛ  kpo Gan ayizɛn mɛ gbadanu
17.4
Entre 21 h et minuit /Ðò gan xwè kanɖé ɖokpó do djè zǎn gan wěwe mɛ
15.2
Entre 9 h du matin et midi/ Ðò gan ayizɛ́n mɛ zǎnzǎn kpo gan wěwe mɛ kpo tɛntin
6.7","Entre midi et 14 h/ Ðò gan wěwe mɛ kpo gan wè mɛ gbadanu kpo tɛntin ɔ
26
Entre 18 h et 21 h/ Ðò gan ayizɛn mɛ kpo Gan ayizɛn mɛ gbadanu
23
Entre 6 h et 9 h du matin/ Ðò gan ayizɛ́n kpo gan ayizɛ́n kpo tɛntin zǎnzǎn
33
Entre 14 h et 18 h/Ðò gan wè mɛ  kpo Gan ayizɛn mɛ gbadanu
14
Entre 21 h et minuit /Ðò gan xwè kanɖé ɖokpó do djè zǎn gan wěwe mɛ
25
Entre 9 h du matin et midi/ Ðò gan ayizɛ́n mɛ zǎnzǎn kpo gan wěwe mɛ kpo tɛntin
7","Entre midi et 14 h/ Ðò gan wěwe mɛ kpo gan wè mɛ gbadanu kpo tɛntin ɔ
4291.4
Entre 18 h et 21 h/ Ðò gan ayizɛn mɛ kpo Gan ayizɛn mɛ gbadanu
3997.2
Entre 6 h et 9 h du matin/ Ðò gan ayizɛ́n kpo gan ayizɛ́n kpo tɛntin zǎnzǎn
3848.1
Entre 14 h et 18 h/Ðò gan wè mɛ  kpo Gan ayizɛn mɛ gbadanu
3473.6
Entre 21 h et minuit /Ðò gan xwè kanɖé ɖokpó do djè zǎn gan wěwe mɛ
3041.3
Entre 9 h du matin et midi/ Ðò gan ayizɛ́n mɛ zǎnzǎn kpo gan wěwe mɛ kpo tɛntin
1344.3",Unknown,"Entre 18 h et 21 h/ Ðò gan ayizɛn mɛ kpo Gan ayizɛn mɛ gbadanu
35.2
Entre midi et 14 h/ Ðò gan wěwe mɛ kpo gan wè mɛ gbadanu kpo tɛntin ɔ
25.0
Entre 14 h et 18 h/Ðò gan wè mɛ  kpo Gan ayizɛn mɛ gbadanu
19.4
Entre 9 h du matin et midi/ Ðò gan ayizɛ́n mɛ zǎnzǎn kpo gan wěwe mɛ kpo tɛntin
9.3
Entre 6 h et 9 h du matin/ Ðò gan ayizɛ́n kpo gan ayizɛ́n kpo tɛntin zǎnzǎn
7.4
Entre 21 h et minuit /Ðò gan xwè kanɖé ɖokpó do djè zǎn gan wěwe mɛ
3.7","Entre 18 h et 21 h/ Ðò gan ayizɛn mɛ kpo Gan ayizɛn mɛ gbadanu
6
Entre midi et 14 h/ Ðò gan wěwe mɛ kpo gan wè mɛ gbadanu kpo tɛntin ɔ
2
Entre 14 h et 18 h/Ðò gan wè mɛ  kpo Gan ayizɛn mɛ gbadanu
4
Entre 9 h du matin et midi/ Ðò gan ayizɛ́n mɛ zǎnzǎn kpo gan wěwe mɛ kpo tɛntin
5
Entre 6 h et 9 h du matin/ Ðò gan ayizɛ́n kpo gan ayizɛ́n kpo tɛntin zǎnzǎn
1
Entre 21 h et minuit /Ðò gan xwè kanɖé ɖokpó do djè zǎn gan wěwe mɛ
2","Entre 18 h et 21 h/ Ðò gan ayizɛn mɛ kpo Gan ayizɛn mɛ gbadanu
1536.2
Entre midi et 14 h/ Ðò gan wěwe mɛ kpo gan wè mɛ gbadanu kpo tɛntin ɔ
1091.5
Entre 14 h et 18 h/Ðò gan wè mɛ  kpo Gan ayizɛn mɛ gbadanu
849.0
Entre 9 h du matin et midi/ Ðò gan ayizɛ́n mɛ zǎnzǎn kpo gan wěwe mɛ kpo tɛntin
404.3
Entre 6 h et 9 h du matin/ Ðò gan ayizɛ́n kpo gan ayizɛ́n kpo tɛntin zǎnzǎn
323.4
Entre 21 h et minuit /Ðò gan xwè kanɖé ɖokpó do djè zǎn gan wěwe mɛ
161.7",Unknown,"Entre 18 h et 21 h/ Ðò gan ayizɛn mɛ kpo Gan ayizɛn mɛ gbadanu
26.4
Entre 6 h et 9 h du matin/ Ðò gan ayizɛ́n kpo gan ayizɛ́n kpo tɛntin zǎnzǎn
20.2
Entre 21 h et minuit /Ðò gan xwè kanɖé ɖokpó do djè zǎn gan wěwe mɛ
19.5
Entre midi et 14 h/ Ðò gan wěwe mɛ kpo gan wè mɛ gbadanu kpo tɛntin ɔ
18.4
Entre minuit et 6 h/ Ðò gan wěwe mɛ do djè gan ayizɛ́n zǎnzǎn
6.0
Entre 14 h et 18 h/Ðò gan wè mɛ  kpo Gan ayizɛn mɛ gbadanu
5.3
Entre 9 h du matin et midi/ Ðò gan ayizɛ́n mɛ zǎnzǎn kpo gan wěwe mɛ kpo tɛntin
4.1
Uniquement en cas d'actualité/ Enyi nǔ e jɛ ɖò xójlawema ɖé mɛ é kɛɖɛ wɛ .
0.0","Entre 18 h et 21 h/ Ðò gan ayizɛn mɛ kpo Gan ayizɛn mɛ gbadanu
288
Entre 6 h et 9 h du matin/ Ðò gan ayizɛ́n kpo gan ayizɛ́n kpo tɛntin zǎnzǎn
272
Entre 21 h et minuit /Ðò gan xwè kanɖé ɖokpó do djè zǎn gan wěwe mɛ
233
Entre midi et 14 h/ Ðò gan wěwe mɛ kpo gan wè mɛ gbadanu kpo tɛntin ɔ
168
Entre minuit et 6 h/ Ðò gan wěwe mɛ do djè gan ayizɛ́n zǎnzǎn
48
Entre 14 h et 18 h/Ðò gan wè mɛ  kpo Gan ayizɛn mɛ gbadanu
106
Entre 9 h du matin et midi/ Ðò gan ayizɛ́n mɛ zǎnzǎn kpo gan wěwe mɛ kpo tɛntin
100
Uniquement en cas d'actualité/ Enyi nǔ e jɛ ɖò xójlawema ɖé mɛ é kɛɖɛ wɛ .
1","Entre 18 h et 21 h/ Ðò gan ayizɛn mɛ kpo Gan ayizɛn mɛ gbadanu
403203.0
Entre 6 h et 9 h du matin/ Ðò gan ayizɛ́n kpo gan ayizɛ́n kpo tɛntin zǎnzǎn
308395.5
Entre 21 h et minuit /Ðò gan xwè kanɖé ɖokpó do djè zǎn gan wěwe mɛ
296727.7
Entre midi et 14 h/ Ðò gan wěwe mɛ kpo gan wè mɛ gbadanu kpo tɛntin ɔ
280915.9
Entre minuit et 6 h/ Ðò gan wěwe mɛ do djè gan ayizɛ́n zǎnzǎn
91057.0
Entre 14 h et 18 h/Ðò gan wè mɛ  kpo Gan ayizɛn mɛ gbadanu
81042.6
Entre 9 h du matin et midi/ Ðò gan ayizɛ́n mɛ zǎnzǎn kpo gan wěwe mɛ kpo tɛntin
63140.8
Uniquement en cas d'actualité/ Enyi nǔ e jɛ ɖò xójlawema ɖé mɛ é kɛɖɛ wɛ .
407.0",Unknown,"Entre 18 h et 21 h/ Ðò gan ayizɛn mɛ kpo Gan ayizɛn mɛ gbadanu
30.8
Entre 6 h et 9 h du matin/ Ðò gan ayizɛ́n kpo gan ayizɛ́n kpo tɛntin zǎnzǎn
27.5
Entre midi et 14 h/ Ðò gan wěwe mɛ kpo gan wè mɛ gbadanu kpo tɛntin ɔ
23.5
Entre 14 h et 18 h/Ðò gan wè mɛ  kpo Gan ayizɛn mɛ gbadanu
8.2
Entre 21 h et minuit /Ðò gan xwè kanɖé ɖokpó do djè zǎn gan wěwe mɛ
5.7
Entre 9 h du matin et midi/ Ðò gan ayizɛ́n mɛ zǎnzǎn kpo gan wěwe mɛ kpo tɛntin
3.8
Entre minuit et 6 h/ Ðò gan wěwe mɛ do djè gan ayizɛ́n zǎnzǎn
0.4","Entre 18 h et 21 h/ Ðò gan ayizɛn mɛ kpo Gan ayizɛn mɛ gbadanu
33
Entre 6 h et 9 h du matin/ Ðò gan ayizɛ́n kpo gan ayizɛ́n kpo tɛntin zǎnzǎn
27
Entre midi et 14 h/ Ðò gan wěwe mɛ kpo gan wè mɛ gbadanu kpo tɛntin ɔ
20
Entre 14 h et 18 h/Ðò gan wè mɛ  kpo Gan ayizɛn mɛ gbadanu
13
Entre 21 h et minuit /Ðò gan xwè kanɖé ɖokpó do djè zǎn gan wěwe mɛ
20
Entre 9 h du matin et midi/ Ðò gan ayizɛ́n mɛ zǎnzǎn kpo gan wěwe mɛ kpo tɛntin
14
Entre minuit et 6 h/ Ðò gan wěwe mɛ do djè gan ayizɛ́n zǎnzǎn
1","Entre 18 h et 21 h/ Ðò gan ayizɛn mɛ kpo Gan ayizɛn mɛ gbadanu
31435.4
Entre 6 h et 9 h du matin/ Ðò gan ayizɛ́n kpo gan ayizɛ́n kpo tɛntin zǎnzǎn
28053.6
Entre midi et 14 h/ Ðò gan wěwe mɛ kpo gan wè mɛ gbadanu kpo tɛntin ɔ
23999.0
Entre 14 h et 18 h/Ðò gan wè mɛ  kpo Gan ayizɛn mɛ gbadanu
8361.1
Entre 21 h et minuit /Ðò gan xwè kanɖé ɖokpó do djè zǎn gan wěwe mɛ
5762.9
Entre 9 h du matin et midi/ Ðò gan ayizɛ́n mɛ zǎnzǎn kpo gan wěwe mɛ kpo tɛntin
3923.5
Entre minuit et 6 h/ Ðò gan wěwe mɛ do djè gan ayizɛ́n zǎnzǎn
435.2",Unknown,"Entre 6 h et 9 h du matin/ Ðò gan ayizɛ́n kpo gan ayizɛ́n kpo tɛntin zǎnzǎn
43.1
Entre 18 h et 21 h/ Ðò gan ayizɛn mɛ kpo Gan ayizɛn mɛ gbadanu
22.6
Entre 21 h et minuit /Ðò gan xwè kanɖé ɖokpó do djè zǎn gan wěwe mɛ
19.1
Entre midi et 14 h/ Ðò gan wěwe mɛ kpo gan wè mɛ gbadanu kpo tɛntin ɔ
7.1
Entre 14 h et 18 h/Ðò gan wè mɛ  kpo Gan ayizɛn mɛ gbadanu
4.3
Entre 9 h du matin et midi/ Ðò gan ayizɛ́n mɛ zǎnzǎn kpo gan wěwe mɛ kpo tɛntin
3.8","Entre 6 h et 9 h du matin/ Ðò gan ayizɛ́n kpo gan ayizɛ́n kpo tɛntin zǎnzǎn
138
Entre 18 h et 21 h/ Ðò gan ayizɛn mɛ kpo Gan ayizɛn mɛ gbadanu
86
Entre 21 h et minuit /Ðò gan xwè kanɖé ɖokpó do djè zǎn gan wěwe mɛ
55
Entre midi et 14 h/ Ðò gan wěwe mɛ kpo gan wè mɛ gbadanu kpo tɛntin ɔ
29
Entre 14 h et 18 h/Ðò gan wè mɛ  kpo Gan ayizɛn mɛ gbadanu
13
Entre 9 h du matin et midi/ Ðò gan ayizɛ́n mɛ zǎnzǎn kpo gan wěwe mɛ kpo tɛntin
9","Entre 6 h et 9 h du matin/ Ðò gan ayizɛ́n kpo gan ayizɛ́n kpo tɛntin zǎnzǎn
292015.5
Entre 18 h et 21 h/ Ðò gan ayizɛn mɛ kpo Gan ayizɛn mɛ gbadanu
153506.4
Entre 21 h et minuit /Ðò gan xwè kanɖé ɖokpó do djè zǎn gan wěwe mɛ
129349.9
Entre midi et 14 h/ Ðò gan wěwe mɛ kpo gan wè mɛ gbadanu kpo tɛntin ɔ
48118.1
Entre 14 h et 18 h/Ðò gan wè mɛ  kpo Gan ayizɛn mɛ gbadanu
29242.9
Entre 9 h du matin et midi/ Ðò gan ayizɛ́n mɛ zǎnzǎn kpo gan wěwe mɛ kpo tɛntin
25948.7",Unknown,"Entre 6 h et 9 h du matin/ Ðò gan ayizɛ́n kpo gan ayizɛ́n kpo tɛntin zǎnzǎn
22.8
Entre 21 h et minuit /Ðò gan xwè kanɖé ɖokpó do djè zǎn gan wěwe mɛ
17.2
Entre midi et 14 h/ Ðò gan wěwe mɛ kpo gan wè mɛ gbadanu kpo tɛntin ɔ
16.2
Entre 18 h et 21 h/ Ðò gan ayizɛn mɛ kpo Gan ayizɛn mɛ gbadanu
14.9
Entre 14 h et 18 h/Ðò gan wè mɛ  kpo Gan ayizɛn mɛ gbadanu
13.5
Entre 9 h du matin et midi/ Ðò gan ayizɛ́n mɛ zǎnzǎn kpo gan wěwe mɛ kpo tɛntin
10.9
Entre minuit et 6 h/ Ðò gan wěwe mɛ do djè gan ayizɛ́n zǎnzǎn
3.4
Uniquement en cas d'actualité/ Enyi nǔ e jɛ ɖò xójlawema ɖé mɛ é kɛɖɛ wɛ .
0.6
Je préfère ne pas répondre/ Un yí wǎn nú xósin ma yí gbe ǎ.
0.4","Entre 6 h et 9 h du matin/ Ðò gan ayizɛ́n kpo gan ayizɛ́n kpo tɛntin zǎnzǎn
22
Entre 21 h et minuit /Ðò gan xwè kanɖé ɖokpó do djè zǎn gan wěwe mɛ
20
Entre midi et 14 h/ Ðò gan wěwe mɛ kpo gan wè mɛ gbadanu kpo tɛntin ɔ
18
Entre 18 h et 21 h/ Ðò gan ayizɛn mɛ kpo Gan ayizɛn mɛ gbadanu
20
Entre 14 h et 18 h/Ðò gan wè mɛ  kpo Gan ayizɛn mɛ gbadanu
13
Entre 9 h du matin et midi/ Ðò gan ayizɛ́n mɛ zǎnzǎn kpo gan wěwe mɛ kpo tɛntin
13
Entre minuit et 6 h/ Ðò gan wěwe mɛ do djè gan ayizɛ́n zǎnzǎn
1
Uniquement en cas d'actualité/ Enyi nǔ e jɛ ɖò xójlawema ɖé mɛ é kɛɖɛ wɛ .
2
Je préfère ne pas répondre/ Un yí wǎn nú xósin ma yí gbe ǎ.
1","Entre 6 h et 9 h du matin/ Ðò gan ayizɛ́n kpo gan ayizɛ́n kpo tɛntin zǎnzǎn
33868.9
Entre 21 h et minuit /Ðò gan xwè kanɖé ɖokpó do djè zǎn gan wěwe mɛ
25532.8
Entre midi et 14 h/ Ðò gan wěwe mɛ kpo gan wè mɛ gbadanu kpo tɛntin ɔ
24075.9
Entre 18 h et 21 h/ Ðò gan ayizɛn mɛ kpo Gan ayizɛn mɛ gbadanu
22173.4
Entre 14 h et 18 h/Ðò gan wè mɛ  kpo Gan ayizɛn mɛ gbadanu
20027.8
Entre 9 h du matin et midi/ Ðò gan ayizɛ́n mɛ zǎnzǎn kpo gan wěwe mɛ kpo tɛntin
16225.5
Entre minuit et 6 h/ Ðò gan wěwe mɛ do djè gan ayizɛ́n zǎnzǎn
5098.6
Uniquement en cas d'actualité/ Enyi nǔ e jɛ ɖò xójlawema ɖé mɛ é kɛɖɛ wɛ .
930.4
Je préfère ne pas répondre/ Un yí wǎn nú xósin ma yí gbe ǎ.
566.5",Unknown,"Entre 18 h et 21 h/ Ðò gan ayizɛn mɛ kpo Gan ayizɛn mɛ gbadanu
26.1
Entre 6 h et 9 h du matin/ Ðò gan ayizɛ́n kpo gan ayizɛ́n kpo tɛntin zǎnzǎn
26.1
Entre 21 h et minuit /Ðò gan xwè kanɖé ɖokpó do djè zǎn gan wěwe mɛ
21.7
Entre midi et 14 h/ Ðò gan wěwe mɛ kpo gan wè mɛ gbadanu kpo tɛntin ɔ
17.4
Entre 14 h et 18 h/Ðò gan wè mɛ  kpo Gan ayizɛn mɛ gbadanu
4.3
Entre 9 h du matin et midi/ Ðò gan ayizɛ́n mɛ zǎnzǎn kpo gan wěwe mɛ kpo tɛntin
4.3","Entre 18 h et 21 h/ Ðò gan ayizɛn mɛ kpo Gan ayizɛn mɛ gbadanu
6
Entre 6 h et 9 h du matin/ Ðò gan ayizɛ́n kpo gan ayizɛ́n kpo tɛntin zǎnzǎn
6
Entre 21 h et minuit /Ðò gan xwè kanɖé ɖokpó do djè zǎn gan wěwe mɛ
5
Entre midi et 14 h/ Ðò gan wěwe mɛ kpo gan wè mɛ gbadanu kpo tɛntin ɔ
4
Entre 14 h et 18 h/Ðò gan wè mɛ  kpo Gan ayizɛn mɛ gbadanu
1
Entre 9 h du matin et midi/ Ðò gan ayizɛ́n mɛ zǎnzǎn kpo gan wěwe mɛ kpo tɛntin
1","Entre 18 h et 21 h/ Ðò gan ayizɛn mɛ kpo Gan ayizɛn mɛ gbadanu
126.0
Entre 6 h et 9 h du matin/ Ðò gan ayizɛ́n kpo gan ayizɛ́n kpo tɛntin zǎnzǎn
126.0
Entre 21 h et minuit /Ðò gan xwè kanɖé ɖokpó do djè zǎn gan wěwe mɛ
105.0
Entre midi et 14 h/ Ðò gan wěwe mɛ kpo gan wè mɛ gbadanu kpo tɛntin ɔ
84.0
Entre 14 h et 18 h/Ðò gan wè mɛ  kpo Gan ayizɛn mɛ gbadanu
21.0
Entre 9 h du matin et midi/ Ðò gan ayizɛ́n mɛ zǎnzǎn kpo gan wěwe mɛ kpo tɛntin
21.0",Unknown,"Entre midi et 14 h/ Ðò gan wěwe mɛ kpo gan wè mɛ gbadanu kpo tɛntin ɔ
25.3
Entre 18 h et 21 h/ Ðò gan ayizɛn mɛ kpo Gan ayizɛn mɛ gbadanu
21.6
Entre 6 h et 9 h du matin/ Ðò gan ayizɛ́n kpo gan ayizɛ́n kpo tɛntin zǎnzǎn
14.5
Entre 9 h du matin et midi/ Ðò gan ayizɛ́n mɛ zǎnzǎn kpo gan wěwe mɛ kpo tɛntin
14.2
Entre 21 h et minuit /Ðò gan xwè kanɖé ɖokpó do djè zǎn gan wěwe mɛ
13.5
Entre 14 h et 18 h/Ðò gan wè mɛ  kpo Gan ayizɛn mɛ gbadanu
10.0
Entre minuit et 6 h/ Ðò gan wěwe mɛ do djè gan ayizɛ́n zǎnzǎn
0.9","Entre midi et 14 h/ Ðò gan wěwe mɛ kpo gan wè mɛ gbadanu kpo tɛntin ɔ
18
Entre 18 h et 21 h/ Ðò gan ayizɛn mɛ kpo Gan ayizɛn mɛ gbadanu
26
Entre 6 h et 9 h du matin/ Ðò gan ayizɛ́n kpo gan ayizɛ́n kpo tɛntin zǎnzǎn
15
Entre 9 h du matin et midi/ Ðò gan ayizɛ́n mɛ zǎnzǎn kpo gan wěwe mɛ kpo tɛntin
9
Entre 21 h et minuit /Ðò gan xwè kanɖé ɖokpó do djè zǎn gan wěwe mɛ
15
Entre 14 h et 18 h/Ðò gan wè mɛ  kpo Gan ayizɛn mɛ gbadanu
7
Entre minuit et 6 h/ Ðò gan wěwe mɛ do djè gan ayizɛ́n zǎnzǎn
8","Entre midi et 14 h/ Ðò gan wěwe mɛ kpo gan wè mɛ gbadanu kpo tɛntin ɔ
6570.5
Entre 18 h et 21 h/ Ðò gan ayizɛn mɛ kpo Gan ayizɛn mɛ gbadanu
5601.5
Entre 6 h et 9 h du matin/ Ðò gan ayizɛ́n kpo gan ayizɛ́n kpo tɛntin zǎnzǎn
3756.6
Entre 9 h du matin et midi/ Ðò gan ayizɛ́n mɛ zǎnzǎn kpo gan wěwe mɛ kpo tɛntin
3695.9
Entre 21 h et minuit /Ðò gan xwè kanɖé ɖokpó do djè zǎn gan wěwe mɛ
3506.6
Entre 14 h et 18 h/Ðò gan wè mɛ  kpo Gan ayizɛn mɛ gbadanu
2601.5
Entre minuit et 6 h/ Ðò gan wěwe mɛ do djè gan ayizɛ́n zǎnzǎn
245.2",Unknown,"Entre midi et 14 h/ Ðò gan wěwe mɛ kpo gan wè mɛ gbadanu kpo tɛntin ɔ
21.1
Entre 21 h et minuit /Ðò gan xwè kanɖé ɖokpó do djè zǎn gan wěwe mɛ
18.4
Entre 6 h et 9 h du matin/ Ðò gan ayizɛ́n kpo gan ayizɛ́n kpo tɛntin zǎnzǎn
18.4
Entre 14 h et 18 h/Ðò gan wè mɛ  kpo Gan ayizɛn mɛ gbadanu
15.8
Entre 18 h et 21 h/ Ðò gan ayizɛn mɛ kpo Gan ayizɛn mɛ gbadanu
15.8
Entre 9 h du matin et midi/ Ðò gan ayizɛ́n mɛ zǎnzǎn kpo gan wěwe mɛ kpo tɛntin
10.5","Entre midi et 14 h/ Ðò gan wěwe mɛ kpo gan wè mɛ gbadanu kpo tɛntin ɔ
4
Entre 21 h et minuit /Ðò gan xwè kanɖé ɖokpó do djè zǎn gan wěwe mɛ
3
Entre 6 h et 9 h du matin/ Ðò gan ayizɛ́n kpo gan ayizɛ́n kpo tɛntin zǎnzǎn
3
Entre 14 h et 18 h/Ðò gan wè mɛ  kpo Gan ayizɛn mɛ gbadanu
2
Entre 18 h et 21 h/ Ðò gan ayizɛn mɛ kpo Gan ayizɛn mɛ gbadanu
2
Entre 9 h du matin et midi/ Ðò gan ayizɛ́n mɛ zǎnzǎn kpo gan wěwe mɛ kpo tɛntin
3","Entre midi et 14 h/ Ðò gan wěwe mɛ kpo gan wè mɛ gbadanu kpo tɛntin ɔ
779.4
Entre 21 h et minuit /Ðò gan xwè kanɖé ɖokpó do djè zǎn gan wěwe mɛ
682.0
Entre 6 h et 9 h du matin/ Ðò gan ayizɛ́n kpo gan ayizɛ́n kpo tɛntin zǎnzǎn
682.0
Entre 14 h et 18 h/Ðò gan wè mɛ  kpo Gan ayizɛn mɛ gbadanu
584.5
Entre 18 h et 21 h/ Ðò gan ayizɛn mɛ kpo Gan ayizɛn mɛ gbadanu
584.5
Entre 9 h du matin et midi/ Ðò gan ayizɛ́n mɛ zǎnzǎn kpo gan wěwe mɛ kpo tɛntin
389.7",Unknown,"Entre 6 h et 9 h du matin/ Ðò gan ayizɛ́n kpo gan ayizɛ́n kpo tɛntin zǎnzǎn
36.9
Entre midi et 14 h/ Ðò gan wěwe mɛ kpo gan wè mɛ gbadanu kpo tɛntin ɔ
18.7
Entre 18 h et 21 h/ Ðò gan ayizɛn mɛ kpo Gan ayizɛn mɛ gbadanu
18.3
Entre 21 h et minuit /Ðò gan xwè kanɖé ɖokpó do djè zǎn gan wěwe mɛ
8.4
Entre 9 h du matin et midi/ Ðò gan ayizɛ́n mɛ zǎnzǎn kpo gan wěwe mɛ kpo tɛntin
7.7
Entre 14 h et 18 h/Ðò gan wè mɛ  kpo Gan ayizɛn mɛ gbadanu
6.8
Uniquement en cas d'actualité/ Enyi nǔ e jɛ ɖò xójlawema ɖé mɛ é kɛɖɛ wɛ .
3.2","Entre 6 h et 9 h du matin/ Ðò gan ayizɛ́n kpo gan ayizɛ́n kpo tɛntin zǎnzǎn
29
Entre midi et 14 h/ Ðò gan wěwe mɛ kpo gan wè mɛ gbadanu kpo tɛntin ɔ
11
Entre 18 h et 21 h/ Ðò gan ayizɛn mɛ kpo Gan ayizɛn mɛ gbadanu
19
Entre 21 h et minuit /Ðò gan xwè kanɖé ɖokpó do djè zǎn gan wěwe mɛ
8
Entre 9 h du matin et midi/ Ðò gan ayizɛ́n mɛ zǎnzǎn kpo gan wěwe mɛ kpo tɛntin
5
Entre 14 h et 18 h/Ðò gan wè mɛ  kpo Gan ayizɛn mɛ gbadanu
9
Uniquement en cas d'actualité/ Enyi nǔ e jɛ ɖò xójlawema ɖé mɛ é kɛɖɛ wɛ .
6","Entre 6 h et 9 h du matin/ Ðò gan ayizɛ́n kpo gan ayizɛ́n kpo tɛntin zǎnzǎn
112115.6
Entre midi et 14 h/ Ðò gan wěwe mɛ kpo gan wè mɛ gbadanu kpo tɛntin ɔ
56672.0
Entre 18 h et 21 h/ Ðò gan ayizɛn mɛ kpo Gan ayizɛn mɛ gbadanu
55443.7
Entre 21 h et minuit /Ðò gan xwè kanɖé ɖokpó do djè zǎn gan wěwe mɛ
25487.8
Entre 9 h du matin et midi/ Ðò gan ayizɛ́n mɛ zǎnzǎn kpo gan wěwe mɛ kpo tɛntin
23499.4
Entre 14 h et 18 h/Ðò gan wè mɛ  kpo Gan ayizɛn mɛ gbadanu
20785.6
Uniquement en cas d'actualité/ Enyi nǔ e jɛ ɖò xójlawema ɖé mɛ é kɛɖɛ wɛ .
9650.0",Unknown
Radio What,"Je me repose / me détends/ Un ɖò gbɔjɛ wɛ/ɖò gbɔjɛ wɛ
28.6
Je fais des tâches ménagères (par exemple, le ménage, la lessive, la vaisselle)/ Un ɖò xwégbezɔ́ lɛ wà wɛ (e.g., nǔsisɔ, nǔnya, agbán klɔ́)
19.3
Working
14.0
Je cuisine/ Un ɖò nǔ ɖa wɛ
12.7
Rien, je n'écoute que la radio/ Nǔɖe ǎ, un nɔ ɖótó hladio kɛɖɛ
6.7
Je me prépare pour le travail/ Un ɖo nu sɔ wɛ bo na yi azɔmɛ
5.9
Je conduis/ Un ɖò hùn kun wɛ
5.0
Je passe du temps avec des amis/ Un ɖò hwenu zán wɛ xá mɛ xɔ́ntɔn lɛ
3.9
Je prie/ Un ɖò ɖɛ xò wɛ
3.6
Je fais de la couture/ Un nɔ tɔ avɔ
0.3","Je me repose / me détends/ Un ɖò gbɔjɛ wɛ/ɖò gbɔjɛ wɛ
26
Je fais des tâches ménagères (par exemple, le ménage, la lessive, la vaisselle)/ Un ɖò xwégbezɔ́ lɛ wà wɛ (e.g., nǔsisɔ, nǔnya, agbán klɔ́)
24
Working
6
Je cuisine/ Un ɖò nǔ ɖa wɛ
15
Rien, je n'écoute que la radio/ Nǔɖe ǎ, un nɔ ɖótó hladio kɛɖɛ
11
Je me prépare pour le travail/ Un ɖo nu sɔ wɛ bo na yi azɔmɛ
5
Je conduis/ Un ɖò hùn kun wɛ
2
Je passe du temps avec des amis/ Un ɖò hwenu zán wɛ xá mɛ xɔ́ntɔn lɛ
4
Je prie/ Un ɖò ɖɛ xò wɛ
2
Je fais de la couture/ Un nɔ tɔ avɔ
1","Je me repose / me détends/ Un ɖò gbɔjɛ wɛ/ɖò gbɔjɛ wɛ
3935.3
Je fais des tâches ménagères (par exemple, le ménage, la lessive, la vaisselle)/ Un ɖò xwégbezɔ́ lɛ wà wɛ (e.g., nǔsisɔ, nǔnya, agbán klɔ́)
2654.3
Working
1932.7
Je cuisine/ Un ɖò nǔ ɖa wɛ
1744.1
Rien, je n'écoute que la radio/ Nǔɖe ǎ, un nɔ ɖótó hladio kɛɖɛ
918.6
Je me prépare pour le travail/ Un ɖo nu sɔ wɛ bo na yi azɔmɛ
814.2
Je conduis/ Un ɖò hùn kun wɛ
693.8
Je passe du temps avec des amis/ Un ɖò hwenu zán wɛ xá mɛ xɔ́ntɔn lɛ
541.6
Je prie/ Un ɖò ɖɛ xò wɛ
501.1
Je fais de la couture/ Un nɔ tɔ avɔ
38.5",Unknown,"Rien, je n'écoute que la radio/ Nǔɖe ǎ, un nɔ ɖótó hladio kɛɖɛ
60.3
Je me repose / me détends/ Un ɖò gbɔjɛ wɛ/ɖò gbɔjɛ wɛ
19.1
Je fais des tâches ménagères (par exemple, le ménage, la lessive, la vaisselle)/ Un ɖò xwégbezɔ́ lɛ wà wɛ (e.g., nǔsisɔ, nǔnya, agbán klɔ́)
17.6
Je cuisine/ Un ɖò nǔ ɖa wɛ
2.9","Rien, je n'écoute que la radio/ Nǔɖe ǎ, un nɔ ɖótó hladio kɛɖɛ
4
Je me repose / me détends/ Un ɖò gbɔjɛ wɛ/ɖò gbɔjɛ wɛ
3
Je fais des tâches ménagères (par exemple, le ménage, la lessive, la vaisselle)/ Un ɖò xwégbezɔ́ lɛ wà wɛ (e.g., nǔsisɔ, nǔnya, agbán klɔ́)
6
Je cuisine/ Un ɖò nǔ ɖa wɛ
1","Rien, je n'écoute que la radio/ Nǔɖe ǎ, un nɔ ɖótó hladio kɛɖɛ
1657.5
Je me repose / me détends/ Un ɖò gbɔjɛ wɛ/ɖò gbɔjɛ wɛ
525.6
Je fais des tâches ménagères (par exemple, le ménage, la lessive, la vaisselle)/ Un ɖò xwégbezɔ́ lɛ wà wɛ (e.g., nǔsisɔ, nǔnya, agbán klɔ́)
485.1
Je cuisine/ Un ɖò nǔ ɖa wɛ
80.9",Unknown,"Je me repose / me détends/ Un ɖò gbɔjɛ wɛ/ɖò gbɔjɛ wɛ
35.4
Je fais des tâches ménagères (par exemple, le ménage, la lessive, la vaisselle)/ Un ɖò xwégbezɔ́ lɛ wà wɛ (e.g., nǔsisɔ, nǔnya, agbán klɔ́)
20.8
Je cuisine/ Un ɖò nǔ ɖa wɛ
15.5
Working
14.0
Rien, je n'écoute que la radio/ Nǔɖe ǎ, un nɔ ɖótó hladio kɛɖɛ
4.6
Je passe du temps avec des amis/ Un ɖò hwenu zán wɛ xá mɛ xɔ́ntɔn lɛ
3.2
Je me prépare pour le travail/ Un ɖo nu sɔ wɛ bo na yi azɔmɛ
2.9
Je suis sur mon téléphone/ Un ɖò alokan ce jí
2.2
Autre : veuillez préciser/ Ɖevo: kɛnklɛn ɖɔ
0.4
Je fais de la couture/ Un nɔ tɔ avɔ
0.4
Caring for animals
0.1
Je conduis/ Un ɖò hùn kun wɛ
0.1
Je prie/ Un ɖò ɖɛ xò wɛ
0.1
J’écris/ Un nɔ wlan nǔ
0.1
Je fais ou me fais faire ma coiffure ou des soins esthétiques/ Un ɖò ɖa ce bló wɛ alǒ ɖò ɖa ce lɛ bló wɛ
0.1","Je me repose / me détends/ Un ɖò gbɔjɛ wɛ/ɖò gbɔjɛ wɛ
287
Je fais des tâches ménagères (par exemple, le ménage, la lessive, la vaisselle)/ Un ɖò xwégbezɔ́ lɛ wà wɛ (e.g., nǔsisɔ, nǔnya, agbán klɔ́)
156
Je cuisine/ Un ɖò nǔ ɖa wɛ
127
Working
66
Rien, je n'écoute que la radio/ Nǔɖe ǎ, un nɔ ɖótó hladio kɛɖɛ
39
Je passe du temps avec des amis/ Un ɖò hwenu zán wɛ xá mɛ xɔ́ntɔn lɛ
53
Je me prépare pour le travail/ Un ɖo nu sɔ wɛ bo na yi azɔmɛ
51
Je suis sur mon téléphone/ Un ɖò alokan ce jí
31
Autre : veuillez préciser/ Ɖevo: kɛnklɛn ɖɔ
12
Je fais de la couture/ Un nɔ tɔ avɔ
17
Caring for animals
1
Je conduis/ Un ɖò hùn kun wɛ
3
Je prie/ Un ɖò ɖɛ xò wɛ
5
J’écris/ Un nɔ wlan nǔ
2
Je fais ou me fais faire ma coiffure ou des soins esthétiques/ Un ɖò ɖa ce bló wɛ alǒ ɖò ɖa ce lɛ bló wɛ
7","Je me repose / me détends/ Un ɖò gbɔjɛ wɛ/ɖò gbɔjɛ wɛ
330298.1
Je fais des tâches ménagères (par exemple, le ménage, la lessive, la vaisselle)/ Un ɖò xwégbezɔ́ lɛ wà wɛ (e.g., nǔsisɔ, nǔnya, agbán klɔ́)
194233.4
Je cuisine/ Un ɖò nǔ ɖa wɛ
144639.0
Working
130883.7
Rien, je n'écoute que la radio/ Nǔɖe ǎ, un nɔ ɖótó hladio kɛɖɛ
43093.7
Je passe du temps avec des amis/ Un ɖò hwenu zán wɛ xá mɛ xɔ́ntɔn lɛ
29417.7
Je me prépare pour le travail/ Un ɖo nu sɔ wɛ bo na yi azɔmɛ
26889.4
Je suis sur mon téléphone/ Un ɖò alokan ce jí
20259.7
Autre : veuillez préciser/ Ɖevo: kɛnklɛn ɖɔ
3777.6
Je fais de la couture/ Un nɔ tɔ avɔ
3557.7
Caring for animals
1390.2
Je conduis/ Un ɖò hùn kun wɛ
1227.1
Je prie/ Un ɖò ɖɛ xò wɛ
1016.0
J’écris/ Un nɔ wlan nǔ
735.6
Je fais ou me fais faire ma coiffure ou des soins esthétiques/ Un ɖò ɖa ce bló wɛ alǒ ɖò ɖa ce lɛ bló wɛ
639.5",Unknown,"Je cuisine/ Un ɖò nǔ ɖa wɛ
27.4
Je fais des tâches ménagères (par exemple, le ménage, la lessive, la vaisselle)/ Un ɖò xwégbezɔ́ lɛ wà wɛ (e.g., nǔsisɔ, nǔnya, agbán klɔ́)
27.2
Je me repose / me détends/ Un ɖò gbɔjɛ wɛ/ɖò gbɔjɛ wɛ
20.4
Working
8.6
Je passe du temps avec des amis/ Un ɖò hwenu zán wɛ xá mɛ xɔ́ntɔn lɛ
6.7
Je me prépare pour le travail/ Un ɖo nu sɔ wɛ bo na yi azɔmɛ
3.9
Rien, je n'écoute que la radio/ Nǔɖe ǎ, un nɔ ɖótó hladio kɛɖɛ
2.8
Je conduis/ Un ɖò hùn kun wɛ
1.4
Je suis sur mon téléphone/ Un ɖò alokan ce jí
1.1
Je fais de la couture/ Un nɔ tɔ avɔ
0.3
Je prie/ Un ɖò ɖɛ xò wɛ
0.2
Je fais ou me fais faire ma coiffure ou des soins esthétiques/ Un ɖò ɖa ce bló wɛ alǒ ɖò ɖa ce lɛ bló wɛ
0.2","Je cuisine/ Un ɖò nǔ ɖa wɛ
25
Je fais des tâches ménagères (par exemple, le ménage, la lessive, la vaisselle)/ Un ɖò xwégbezɔ́ lɛ wà wɛ (e.g., nǔsisɔ, nǔnya, agbán klɔ́)
24
Je me repose / me détends/ Un ɖò gbɔjɛ wɛ/ɖò gbɔjɛ wɛ
34
Working
11
Je passe du temps avec des amis/ Un ɖò hwenu zán wɛ xá mɛ xɔ́ntɔn lɛ
10
Je me prépare pour le travail/ Un ɖo nu sɔ wɛ bo na yi azɔmɛ
9
Rien, je n'écoute que la radio/ Nǔɖe ǎ, un nɔ ɖótó hladio kɛɖɛ
2
Je conduis/ Un ɖò hùn kun wɛ
2
Je suis sur mon téléphone/ Un ɖò alokan ce jí
1
Je fais de la couture/ Un nɔ tɔ avɔ
1
Je prie/ Un ɖò ɖɛ xò wɛ
1
Je fais ou me fais faire ma coiffure ou des soins esthétiques/ Un ɖò ɖa ce bló wɛ alǒ ɖò ɖa ce lɛ bló wɛ
1","Je cuisine/ Un ɖò nǔ ɖa wɛ
21030.5
Je fais des tâches ménagères (par exemple, le ménage, la lessive, la vaisselle)/ Un ɖò xwégbezɔ́ lɛ wà wɛ (e.g., nǔsisɔ, nǔnya, agbán klɔ́)
20883.5
Je me repose / me détends/ Un ɖò gbɔjɛ wɛ/ɖò gbɔjɛ wɛ
15647.6
Working
6575.0
Je passe du temps avec des amis/ Un ɖò hwenu zán wɛ xá mɛ xɔ́ntɔn lɛ
5147.3
Je me prépare pour le travail/ Un ɖo nu sɔ wɛ bo na yi azɔmɛ
2976.0
Rien, je n'écoute que la radio/ Nǔɖe ǎ, un nɔ ɖótó hladio kɛɖɛ
2158.9
Je conduis/ Un ɖò hùn kun wɛ
1078.3
Je suis sur mon téléphone/ Un ɖò alokan ce jí
870.3
Je fais de la couture/ Un nɔ tɔ avɔ
193.4
Je prie/ Un ɖò ɖɛ xò wɛ
160.3
Je fais ou me fais faire ma coiffure ou des soins esthétiques/ Un ɖò ɖa ce bló wɛ alǒ ɖò ɖa ce lɛ bló wɛ
135.7",Unknown,"Rien, je n'écoute que la radio/ Nǔɖe ǎ, un nɔ ɖótó hladio kɛɖɛ
20.8
Je me repose / me détends/ Un ɖò gbɔjɛ wɛ/ɖò gbɔjɛ wɛ
20.1
Je fais des tâches ménagères (par exemple, le ménage, la lessive, la vaisselle)/ Un ɖò xwégbezɔ́ lɛ wà wɛ (e.g., nǔsisɔ, nǔnya, agbán klɔ́)
19.9
Je cuisine/ Un ɖò nǔ ɖa wɛ
14.5
Working
9.8
Je passe du temps avec des amis/ Un ɖò hwenu zán wɛ xá mɛ xɔ́ntɔn lɛ
6.3
Je suis sur mon téléphone/ Un ɖò alokan ce jí
5.6
Je fais de la couture/ Un nɔ tɔ avɔ
1.8
Je me prépare pour le travail/ Un ɖo nu sɔ wɛ bo na yi azɔmɛ
0.6
Je lis (livres, journaux ou autres documents)/ Un ɖò nǔ xà wɛ (wema lɛ, xójlawema lɛ, alǒ nǔ ɖevo lɛ)
0.4
Caring for animals
0.2","Rien, je n'écoute que la radio/ Nǔɖe ǎ, un nɔ ɖótó hladio kɛɖɛ
50
Je me repose / me détends/ Un ɖò gbɔjɛ wɛ/ɖò gbɔjɛ wɛ
41
Je fais des tâches ménagères (par exemple, le ménage, la lessive, la vaisselle)/ Un ɖò xwégbezɔ́ lɛ wà wɛ (e.g., nǔsisɔ, nǔnya, agbán klɔ́)
50
Je cuisine/ Un ɖò nǔ ɖa wɛ
26
Working
27
Je passe du temps avec des amis/ Un ɖò hwenu zán wɛ xá mɛ xɔ́ntɔn lɛ
20
Je suis sur mon téléphone/ Un ɖò alokan ce jí
14
Je fais de la couture/ Un nɔ tɔ avɔ
4
Je me prépare pour le travail/ Un ɖo nu sɔ wɛ bo na yi azɔmɛ
2
Je lis (livres, journaux ou autres documents)/ Un ɖò nǔ xà wɛ (wema lɛ, xójlawema lɛ, alǒ nǔ ɖevo lɛ)
1
Caring for animals
1","Rien, je n'écoute que la radio/ Nǔɖe ǎ, un nɔ ɖótó hladio kɛɖɛ
97975.3
Je me repose / me détends/ Un ɖò gbɔjɛ wɛ/ɖò gbɔjɛ wɛ
94453.5
Je fais des tâches ménagères (par exemple, le ménage, la lessive, la vaisselle)/ Un ɖò xwégbezɔ́ lɛ wà wɛ (e.g., nǔsisɔ, nǔnya, agbán klɔ́)
93448.2
Je cuisine/ Un ɖò nǔ ɖa wɛ
68350.4
Working
45883.3
Je passe du temps avec des amis/ Un ɖò hwenu zán wɛ xá mɛ xɔ́ntɔn lɛ
29715.6
Je suis sur mon téléphone/ Un ɖò alokan ce jí
26156.1
Je fais de la couture/ Un nɔ tɔ avɔ
8605.2
Je me prépare pour le travail/ Un ɖo nu sɔ wɛ bo na yi azɔmɛ
2670.1
Je lis (livres, journaux ou autres documents)/ Un ɖò nǔ xà wɛ (wema lɛ, xójlawema lɛ, alǒ nǔ ɖevo lɛ)
1754.5
Caring for animals
1064.4",Unknown,"Je me repose / me détends/ Un ɖò gbɔjɛ wɛ/ɖò gbɔjɛ wɛ
27.2
Rien, je n'écoute que la radio/ Nǔɖe ǎ, un nɔ ɖótó hladio kɛɖɛ
14.4
Je suis sur mon téléphone/ Un ɖò alokan ce jí
14.3
Working
12.3
Je me prépare pour le travail/ Un ɖo nu sɔ wɛ bo na yi azɔmɛ
11.6
Je passe du temps avec des amis/ Un ɖò hwenu zán wɛ xá mɛ xɔ́ntɔn lɛ
10.4
Je fais des tâches ménagères (par exemple, le ménage, la lessive, la vaisselle)/ Un ɖò xwégbezɔ́ lɛ wà wɛ (e.g., nǔsisɔ, nǔnya, agbán klɔ́)
4.4
Je cuisine/ Un ɖò nǔ ɖa wɛ
3.6
Je lis (livres, journaux ou autres documents)/ Un ɖò nǔ xà wɛ (wema lɛ, xójlawema lɛ, alǒ nǔ ɖevo lɛ)
0.8
Je prie/ Un ɖò ɖɛ xò wɛ
0.8
Je fais de la couture/ Un nɔ tɔ avɔ
0.3","Je me repose / me détends/ Un ɖò gbɔjɛ wɛ/ɖò gbɔjɛ wɛ
26
Rien, je n'écoute que la radio/ Nǔɖe ǎ, un nɔ ɖótó hladio kɛɖɛ
12
Je suis sur mon téléphone/ Un ɖò alokan ce jí
8
Working
12
Je me prépare pour le travail/ Un ɖo nu sɔ wɛ bo na yi azɔmɛ
8
Je passe du temps avec des amis/ Un ɖò hwenu zán wɛ xá mɛ xɔ́ntɔn lɛ
8
Je fais des tâches ménagères (par exemple, le ménage, la lessive, la vaisselle)/ Un ɖò xwégbezɔ́ lɛ wà wɛ (e.g., nǔsisɔ, nǔnya, agbán klɔ́)
12
Je cuisine/ Un ɖò nǔ ɖa wɛ
13
Je lis (livres, journaux ou autres documents)/ Un ɖò nǔ xà wɛ (wema lɛ, xójlawema lɛ, alǒ nǔ ɖevo lɛ)
1
Je prie/ Un ɖò ɖɛ xò wɛ
1
Je fais de la couture/ Un nɔ tɔ avɔ
2","Je me repose / me détends/ Un ɖò gbɔjɛ wɛ/ɖò gbɔjɛ wɛ
39937.8
Rien, je n'écoute que la radio/ Nǔɖe ǎ, un nɔ ɖótó hladio kɛɖɛ
21163.0
Je suis sur mon téléphone/ Un ɖò alokan ce jí
20961.1
Working
18006.4
Je me prépare pour le travail/ Un ɖo nu sɔ wɛ bo na yi azɔmɛ
16995.5
Je passe du temps avec des amis/ Un ɖò hwenu zán wɛ xá mɛ xɔ́ntɔn lɛ
15255.2
Je fais des tâches ménagères (par exemple, le ménage, la lessive, la vaisselle)/ Un ɖò xwégbezɔ́ lɛ wà wɛ (e.g., nǔsisɔ, nǔnya, agbán klɔ́)
6513.6
Je cuisine/ Un ɖò nǔ ɖa wɛ
5299.7
Je lis (livres, journaux ou autres documents)/ Un ɖò nǔ xà wɛ (wema lɛ, xójlawema lɛ, alǒ nǔ ɖevo lɛ)
1133.0
Je prie/ Un ɖò ɖɛ xò wɛ
1133.0
Je fais de la couture/ Un nɔ tɔ avɔ
404.3",Unknown,"Je fais des tâches ménagères (par exemple, le ménage, la lessive, la vaisselle)/ Un ɖò xwégbezɔ́ lɛ wà wɛ (e.g., nǔsisɔ, nǔnya, agbán klɔ́)
33.3
Je me repose / me détends/ Un ɖò gbɔjɛ wɛ/ɖò gbɔjɛ wɛ
33.3
Je cuisine/ Un ɖò nǔ ɖa wɛ
25.0
Working
8.3","Je fais des tâches ménagères (par exemple, le ménage, la lessive, la vaisselle)/ Un ɖò xwégbezɔ́ lɛ wà wɛ (e.g., nǔsisɔ, nǔnya, agbán klɔ́)
4
Je me repose / me détends/ Un ɖò gbɔjɛ wɛ/ɖò gbɔjɛ wɛ
4
Je cuisine/ Un ɖò nǔ ɖa wɛ
3
Working
1","Je fais des tâches ménagères (par exemple, le ménage, la lessive, la vaisselle)/ Un ɖò xwégbezɔ́ lɛ wà wɛ (e.g., nǔsisɔ, nǔnya, agbán klɔ́)
84.0
Je me repose / me détends/ Un ɖò gbɔjɛ wɛ/ɖò gbɔjɛ wɛ
84.0
Je cuisine/ Un ɖò nǔ ɖa wɛ
63.0
Working
21.0",Unknown,"Je me repose / me détends/ Un ɖò gbɔjɛ wɛ/ɖò gbɔjɛ wɛ
36.5
Working
24.8
Je fais des tâches ménagères (par exemple, le ménage, la lessive, la vaisselle)/ Un ɖò xwégbezɔ́ lɛ wà wɛ (e.g., nǔsisɔ, nǔnya, agbán klɔ́)
12.0
Je me prépare pour le travail/ Un ɖo nu sɔ wɛ bo na yi azɔmɛ
10.2
Je passe du temps avec des amis/ Un ɖò hwenu zán wɛ xá mɛ xɔ́ntɔn lɛ
5.7
Je peins/ Un nɔ sá sin
5.7
Je cuisine/ Un ɖò nǔ ɖa wɛ
1.7
Je suis sur mon téléphone/ Un ɖò alokan ce jí
1.1
Je conduis/ Un ɖò hùn kun wɛ
0.8
Je fais ou me fais faire ma coiffure ou des soins esthétiques/ Un ɖò ɖa ce bló wɛ alǒ ɖò ɖa ce lɛ bló wɛ
0.6
Rien, je n'écoute que la radio/ Nǔɖe ǎ, un nɔ ɖótó hladio kɛɖɛ
0.6
Autre : veuillez préciser/ Ɖevo: kɛnklɛn ɖɔ
0.2","Je me repose / me détends/ Un ɖò gbɔjɛ wɛ/ɖò gbɔjɛ wɛ
24
Working
7
Je fais des tâches ménagères (par exemple, le ménage, la lessive, la vaisselle)/ Un ɖò xwégbezɔ́ lɛ wà wɛ (e.g., nǔsisɔ, nǔnya, agbán klɔ́)
5
Je me prépare pour le travail/ Un ɖo nu sɔ wɛ bo na yi azɔmɛ
1
Je passe du temps avec des amis/ Un ɖò hwenu zán wɛ xá mɛ xɔ́ntɔn lɛ
1
Je peins/ Un nɔ sá sin
1
Je cuisine/ Un ɖò nǔ ɖa wɛ
4
Je suis sur mon téléphone/ Un ɖò alokan ce jí
1
Je conduis/ Un ɖò hùn kun wɛ
1
Je fais ou me fais faire ma coiffure ou des soins esthétiques/ Un ɖò ɖa ce bló wɛ alǒ ɖò ɖa ce lɛ bló wɛ
1
Rien, je n'écoute que la radio/ Nǔɖe ǎ, un nɔ ɖótó hladio kɛɖɛ
3
Autre : veuillez préciser/ Ɖevo: kɛnklɛn ɖɔ
1","Je me repose / me détends/ Un ɖò gbɔjɛ wɛ/ɖò gbɔjɛ wɛ
5540.2
Working
3766.7
Je fais des tâches ménagères (par exemple, le ménage, la lessive, la vaisselle)/ Un ɖò xwégbezɔ́ lɛ wà wɛ (e.g., nǔsisɔ, nǔnya, agbán klɔ́)
1815.6
Je me prépare pour le travail/ Un ɖo nu sɔ wɛ bo na yi azɔmɛ
1547.3
Je passe du temps avec des amis/ Un ɖò hwenu zán wɛ xá mɛ xɔ́ntɔn lɛ
870.3
Je peins/ Un nɔ sá sin
870.3
Je cuisine/ Un ɖò nǔ ɖa wɛ
254.7
Je suis sur mon téléphone/ Un ɖò alokan ce jí
160.3
Je conduis/ Un ɖò hùn kun wɛ
120.3
Je fais ou me fais faire ma coiffure ou des soins esthétiques/ Un ɖò ɖa ce bló wɛ alǒ ɖò ɖa ce lɛ bló wɛ
96.7
Rien, je n'écoute que la radio/ Nǔɖe ǎ, un nɔ ɖótó hladio kɛɖɛ
91.9
Autre : veuillez préciser/ Ɖevo: kɛnklɛn ɖɔ
30.6",Unknown,"Je me repose / me détends/ Un ɖò gbɔjɛ wɛ/ɖò gbɔjɛ wɛ
19.4
Je me prépare pour le travail/ Un ɖo nu sɔ wɛ bo na yi azɔmɛ
16.7
Je passe du temps avec des amis/ Un ɖò hwenu zán wɛ xá mɛ xɔ́ntɔn lɛ
16.7
Je suis sur mon téléphone/ Un ɖò alokan ce jí
16.7
Je fais des tâches ménagères (par exemple, le ménage, la lessive, la vaisselle)/ Un ɖò xwégbezɔ́ lɛ wà wɛ (e.g., nǔsisɔ, nǔnya, agbán klɔ́)
11.1
Working
8.3
Rien, je n'écoute que la radio/ Nǔɖe ǎ, un nɔ ɖótó hladio kɛɖɛ
5.6
Je cuisine/ Un ɖò nǔ ɖa wɛ
2.8
Je prie/ Un ɖò ɖɛ xò wɛ
2.8","Je me repose / me détends/ Un ɖò gbɔjɛ wɛ/ɖò gbɔjɛ wɛ
3
Je me prépare pour le travail/ Un ɖo nu sɔ wɛ bo na yi azɔmɛ
2
Je passe du temps avec des amis/ Un ɖò hwenu zán wɛ xá mɛ xɔ́ntɔn lɛ
2
Je suis sur mon téléphone/ Un ɖò alokan ce jí
2
Je fais des tâches ménagères (par exemple, le ménage, la lessive, la vaisselle)/ Un ɖò xwégbezɔ́ lɛ wà wɛ (e.g., nǔsisɔ, nǔnya, agbán klɔ́)
1
Working
2
Rien, je n'écoute que la radio/ Nǔɖe ǎ, un nɔ ɖótó hladio kɛɖɛ
1
Je cuisine/ Un ɖò nǔ ɖa wɛ
1
Je prie/ Un ɖò ɖɛ xò wɛ
1","Je me repose / me détends/ Un ɖò gbɔjɛ wɛ/ɖò gbɔjɛ wɛ
682.0
Je me prépare pour le travail/ Un ɖo nu sɔ wɛ bo na yi azɔmɛ
584.5
Je passe du temps avec des amis/ Un ɖò hwenu zán wɛ xá mɛ xɔ́ntɔn lɛ
584.5
Je suis sur mon téléphone/ Un ɖò alokan ce jí
584.5
Je fais des tâches ménagères (par exemple, le ménage, la lessive, la vaisselle)/ Un ɖò xwégbezɔ́ lɛ wà wɛ (e.g., nǔsisɔ, nǔnya, agbán klɔ́)
389.7
Working
292.3
Rien, je n'écoute que la radio/ Nǔɖe ǎ, un nɔ ɖótó hladio kɛɖɛ
194.8
Je cuisine/ Un ɖò nǔ ɖa wɛ
97.4
Je prie/ Un ɖò ɖɛ xò wɛ
97.4",Unknown,"Je fais des tâches ménagères (par exemple, le ménage, la lessive, la vaisselle)/ Un ɖò xwégbezɔ́ lɛ wà wɛ (e.g., nǔsisɔ, nǔnya, agbán klɔ́)
38.0
Rien, je n'écoute que la radio/ Nǔɖe ǎ, un nɔ ɖótó hladio kɛɖɛ
25.7
Je me repose / me détends/ Un ɖò gbɔjɛ wɛ/ɖò gbɔjɛ wɛ
18.0
Working
6.6
Je me prépare pour le travail/ Un ɖo nu sɔ wɛ bo na yi azɔmɛ
4.1
Je passe du temps avec des amis/ Un ɖò hwenu zán wɛ xá mɛ xɔ́ntɔn lɛ
3.5
Je cuisine/ Un ɖò nǔ ɖa wɛ
2.5
Autre : veuillez préciser/ Ɖevo: kɛnklɛn ɖɔ
0.7
Je suis sur mon téléphone/ Un ɖò alokan ce jí
0.7","Je fais des tâches ménagères (par exemple, le ménage, la lessive, la vaisselle)/ Un ɖò xwégbezɔ́ lɛ wà wɛ (e.g., nǔsisɔ, nǔnya, agbán klɔ́)
14
Rien, je n'écoute que la radio/ Nǔɖe ǎ, un nɔ ɖótó hladio kɛɖɛ
12
Je me repose / me détends/ Un ɖò gbɔjɛ wɛ/ɖò gbɔjɛ wɛ
24
Working
10
Je me prépare pour le travail/ Un ɖo nu sɔ wɛ bo na yi azɔmɛ
3
Je passe du temps avec des amis/ Un ɖò hwenu zán wɛ xá mɛ xɔ́ntɔn lɛ
5
Je cuisine/ Un ɖò nǔ ɖa wɛ
1
Autre : veuillez préciser/ Ɖevo: kɛnklɛn ɖɔ
1
Je suis sur mon téléphone/ Un ɖò alokan ce jí
1","Je fais des tâches ménagères (par exemple, le ménage, la lessive, la vaisselle)/ Un ɖò xwégbezɔ́ lɛ wà wɛ (e.g., nǔsisɔ, nǔnya, agbán klɔ́)
90593.0
Rien, je n'écoute que la radio/ Nǔɖe ǎ, un nɔ ɖótó hladio kɛɖɛ
61351.1
Je me repose / me détends/ Un ɖò gbɔjɛ wɛ/ɖò gbɔjɛ wɛ
43056.7
Working
15837.7
Je me prépare pour le travail/ Un ɖo nu sɔ wɛ bo na yi azɔmɛ
9895.7
Je passe du temps avec des amis/ Un ɖò hwenu zán wɛ xá mɛ xɔ́ntɔn lɛ
8410.2
Je cuisine/ Un ɖò nǔ ɖa wɛ
5942.0
Autre : veuillez préciser/ Ɖevo: kɛnklɛn ɖɔ
1731.2
Je suis sur mon téléphone/ Un ɖò alokan ce jí
1731.2",Unknown
Radio Trust,"La plupart du temps, j'ai confiance/ Hwenu gege ɔ un nɔ ɖeji
47.5
Je fais toujours confiance/ Un nɔ ɖeji hwebinu
47.3
Parfois, j'ai confiance/ Hweɖelɛnu ɔ un nɔ ɖeji
3.4
Je ne sais pas/ Un ma tuùn ǎ
0.6
Je préfère ne pas répondre/ Un nɔ yí wǎn nú xósin ǎ
0.6
La plupart du temps, je ne fais pas confiance/ Hwenu gege ɔ un nɔ ɖeji ǎ
0.6","La plupart du temps, j'ai confiance/ Hwenu gege ɔ un nɔ ɖeji
18
Je fais toujours confiance/ Un nɔ ɖeji hwebinu
26
Parfois, j'ai confiance/ Hweɖelɛnu ɔ un nɔ ɖeji
3
Je ne sais pas/ Un ma tuùn ǎ
1
Je préfère ne pas répondre/ Un nɔ yí wǎn nú xósin ǎ
1
La plupart du temps, je ne fais pas confiance/ Hwenu gege ɔ un nɔ ɖeji ǎ
1","La plupart du temps, j'ai confiance/ Hwenu gege ɔ un nɔ ɖeji
3039.6
Je fais toujours confiance/ Un nɔ ɖeji hwebinu
3025.3
Parfois, j'ai confiance/ Hweɖelɛnu ɔ un nɔ ɖeji
217.2
Je ne sais pas/ Un ma tuùn ǎ
38.5
Je préfère ne pas répondre/ Un nɔ yí wǎn nú xósin ǎ
38.5
La plupart du temps, je ne fais pas confiance/ Hwenu gege ɔ un nɔ ɖeji ǎ
38.5",Unknown,"La plupart du temps, j'ai confiance/ Hwenu gege ɔ un nɔ ɖeji
84.9
Parfois, j'ai confiance/ Hweɖelɛnu ɔ un nɔ ɖeji
11.3
Je fais toujours confiance/ Un nɔ ɖeji hwebinu
3.8","La plupart du temps, j'ai confiance/ Hwenu gege ɔ un nɔ ɖeji
6
Parfois, j'ai confiance/ Hweɖelɛnu ɔ un nɔ ɖeji
3
Je fais toujours confiance/ Un nɔ ɖeji hwebinu
1","La plupart du temps, j'ai confiance/ Hwenu gege ɔ un nɔ ɖeji
1819.2
Parfois, j'ai confiance/ Hweɖelɛnu ɔ un nɔ ɖeji
242.6
Je fais toujours confiance/ Un nɔ ɖeji hwebinu
80.9",Unknown,"Parfois, j'ai confiance/ Hweɖelɛnu ɔ un nɔ ɖeji
66.6
Je fais toujours confiance/ Un nɔ ɖeji hwebinu
25.5
La plupart du temps, j'ai confiance/ Hwenu gege ɔ un nɔ ɖeji
7.7
La plupart du temps, je ne fais pas confiance/ Hwenu gege ɔ un nɔ ɖeji ǎ
0.2
Je ne fais jamais confiance/ Un nɔ ɖeji gbeɖe a
0.0","Parfois, j'ai confiance/ Hweɖelɛnu ɔ un nɔ ɖeji
144
Je fais toujours confiance/ Un nɔ ɖeji hwebinu
205
La plupart du temps, j'ai confiance/ Hwenu gege ɔ un nɔ ɖeji
71
La plupart du temps, je ne fais pas confiance/ Hwenu gege ɔ un nɔ ɖeji ǎ
4
Je ne fais jamais confiance/ Un nɔ ɖeji gbeɖe a
2","Parfois, j'ai confiance/ Hweɖelɛnu ɔ un nɔ ɖeji
323665.1
Je fais toujours confiance/ Un nɔ ɖeji hwebinu
124061.4
La plupart du temps, j'ai confiance/ Hwenu gege ɔ un nɔ ɖeji
37532.2
La plupart du temps, je ne fais pas confiance/ Hwenu gege ɔ un nɔ ɖeji ǎ
730.6
Je ne fais jamais confiance/ Un nɔ ɖeji gbeɖe a
228.0",Unknown,"Je fais toujours confiance/ Un nɔ ɖeji hwebinu
66.8
La plupart du temps, j'ai confiance/ Hwenu gege ɔ un nɔ ɖeji
23.7
Parfois, j'ai confiance/ Hweɖelɛnu ɔ un nɔ ɖeji
9.4","Je fais toujours confiance/ Un nɔ ɖeji hwebinu
22
La plupart du temps, j'ai confiance/ Hwenu gege ɔ un nɔ ɖeji
18
Parfois, j'ai confiance/ Hweɖelɛnu ɔ un nɔ ɖeji
8","Je fais toujours confiance/ Un nɔ ɖeji hwebinu
23112.2
La plupart du temps, j'ai confiance/ Hwenu gege ɔ un nɔ ɖeji
8207.7
Parfois, j'ai confiance/ Hweɖelɛnu ɔ un nɔ ɖeji
3268.2",Unknown,"Je fais toujours confiance/ Un nɔ ɖeji hwebinu
73.3
La plupart du temps, j'ai confiance/ Hwenu gege ɔ un nɔ ɖeji
18.1
Parfois, j'ai confiance/ Hweɖelɛnu ɔ un nɔ ɖeji
8.5","Je fais toujours confiance/ Un nɔ ɖeji hwebinu
120
La plupart du temps, j'ai confiance/ Hwenu gege ɔ un nɔ ɖeji
27
Parfois, j'ai confiance/ Hweɖelɛnu ɔ un nɔ ɖeji
12","Je fais toujours confiance/ Un nɔ ɖeji hwebinu
241460.9
La plupart du temps, j'ai confiance/ Hwenu gege ɔ un nɔ ɖeji
59752.6
Parfois, j'ai confiance/ Hweɖelɛnu ɔ un nɔ ɖeji
28159.9",Unknown,"La plupart du temps, j'ai confiance/ Hwenu gege ɔ un nɔ ɖeji
44.2
Je fais toujours confiance/ Un nɔ ɖeji hwebinu
39.3
Parfois, j'ai confiance/ Hweɖelɛnu ɔ un nɔ ɖeji
9.3
La plupart du temps, je ne fais pas confiance/ Hwenu gege ɔ un nɔ ɖeji ǎ
6.9
Je ne fais jamais confiance/ Un nɔ ɖeji gbeɖe a
0.2
Je ne sais pas/ Un ma tuùn ǎ
0.2","La plupart du temps, j'ai confiance/ Hwenu gege ɔ un nɔ ɖeji
18
Je fais toujours confiance/ Un nɔ ɖeji hwebinu
18
Parfois, j'ai confiance/ Hweɖelɛnu ɔ un nɔ ɖeji
5
La plupart du temps, je ne fais pas confiance/ Hwenu gege ɔ un nɔ ɖeji ǎ
2
Je ne fais jamais confiance/ Un nɔ ɖeji gbeɖe a
1
Je ne sais pas/ Un ma tuùn ǎ
1","La plupart du temps, j'ai confiance/ Hwenu gege ɔ un nɔ ɖeji
21848.9
Je fais toujours confiance/ Un nɔ ɖeji hwebinu
19421.9
Parfois, j'ai confiance/ Hweɖelɛnu ɔ un nɔ ɖeji
4613.0
La plupart du temps, je ne fais pas confiance/ Hwenu gege ɔ un nɔ ɖeji ǎ
3399.1
Je ne fais jamais confiance/ Un nɔ ɖeji gbeɖe a
80.9
Je ne sais pas/ Un ma tuùn ǎ
80.9",Unknown,"Parfois, j'ai confiance/ Hweɖelɛnu ɔ un nɔ ɖeji
85.7
Je fais toujours confiance/ Un nɔ ɖeji hwebinu
14.3","Parfois, j'ai confiance/ Hweɖelɛnu ɔ un nɔ ɖeji
6
Je fais toujours confiance/ Un nɔ ɖeji hwebinu
1","Parfois, j'ai confiance/ Hweɖelɛnu ɔ un nɔ ɖeji
126.0
Je fais toujours confiance/ Un nɔ ɖeji hwebinu
21.0",Unknown,"La plupart du temps, j'ai confiance/ Hwenu gege ɔ un nɔ ɖeji
65.5
Je fais toujours confiance/ Un nɔ ɖeji hwebinu
29.7
Parfois, j'ai confiance/ Hweɖelɛnu ɔ un nɔ ɖeji
4.8","La plupart du temps, j'ai confiance/ Hwenu gege ɔ un nɔ ɖeji
7
Je fais toujours confiance/ Un nɔ ɖeji hwebinu
14
Parfois, j'ai confiance/ Hweɖelɛnu ɔ un nɔ ɖeji
7","La plupart du temps, j'ai confiance/ Hwenu gege ɔ un nɔ ɖeji
4709.7
Je fais toujours confiance/ Un nɔ ɖeji hwebinu
2139.1
Parfois, j'ai confiance/ Hweɖelɛnu ɔ un nɔ ɖeji
344.2",Unknown,"La plupart du temps, j'ai confiance/ Hwenu gege ɔ un nɔ ɖeji
75.0
Je fais toujours confiance/ Un nɔ ɖeji hwebinu
25.0","La plupart du temps, j'ai confiance/ Hwenu gege ɔ un nɔ ɖeji
3
Je fais toujours confiance/ Un nɔ ɖeji hwebinu
1","La plupart du temps, j'ai confiance/ Hwenu gege ɔ un nɔ ɖeji
584.5
Je fais toujours confiance/ Un nɔ ɖeji hwebinu
194.8",Unknown,"Je fais toujours confiance/ Un nɔ ɖeji hwebinu
79.5
La plupart du temps, j'ai confiance/ Hwenu gege ɔ un nɔ ɖeji
13.4
Parfois, j'ai confiance/ Hweɖelɛnu ɔ un nɔ ɖeji
6.4
Je ne fais jamais confiance/ Un nɔ ɖeji gbeɖe a
0.8","Je fais toujours confiance/ Un nɔ ɖeji hwebinu
35
La plupart du temps, j'ai confiance/ Hwenu gege ɔ un nɔ ɖeji
10
Parfois, j'ai confiance/ Hweɖelɛnu ɔ un nɔ ɖeji
4
Je ne fais jamais confiance/ Un nɔ ɖeji gbeɖe a
1","Je fais toujours confiance/ Un nɔ ɖeji hwebinu
148247.6
La plupart du temps, j'ai confiance/ Hwenu gege ɔ un nɔ ɖeji
24984.9
Parfois, j'ai confiance/ Hweɖelɛnu ɔ un nɔ ɖeji
11872.5
Je ne fais jamais confiance/ Un nɔ ɖeji gbeɖe a
1485.5",Unknown
Radio Influence,"Oui/ Ɛɛn
57.9
Cela dépend des auditeurs ; certains ne changeront pas d'avis/ É nɔ sín tóɖómɛtɔ́ lɛ wu; mɛɖe lɛ na ɖyɔ linlin yetɔn ǎ
30.8
Cela dépend de la qualité/du contenu des publicités ou des émissions radiophoniques/ É nɔ sín ɖagbe/nǔ e ɖò ajɔ̌jlájlá lɛ alǒ hladio jí lɛ é wu
9.0
Je ne sais pas/ Un tuùn ǎ
2.3","Oui/ Ɛɛn
31
Cela dépend des auditeurs ; certains ne changeront pas d'avis/ É nɔ sín tóɖómɛtɔ́ lɛ wu; mɛɖe lɛ na ɖyɔ linlin yetɔn ǎ
10
Cela dépend de la qualité/du contenu des publicités ou des émissions radiophoniques/ É nɔ sín ɖagbe/nǔ e ɖò ajɔ̌jlájlá lɛ alǒ hladio jí lɛ é wu
5
Je ne sais pas/ Un tuùn ǎ
4","Oui/ Ɛɛn
3702.5
Cela dépend des auditeurs ; certains ne changeront pas d'avis/ É nɔ sín tóɖómɛtɔ́ lɛ wu; mɛɖe lɛ na ɖyɔ linlin yetɔn ǎ
1969.3
Cela dépend de la qualité/du contenu des publicités ou des émissions radiophoniques/ É nɔ sín ɖagbe/nǔ e ɖò ajɔ̌jlájlá lɛ alǒ hladio jí lɛ é wu
577.3
Je ne sais pas/ Un tuùn ǎ
148.5",Unknown,"Cela dépend des auditeurs ; certains ne changeront pas d'avis/ É nɔ sín tóɖómɛtɔ́ lɛ wu; mɛɖe lɛ na ɖyɔ linlin yetɔn ǎ
56.6
Oui/ Ɛɛn
32.1
Je ne sais pas/ Un tuùn ǎ
11.3","Cela dépend des auditeurs ; certains ne changeront pas d'avis/ É nɔ sín tóɖómɛtɔ́ lɛ wu; mɛɖe lɛ na ɖyɔ linlin yetɔn ǎ
4
Oui/ Ɛɛn
3
Je ne sais pas/ Un tuùn ǎ
3","Cela dépend des auditeurs ; certains ne changeront pas d'avis/ É nɔ sín tóɖómɛtɔ́ lɛ wu; mɛɖe lɛ na ɖyɔ linlin yetɔn ǎ
1212.8
Oui/ Ɛɛn
687.3
Je ne sais pas/ Un tuùn ǎ
242.6",Unknown,"Cela dépend de la qualité/du contenu des publicités ou des émissions radiophoniques/ É nɔ sín ɖagbe/nǔ e ɖò ajɔ̌jlájlá lɛ alǒ hladio jí lɛ é wu
38.3
Oui/ Ɛɛn
32.5
Cela dépend des auditeurs ; certains ne changeront pas d'avis/ É nɔ sín tóɖómɛtɔ́ lɛ wu; mɛɖe lɛ na ɖyɔ linlin yetɔn ǎ
27.9
Je ne sais pas/ Un tuùn ǎ
0.8
Non/ Éo
0.5","Cela dépend de la qualité/du contenu des publicités ou des émissions radiophoniques/ É nɔ sín ɖagbe/nǔ e ɖò ajɔ̌jlájlá lɛ alǒ hladio jí lɛ é wu
113
Oui/ Ɛɛn
217
Cela dépend des auditeurs ; certains ne changeront pas d'avis/ É nɔ sín tóɖómɛtɔ́ lɛ wu; mɛɖe lɛ na ɖyɔ linlin yetɔn ǎ
67
Je ne sais pas/ Un tuùn ǎ
17
Non/ Éo
12","Cela dépend de la qualité/du contenu des publicités ou des émissions radiophoniques/ É nɔ sín ɖagbe/nǔ e ɖò ajɔ̌jlájlá lɛ alǒ hladio jí lɛ é wu
186163.7
Oui/ Ɛɛn
158179.0
Cela dépend des auditeurs ; certains ne changeront pas d'avis/ É nɔ sín tóɖómɛtɔ́ lɛ wu; mɛɖe lɛ na ɖyɔ linlin yetɔn ǎ
135491.4
Je ne sais pas/ Un tuùn ǎ
3929.2
Non/ Éo
2453.9",Unknown,"Oui/ Ɛɛn
83.3
Cela dépend de la qualité/du contenu des publicités ou des émissions radiophoniques/ É nɔ sín ɖagbe/nǔ e ɖò ajɔ̌jlájlá lɛ alǒ hladio jí lɛ é wu
7.7
Cela dépend des auditeurs ; certains ne changeront pas d'avis/ É nɔ sín tóɖómɛtɔ́ lɛ wu; mɛɖe lɛ na ɖyɔ linlin yetɔn ǎ
6.4
Je ne sais pas/ Un tuùn ǎ
2.6","Oui/ Ɛɛn
32
Cela dépend de la qualité/du contenu des publicités ou des émissions radiophoniques/ É nɔ sín ɖagbe/nǔ e ɖò ajɔ̌jlájlá lɛ alǒ hladio jí lɛ é wu
2
Cela dépend des auditeurs ; certains ne changeront pas d'avis/ É nɔ sín tóɖómɛtɔ́ lɛ wu; mɛɖe lɛ na ɖyɔ linlin yetɔn ǎ
7
Je ne sais pas/ Un tuùn ǎ
7","Oui/ Ɛɛn
28812.7
Cela dépend de la qualité/du contenu des publicités ou des émissions radiophoniques/ É nɔ sín ɖagbe/nǔ e ɖò ajɔ̌jlájlá lɛ alǒ hladio jí lɛ é wu
2646.8
Cela dépend des auditeurs ; certains ne changeront pas d'avis/ É nɔ sín tóɖómɛtɔ́ lɛ wu; mɛɖe lɛ na ɖyɔ linlin yetɔn ǎ
2227.9
Je ne sais pas/ Un tuùn ǎ
900.7",Unknown,"Oui/ Ɛɛn
54.0
Cela dépend de la qualité/du contenu des publicités ou des émissions radiophoniques/ É nɔ sín ɖagbe/nǔ e ɖò ajɔ̌jlájlá lɛ alǒ hladio jí lɛ é wu
25.1
Cela dépend des auditeurs ; certains ne changeront pas d'avis/ É nɔ sín tóɖómɛtɔ́ lɛ wu; mɛɖe lɛ na ɖyɔ linlin yetɔn ǎ
20.4
Je ne sais pas/ Un tuùn ǎ
0.5","Oui/ Ɛɛn
87
Cela dépend de la qualité/du contenu des publicités ou des émissions radiophoniques/ É nɔ sín ɖagbe/nǔ e ɖò ajɔ̌jlájlá lɛ alǒ hladio jí lɛ é wu
40
Cela dépend des auditeurs ; certains ne changeront pas d'avis/ É nɔ sín tóɖómɛtɔ́ lɛ wu; mɛɖe lɛ na ɖyɔ linlin yetɔn ǎ
31
Je ne sais pas/ Un tuùn ǎ
1","Oui/ Ɛɛn
177802.3
Cela dépend de la qualité/du contenu des publicités ou des émissions radiophoniques/ É nɔ sín ɖagbe/nǔ e ɖò ajɔ̌jlájlá lɛ alǒ hladio jí lɛ é wu
82752.4
Cela dépend des auditeurs ; certains ne changeront pas d'avis/ É nɔ sín tóɖómɛtɔ́ lɛ wu; mɛɖe lɛ na ɖyɔ linlin yetɔn ǎ
67120.0
Je ne sais pas/ Un tuùn ǎ
1698.8",Unknown,"Oui/ Ɛɛn
61.2
Cela dépend des auditeurs ; certains ne changeront pas d'avis/ É nɔ sín tóɖómɛtɔ́ lɛ wu; mɛɖe lɛ na ɖyɔ linlin yetɔn ǎ
23.7
Je ne sais pas/ Un tuùn ǎ
8.2
Non/ Éo
3.4
Cela dépend de la qualité/du contenu des publicités ou des émissions radiophoniques/ É nɔ sín ɖagbe/nǔ e ɖò ajɔ̌jlájlá lɛ alǒ hladio jí lɛ é wu
3.4","Oui/ Ɛɛn
23
Cela dépend des auditeurs ; certains ne changeront pas d'avis/ É nɔ sín tóɖómɛtɔ́ lɛ wu; mɛɖe lɛ na ɖyɔ linlin yetɔn ǎ
10
Je ne sais pas/ Un tuùn ǎ
3
Non/ Éo
2
Cela dépend de la qualité/du contenu des publicités ou des émissions radiophoniques/ É nɔ sín ɖagbe/nǔ e ɖò ajɔ̌jlájlá lɛ alǒ hladio jí lɛ é wu
7","Oui/ Ɛɛn
30265.5
Cela dépend des auditeurs ; certains ne changeront pas d'avis/ É nɔ sín tóɖómɛtɔ́ lɛ wu; mɛɖe lɛ na ɖyɔ linlin yetɔn ǎ
11734.6
Je ne sais pas/ Un tuùn ǎ
4046.5
Non/ Éo
1699.5
Cela dépend de la qualité/du contenu des publicités ou des émissions radiophoniques/ É nɔ sín ɖagbe/nǔ e ɖò ajɔ̌jlájlá lɛ alǒ hladio jí lɛ é wu
1698.5",Unknown,"Cela dépend de la qualité/du contenu des publicités ou des émissions radiophoniques/ É nɔ sín ɖagbe/nǔ e ɖò ajɔ̌jlájlá lɛ alǒ hladio jí lɛ é wu
57.1
Non/ Éo
28.6
Oui/ Ɛɛn
14.3","Cela dépend de la qualité/du contenu des publicités ou des émissions radiophoniques/ É nɔ sín ɖagbe/nǔ e ɖò ajɔ̌jlájlá lɛ alǒ hladio jí lɛ é wu
4
Non/ Éo
2
Oui/ Ɛɛn
1","Cela dépend de la qualité/du contenu des publicités ou des émissions radiophoniques/ É nɔ sín ɖagbe/nǔ e ɖò ajɔ̌jlájlá lɛ alǒ hladio jí lɛ é wu
84.0
Non/ Éo
42.0
Oui/ Ɛɛn
21.0",Unknown,"Cela dépend de la qualité/du contenu des publicités ou des émissions radiophoniques/ É nɔ sín ɖagbe/nǔ e ɖò ajɔ̌jlájlá lɛ alǒ hladio jí lɛ é wu
37.4
Oui/ Ɛɛn
29.3
Cela dépend des auditeurs ; certains ne changeront pas d'avis/ É nɔ sín tóɖómɛtɔ́ lɛ wu; mɛɖe lɛ na ɖyɔ linlin yetɔn ǎ
29.2
Je ne sais pas/ Un tuùn ǎ
4.0","Cela dépend de la qualité/du contenu des publicités ou des émissions radiophoniques/ É nɔ sín ɖagbe/nǔ e ɖò ajɔ̌jlájlá lɛ alǒ hladio jí lɛ é wu
11
Oui/ Ɛɛn
9
Cela dépend des auditeurs ; certains ne changeront pas d'avis/ É nɔ sín tóɖómɛtɔ́ lɛ wu; mɛɖe lɛ na ɖyɔ linlin yetɔn ǎ
7
Je ne sais pas/ Un tuùn ǎ
1","Cela dépend de la qualité/du contenu des publicités ou des émissions radiophoniques/ É nɔ sín ɖagbe/nǔ e ɖò ajɔ̌jlájlá lɛ alǒ hladio jí lɛ é wu
2693.5
Oui/ Ɛɛn
2108.5
Cela dépend des auditeurs ; certains ne changeront pas d'avis/ É nɔ sín tóɖómɛtɔ́ lɛ wu; mɛɖe lɛ na ɖyɔ linlin yetɔn ǎ
2101.0
Je ne sais pas/ Un tuùn ǎ
290.1",Unknown,"Oui/ Ɛɛn
62.5
Cela dépend des auditeurs ; certains ne changeront pas d'avis/ É nɔ sín tóɖómɛtɔ́ lɛ wu; mɛɖe lɛ na ɖyɔ linlin yetɔn ǎ
25.0
Non/ Éo
12.5","Oui/ Ɛɛn
2
Cela dépend des auditeurs ; certains ne changeront pas d'avis/ É nɔ sín tóɖómɛtɔ́ lɛ wu; mɛɖe lɛ na ɖyɔ linlin yetɔn ǎ
1
Non/ Éo
1","Oui/ Ɛɛn
487.1
Cela dépend des auditeurs ; certains ne changeront pas d'avis/ É nɔ sín tóɖómɛtɔ́ lɛ wu; mɛɖe lɛ na ɖyɔ linlin yetɔn ǎ
194.8
Non/ Éo
97.4",Unknown,"Cela dépend des auditeurs ; certains ne changeront pas d'avis/ É nɔ sín tóɖómɛtɔ́ lɛ wu; mɛɖe lɛ na ɖyɔ linlin yetɔn ǎ
47.6
Oui/ Ɛɛn
33.0
Cela dépend de la qualité/du contenu des publicités ou des émissions radiophoniques/ É nɔ sín ɖagbe/nǔ e ɖò ajɔ̌jlájlá lɛ alǒ hladio jí lɛ é wu
16.7
Je ne sais pas/ Un tuùn ǎ
2.7","Cela dépend des auditeurs ; certains ne changeront pas d'avis/ É nɔ sín tóɖómɛtɔ́ lɛ wu; mɛɖe lɛ na ɖyɔ linlin yetɔn ǎ
18
Oui/ Ɛɛn
19
Cela dépend de la qualité/du contenu des publicités ou des émissions radiophoniques/ É nɔ sín ɖagbe/nǔ e ɖò ajɔ̌jlájlá lɛ alǒ hladio jí lɛ é wu
10
Je ne sais pas/ Un tuùn ǎ
3","Cela dépend des auditeurs ; certains ne changeront pas d'avis/ É nɔ sín tóɖómɛtɔ́ lɛ wu; mɛɖe lɛ na ɖyɔ linlin yetɔn ǎ
88827.2
Oui/ Ɛɛn
61631.4
Cela dépend de la qualité/du contenu des publicités ou des émissions radiophoniques/ É nɔ sín ɖagbe/nǔ e ɖò ajɔ̌jlájlá lɛ alǒ hladio jí lɛ é wu
31184.2
Je ne sais pas/ Un tuùn ǎ
4947.9",Unknown
Radio Tv Figures,"Autre : veuillez préciser/ ɖevo: kɛnklɛn bo ɖɔ
64.5
Je ne sais pas / Un tùun ǎ
35.5","Autre : veuillez préciser/ ɖevo: kɛnklɛn bo ɖɔ
35
Je ne sais pas / Un tùun ǎ
15","Autre : veuillez préciser/ ɖevo: kɛnklɛn bo ɖɔ
4125.3
Je ne sais pas / Un tùun ǎ
2272.4",Unknown,"Autre : veuillez préciser/ ɖevo: kɛnklɛn bo ɖɔ
77.4
Je ne sais pas / Un tùun ǎ
22.6","Autre : veuillez préciser/ ɖevo: kɛnklɛn bo ɖɔ
4
Je ne sais pas / Un tùun ǎ
6","Autre : veuillez préciser/ ɖevo: kɛnklɛn bo ɖɔ
1657.5
Je ne sais pas / Un tùun ǎ
485.1",Unknown,"Autre : veuillez préciser/ ɖevo: kɛnklɛn bo ɖɔ
77.9
Je ne sais pas / Un tùun ǎ
21.4
Je préfère ne pas répondre / Un jló na yigbe ǎ
0.8","Autre : veuillez préciser/ ɖevo: kɛnklɛn bo ɖɔ
258
Je ne sais pas / Un tùun ǎ
157
Je préfère ne pas répondre / Un jló na yigbe ǎ
11","Autre : veuillez préciser/ ɖevo: kɛnklɛn bo ɖɔ
378691.9
Je ne sais pas / Un tùun ǎ
103807.8
Je préfère ne pas répondre / Un jló na yigbe ǎ
3717.5",Unknown,"Autre : veuillez préciser/ ɖevo: kɛnklɛn bo ɖɔ
77.8
Je ne sais pas / Un tùun ǎ
17.1
Je préfère ne pas répondre / Un jló na yigbe ǎ
5.1","Autre : veuillez préciser/ ɖevo: kɛnklɛn bo ɖɔ
32
Je ne sais pas / Un tùun ǎ
14
Je préfère ne pas répondre / Un jló na yigbe ǎ
2","Autre : veuillez préciser/ ɖevo: kɛnklɛn bo ɖɔ
26913.4
Je ne sais pas / Un tùun ǎ
5916.2
Je préfère ne pas répondre / Un jló na yigbe ǎ
1758.6",Unknown,"Je ne sais pas / Un tùun ǎ
56.2
Je préfère ne pas répondre / Un jló na yigbe ǎ
32.2
Autre : veuillez préciser/ ɖevo: kɛnklɛn bo ɖɔ
11.7","Je ne sais pas / Un tùun ǎ
86
Je préfère ne pas répondre / Un jló na yigbe ǎ
52
Autre : veuillez préciser/ ɖevo: kɛnklɛn bo ɖɔ
21","Je ne sais pas / Un tùun ǎ
185030.2
Je préfère ne pas répondre / Un jló na yigbe ǎ
105951.8
Autre : veuillez préciser/ ɖevo: kɛnklɛn bo ɖɔ
38391.4",Unknown,"Autre : veuillez préciser/ ɖevo: kɛnklɛn bo ɖɔ
82.0
Je ne sais pas / Un tùun ǎ
18.0","Autre : veuillez préciser/ ɖevo: kɛnklɛn bo ɖɔ
33
Je ne sais pas / Un tùun ǎ
12","Autre : veuillez préciser/ ɖevo: kɛnklɛn bo ɖɔ
40542.6
Je ne sais pas / Un tùun ǎ
8902.0",Unknown,"Je ne sais pas / Un tùun ǎ
71.4
Autre : veuillez préciser/ ɖevo: kɛnklɛn bo ɖɔ
28.6","Je ne sais pas / Un tùun ǎ
5
Autre : veuillez préciser/ ɖevo: kɛnklɛn bo ɖɔ
2","Je ne sais pas / Un tùun ǎ
105.0
Autre : veuillez préciser/ ɖevo: kɛnklɛn bo ɖɔ
42.0",Unknown,"Autre : veuillez préciser/ ɖevo: kɛnklɛn bo ɖɔ
75.7
Je ne sais pas / Un tùun ǎ
24.3","Autre : veuillez préciser/ ɖevo: kɛnklɛn bo ɖɔ
23
Je ne sais pas / Un tùun ǎ
5","Autre : veuillez préciser/ ɖevo: kɛnklɛn bo ɖɔ
5448.2
Je ne sais pas / Un tùun ǎ
1744.8",Unknown,"Autre : veuillez préciser/ ɖevo: kɛnklɛn bo ɖɔ
87.5
Je ne sais pas / Un tùun ǎ
12.5","Autre : veuillez préciser/ ɖevo: kɛnklɛn bo ɖɔ
3
Je ne sais pas / Un tùun ǎ
1","Autre : veuillez préciser/ ɖevo: kɛnklɛn bo ɖɔ
682.0
Je ne sais pas / Un tùun ǎ
97.4",Unknown,"Je ne sais pas / Un tùun ǎ
70.7
Autre : veuillez préciser/ ɖevo: kɛnklɛn bo ɖɔ
25.6
Je préfère ne pas répondre / Un jló na yigbe ǎ
3.7","Je ne sais pas / Un tùun ǎ
25
Autre : veuillez préciser/ ɖevo: kɛnklɛn bo ɖɔ
24
Je préfère ne pas répondre / Un jló na yigbe ǎ
1","Je ne sais pas / Un tùun ǎ
131907.0
Autre : veuillez préciser/ ɖevo: kɛnklɛn bo ɖɔ
47758.9
Je préfère ne pas répondre / Un jló na yigbe ǎ
6924.7",Unknown
Favourite Radio Drama,"-88
20.9
Revue de presse 
Journal 
Musique 
Émission santé 
Divertissement
13.1
Gbahoungba kololo sur radio wêkè
8.9
Whindomin xo 
Afountoutou kpalala 
Émission culturelle et divertissement
5.4
Les prières et les messes sur Alléluia FM 
Les enseignements, les bonnes pratiques de la vie sur radio wêkè
5.4
Les prières et enseignements biblique sur Alléluia FM
5.4
Journal 
Réveil matinal 
Grogne
Débats
5.4
Rubriques famille
3.3
Les prières et conseils sur Alléluia FM 
Les avis, publicités et enseignements sur radio wêkè
2.4
Fait divers
2.3
Les devinettes et jeux sur radio wêkè 
Les enseignements sur la vie et le foyer Sur wêkè
2.2
Atchakpodji 
Journal 
Divertissement musical
2.2
Whindomin xo 
Débats 
Programme éducation sociale
2.2
Creu de la midi
Gbahoungba klolo
Whindomin xo 
Journal
2.2
Journal 
Programme éducation sociale 
Programme santé et famille
1.8
Houindomin sur Radio wêkè
Comédie et fous rires sur radio wêkè 
Wassého sur capp fm
1.7
Hozédoatêdji sur la radio Attakè 
Wassého sur la radio Capp fm
1.2
Gbahoungba kololo sur radio wêkè 
Wassého sur radio tokpa
1.1
La prière matinale et du soir sur Alléluia FM 
Les faits divers, actualités du monde, gbahoungba kololo sur radio wêkè
1.1
Journal 
Publicité 
Émission comédie 
Émission Gbahoungba-klolo 
Fait divers
0.6
Conseils divers, éducation
0.6
Conseils pour les couples et sur l'éducation des enfants
0.6
Conseils pour les familles et fait divers
0.6
Conseils sur l'éducation familiale et fait divers
0.6
Journal 
Émission waxého
Émission la clé de midi 
Publicité 
Fait divers
0.6
Journal 
Publicité 
Émission sur les messages bibliques
Émission sur débat contradictoire bibliques 
Débat radiophonique
0.6
Journal 
Publicité 
Fait divers 
Émission Gbahoungba-klolo 
Débat radiophonique
0.6
Journal 
Publicité 
Enseignement sur la parole de Dieu 
Émission waxého 
Débat radiophonique
0.6
Journal 
Publicité 
Fait divers 
Débat contradictoire 
Émission Gbahoungba-klolo
0.6
Journal 
Publicité 
Émission comédie 
Fait divers 
Débat contradictoire
0.6
Fait divers, conseils sur la famille
0.6
Journal 
Publicité 
Jeux radiophonique 
Débat contradictoire 
Fait divers
0.6
Journal 
Publicité 
Fait divers 
Émission comédie 
Débat contradictoire
0.6
Fait divers, conseils pour les familles, éducation
0.6
Fait divers, conseils famille
0.6
Journal 
Publicité 
Fait divers 
Jeux radiophonique 
Débat contradictoire
0.6
Les publications des journaux 
Émission Gbahoungba-klolo
Émission Rigolade 
Fait divers 
Débat contradictoire
0.6
Fait divers,Prière , conseils famille
0.6
Journal 
Débat contradictoire 
Témoignage 
Publicité 
Fait divers
0.6","-88
9
Revue de presse 
Journal 
Musique 
Émission santé 
Divertissement
1
Gbahoungba kololo sur radio wêkè
1
Whindomin xo 
Afountoutou kpalala 
Émission culturelle et divertissement
1
Les prières et les messes sur Alléluia FM 
Les enseignements, les bonnes pratiques de la vie sur radio wêkè
1
Les prières et enseignements biblique sur Alléluia FM
1
Journal 
Réveil matinal 
Grogne
Débats
1
Rubriques famille
1
Les prières et conseils sur Alléluia FM 
Les avis, publicités et enseignements sur radio wêkè
1
Fait divers
4
Les devinettes et jeux sur radio wêkè 
Les enseignements sur la vie et le foyer Sur wêkè
1
Atchakpodji 
Journal 
Divertissement musical
1
Whindomin xo 
Débats 
Programme éducation sociale
1
Creu de la midi
Gbahoungba klolo
Whindomin xo 
Journal
1
Journal 
Programme éducation sociale 
Programme santé et famille
1
Houindomin sur Radio wêkè
Comédie et fous rires sur radio wêkè 
Wassého sur capp fm
1
Hozédoatêdji sur la radio Attakè 
Wassého sur la radio Capp fm
1
Gbahoungba kololo sur radio wêkè 
Wassého sur radio tokpa
1
La prière matinale et du soir sur Alléluia FM 
Les faits divers, actualités du monde, gbahoungba kololo sur radio wêkè
1
Journal 
Publicité 
Émission comédie 
Émission Gbahoungba-klolo 
Fait divers
1
Conseils divers, éducation
1
Conseils pour les couples et sur l'éducation des enfants
1
Conseils pour les familles et fait divers
1
Conseils sur l'éducation familiale et fait divers
1
Journal 
Émission waxého
Émission la clé de midi 
Publicité 
Fait divers
1
Journal 
Publicité 
Émission sur les messages bibliques
Émission sur débat contradictoire bibliques 
Débat radiophonique
1
Journal 
Publicité 
Fait divers 
Émission Gbahoungba-klolo 
Débat radiophonique
1
Journal 
Publicité 
Enseignement sur la parole de Dieu 
Émission waxého 
Débat radiophonique
1
Journal 
Publicité 
Fait divers 
Débat contradictoire 
Émission Gbahoungba-klolo
1
Journal 
Publicité 
Émission comédie 
Fait divers 
Débat contradictoire
1
Fait divers, conseils sur la famille
1
Journal 
Publicité 
Jeux radiophonique 
Débat contradictoire 
Fait divers
1
Journal 
Publicité 
Fait divers 
Émission comédie 
Débat contradictoire
1
Fait divers, conseils pour les familles, éducation
1
Fait divers, conseils famille
1
Journal 
Publicité 
Fait divers 
Jeux radiophonique 
Débat contradictoire
1
Les publications des journaux 
Émission Gbahoungba-klolo
Émission Rigolade 
Fait divers 
Débat contradictoire
1
Fait divers,Prière , conseils famille
1
Journal 
Débat contradictoire 
Témoignage 
Publicité 
Fait divers
1","-88
1334.1
Revue de presse 
Journal 
Musique 
Émission santé 
Divertissement
835.5
Gbahoungba kololo sur radio wêkè
571.7
Whindomin xo 
Afountoutou kpalala 
Émission culturelle et divertissement
346.9
Les prières et les messes sur Alléluia FM 
Les enseignements, les bonnes pratiques de la vie sur radio wêkè
346.9
Les prières et enseignements biblique sur Alléluia FM
346.9
Journal 
Réveil matinal 
Grogne
Débats
346.9
Rubriques famille
208.9
Les prières et conseils sur Alléluia FM 
Les avis, publicités et enseignements sur radio wêkè
154.2
Fait divers
148.5
Les devinettes et jeux sur radio wêkè 
Les enseignements sur la vie et le foyer Sur wêkè
142.9
Atchakpodji 
Journal 
Divertissement musical
142.9
Whindomin xo 
Débats 
Programme éducation sociale
142.9
Creu de la midi
Gbahoungba klolo
Whindomin xo 
Journal
142.9
Journal 
Programme éducation sociale 
Programme santé et famille
115.6
Houindomin sur Radio wêkè
Comédie et fous rires sur radio wêkè 
Wassého sur capp fm
107.2
Hozédoatêdji sur la radio Attakè 
Wassého sur la radio Capp fm
77.1
Gbahoungba kololo sur radio wêkè 
Wassého sur radio tokpa
71.5
La prière matinale et du soir sur Alléluia FM 
Les faits divers, actualités du monde, gbahoungba kololo sur radio wêkè
71.5
Journal 
Publicité 
Émission comédie 
Émission Gbahoungba-klolo 
Fait divers
38.5
Conseils divers, éducation
38.5
Conseils pour les couples et sur l'éducation des enfants
38.5
Conseils pour les familles et fait divers
38.5
Conseils sur l'éducation familiale et fait divers
38.5
Journal 
Émission waxého
Émission la clé de midi 
Publicité 
Fait divers
38.5
Journal 
Publicité 
Émission sur les messages bibliques
Émission sur débat contradictoire bibliques 
Débat radiophonique
38.5
Journal 
Publicité 
Fait divers 
Émission Gbahoungba-klolo 
Débat radiophonique
38.5
Journal 
Publicité 
Enseignement sur la parole de Dieu 
Émission waxého 
Débat radiophonique
38.5
Journal 
Publicité 
Fait divers 
Débat contradictoire 
Émission Gbahoungba-klolo
38.5
Journal 
Publicité 
Émission comédie 
Fait divers 
Débat contradictoire
35.7
Fait divers, conseils sur la famille
35.7
Journal 
Publicité 
Jeux radiophonique 
Débat contradictoire 
Fait divers
35.7
Journal 
Publicité 
Fait divers 
Émission comédie 
Débat contradictoire
35.7
Fait divers, conseils pour les familles, éducation
35.7
Fait divers, conseils famille
35.7
Journal 
Publicité 
Fait divers 
Jeux radiophonique 
Débat contradictoire
35.7
Les publications des journaux 
Émission Gbahoungba-klolo
Émission Rigolade 
Fait divers 
Débat contradictoire
35.7
Fait divers,Prière , conseils famille
35.7
Journal 
Débat contradictoire 
Témoignage 
Publicité 
Fait divers
35.7",Unknown,"-99
45.3
Journal 
Hoviklehoun 
Hanlissa
17.0
Journal 
Divertissement 
Programme éducation sociale 
Programme santé
15.1
-88
3.8
Conseille sur les comportements à adopter en foyer
3.8
Conseils famille, divertissement, conseils sur l'éducation des enfants, fait divers
3.8
Fait divers, Conseils famille et sur l'éducation des enfants
3.8
Music traditionnelle, Fait divers
3.8
Rubriques santé, conseils pour les foyers
3.8","-99
2
Journal 
Hoviklehoun 
Hanlissa
1
Journal 
Divertissement 
Programme éducation sociale 
Programme santé
1
-88
1
Conseille sur les comportements à adopter en foyer
1
Conseils famille, divertissement, conseils sur l'éducation des enfants, fait divers
1
Fait divers, Conseils famille et sur l'éducation des enfants
1
Music traditionnelle, Fait divers
1
Rubriques santé, conseils pour les foyers
1","-99
970.3
Journal 
Hoviklehoun 
Hanlissa
363.8
Journal 
Divertissement 
Programme éducation sociale 
Programme santé
323.4
-88
80.9
Conseille sur les comportements à adopter en foyer
80.9
Conseils famille, divertissement, conseils sur l'éducation des enfants, fait divers
80.9
Fait divers, Conseils famille et sur l'éducation des enfants
80.9
Music traditionnelle, Fait divers
80.9
Rubriques santé, conseils pour les foyers
80.9",Unknown,"Sensibilisation sur la planification familiale 

Conseils pour les parents sur comment prendre soin des enfants

Conseils sur le bien du foyer
12.0
Conseils sur la santé de la famille 

Journal
3.0
Émissions sur la scolarisation des enfants 

Émissions sur comment vivre en société
3.0
Conseils sur le bien être du foyer, la paix et l'harmonie dans le foyer 

Conseils sur la gestion du foyer
3.0
Émissions sur la santé de la famille 

Émissions sur comment prendre soin des enfants
3.0
Émissions sur la santé de la famille 

Journal
3.0
Émissions sur la santé de la famille 

Conseils sur la gestion des finances 

Conseils sur comment organiser son commerce

Conseils sur le bien être du foyer
3.0
Émissions sur la planification familiale 

Émissions sur la santé des enfants 

Conseils pour les parents sur les attitudes à avoir pour réussir l'éducation des enfants
3.0
Journal radiophonique

Émissions éducatives pour la jeunesse
3.0
Journal, Houindo min xo, programme d' animation sur l'éducation de la famille, santé et couple
3.0
Journal, Houindo min xo, programme d'avis sur des thématiques, animation sur l'éducation de la famille, santé et couple
3.0
Émission sur les projets du pays

Entrepreneuriat des jeunes, conseils et directives
3.0
Journal, Houindo xo, programme éducation santé, famille et couple
3.0
Journal, animation sur l'éducation de la famille, santé et couple,
3.0
Journal, animation sur l'éducation de la famille, santé et couple, espace divertissement, espace publicité
3.0
Conseils sur la santé des enfants 

Conseils sur l'hygiène de la maison
3.0
Journal, espace divertissement, animation d'éducation familiale, santé et couple ,
3.0
Journal, mardi matin émission éducation sur Ala ketou, émission Marius AGBOZO sur la radio ALAFIA FM, programme d'animations sur l'éducation de la famille, santé et couple etc
3.0
Journal, programme d'animations sur l'éducation de la famille, santé et couple
3.0
Journal, programme d'animations sur l'éducation familiale, santé et couple, espace échange et discutions
3.0
Journal, revue de presse, animation sur l'éducation de la famille, santé et couple
3.0
Journal, revue de presse, animation sur l'éducation familiale, santé et couple
3.0
Journal, revue de presse, samedi soir Xo vi clehoun, animation sur l'éducation de la famille, santé et couple, Atchakpodji
3.0
-88
2.6
Revue de presse 
Débat 
Émission Harmonie familiale
Musique 
Journal
0.9
Revue de presse 
Journal 
Musique 
Faits divers 
Émission santé.
0.7
-99
0.5
Revue de presse 
Journal 
Émission santé 
Musique
Émission Harmonie familiale
0.4
Revue de presse 
Journal 
Musique 
Faits divers 
Divertissement
0.4
Revue de presse 
Journal 
Musique 
Émission santé 
Faits divers
0.4
Revue de presse 
Journal 
Musique 
Émission santé 
Émission Harmonie familiale
0.3
Musique 
Journal en langue locale 
Témoignage et prière
0.3
Hoviclé sur radio Bénin
0.3
Revue de presse 
Divertissement 
Musique 
Émission religieux 
Émission sportif
0.3
La voix de la vallée
0.3
Animation musicale les matin
Xojlajla 
Mahu xo
0.3
Hovicléhoun de la voix de la vallée 
Hoyêli sur la voix de la vallée
0.3
Journal 
Émission de sensibilisation sur la santé et la famille
0.3
Hanlissa
Atchakpodji 
Xojlawema (revue de presse)
0.3
Journal 
Émission sportive 
Théâtre
0.2
Animation culturelle 
Journal 
Découverte
0.2
Journal 
Débats actualités 
Chronique 
Programme santé
0.2
Revue de presse 
Journal 
Musique 
Émission communautaire 
Émission humour
0.2
Whindomin nan fa
Journal en fon
Hoviklehoun
0.2
Musique 
Revue de presse 
Journal 
Émission santé 
Divertissement
0.2
Revue de presse 
Journal 
Musique 
Émission Harmonie familiale 
Émission santé
0.2
Afountoutou kpalala 
Journal de dah houawé 
Dédicace musicale
0.2
Hovicléhoun sur la voix de la lama
0.2
Xojlajla 
Nukplonmin ( programme éducation)
0.2
Xojlajla 
Programme éducation
0.2
Émission sportive 
Programme santé et famille 
Jeux concours
0.2
Revue de presse 
Journal 
Musique 
Émission santé 
Divertissement.
0.2
Azontchenangbo radio lama
Xo sô do atèdji
0.2
Hõhinhoun sur la Radio Sedohoun
0.2
Programme éducation sociale
0.2
Xojlajla 
Hoviklehoun 
Émission sportive
0.2
Rubriques santé
0.2
Xojlajla 
Agbanbibio 
Hwenuxo
Hwendo xo
0.1
Émission programme santé 
Revue de presse en fon
0.1
Whindomin xo
0.1
Revue de presse 
Journal 
Musique 
Faits divers 
Émission formative
0.1
Revue de presse 
Émission Harmonie familiale 
Émission de divertissement 
Journal 
Émission sportif
0.1
Journal 
Émission et programme santé 
Musique
0.1
Revue de presse 
Journal
Musique 
Émission débat 
Divertissement
0.1
Revue de presse 
Journal 
Émission Harmonie familiale 
Divertissement 
Musique
0.1
Hovicléhoun sur la voix de la lama, des enseignements sur les valeurs de notre culture sur diaspora FM, les enseignements sur la santé sur BIP radio
0.1
Journal, 
Débat 
Témoignage 
Musique 
Revue de presse
0.1
Hoviklehoun 
Ambiance 
Jeux concours radiophonique
0.1
Débat 
Journal 
Émission culturelle 
Émission sportif 
Émission santé
0.1
Journal 
Publicité 
Conte 
Faire divers 
Affountountoun kpraa
0.1
Atchakpodji 
Afountoutou kpalala 
Hoviklehoun 
Journal de dah houawé 
Programme santé et famille
0.1
Hovicléhoun sur radio ORTB
Les enseignements de tout genre sur les chaînes que j'écoute
0.1
Journal 
Dédicace 
Hoviklehoun 
Émission programme santé et famille 
Atchakpodji (voix de la vallée
0.1
Hoviklehoun 
Whindomin xo
0.1
Journal 
Émission de prière et de louange 
Programme santé et famille 
Hoviklehoun 
Dédicace
0.1
Hododagni de Hévé Houandékon sur la Radio Sedohoun 
Sensibilisation et explications sur les méthodes contraceptifs sur la voix de la vallée 
Prières et chansons religieuses sur immaculée FM
0.1
Émissions sur la famille à la radio immaculée 
Hoyêli sur la voix de la lama 
Émissions téléphonique sur les besoins et les difficultés de la population sur la voix de la lama
0.1
Fait divers
0.1
Hoviklehoun 
Atchakpodji 
Afountoutou kpalala 
Journal 
Revue de presse dah houawé
0.1
Journal 
Jeux radiophonique 
Fait divers 
Débat contradictoire 
Publicité
0.1
Les enseignements sur la gestion de famille, sur la gestion de ses activités et aussi sur la santé sur Radio lama 
Hovicléhoun sur lama aussi je crois bien 
Les publicités et les journaux sur les radio que j'écoute
0.1
Hovicléhoun sur l'ORTB
Les avis, annonces et publicités
Les faits divers sur les autres chaînes comme Alliance FM et la voix de la lama
0.1
Do nou essé (journal)
Hoviklehoun
0.1
Revue presse 
Journal
Musique 
Émission de société 
Divertissement
0.1
Revue de presse 
Émission téléphonique
0.1
Les enseignements sur la gestion des activités génératrice de revenu, la gestion des activités champêtre, la gestion du foyer, beaucoup de choses que j'aime écouté à la radio lalo
0.1
L'émission de jean Kassette qui donne des enseignements sur différents points
0.1
Hovicléhoun à la radio lama, les publicités à la radio lama et Alliance, les prières et messes à immaculée conception
0.1
Hoviklehoun 
Émission radio téléphonique
0.1
Revue de presse
Journal 
Musique 
Émission santé 
Émission humour
0.1
Journal 
Hoviklehoun
0.1
Hovicléhoun, Hohêhi sur la voix de la vallée, des émissions sur la santé et le bien être des enfants et de la famille
0.1
Hwdominho sur la voix de la lama les jeudis 
Les actualités et les journaux sur Alliance FM 
Les publicités et annonces sur toutes les Radio que j'écoute, ça dépend du jour et l'heure de la division
0.1
Journal 
Hoviklehoun
Info sport
0.1
Revue de presse 
Journal 
Musique 
Émission Harmonie familiale 
Émission société
0.1
Revue de presse 
Journal 
Musique 
Émission Harmonie familiale 
Émission société.
0.1
Musique 
Éducation sur les enfants 
Politique
0.1
Revue de presse 
Journal 
Émission religieuse 
Émission société 
Émission santé
0.1
Revue de presse 
Journal 
Émission santé 
Émission société 
Faits divers.
0.1
Revue de presse 
Journal 
Musique 
Émission santé 
Faits divers.
0.1
Coeur plume: sedohoun 
Jeux concours radiophonique
0.1
Journal 
Musique 
Débats 
Programme santé
0.1
Hwendo xo 
Jeux concours radiophonique 
Ambiance
0.1
Hovicléhoun a la radio Sedohoun, dohami horton toujours à la radio Sedohoun
0.1
Hozédoatêdji sur Alliance FM, 
Noudjidjê sur Alliance FM, Hodjaladjala houéman sur la voix de la Lama
0.1
Revue de presse 
Musique 
Journal 
Émission santé 
Émission Harmonie familiale
0.1
Programme santé et famille 
Les émissions biblique
0.1
Revue de presse 
Journal 
Musique 
Émission Santé 
Émission Harmonie familiale
0.1
Journal 
Hoviklehoun 
Programme santé et famille
0.1
Journal 
To xo
Hoviklehoun
0.1
Débats religieux 
Programme sensibilisation 
Whindomin xo
0.1
Revue de presse 
Musique 
Messe
Journal 
Émission débat
0.1
Journal 
Revue de presse 
Émission religieuse 
Musique
0.1
Revue de presse 
Divertissement 
Musique 
Journal
Faits divers
0.1
Revue presse
Journal 
Interview, débat 
Musique 
Émission faits divers
0.1
Émissions sur le bien être du foyer 

Émissions éducatives pour mieux éduquer les enfants 

Émissions sur les méthodes de la planification familiale
0.1
Journal
Émission d'Appel téléphonique 
Hanlissa
Émission ludique
Bar du samedi soir
0.1
Revue de presse 
Journal 
Musique 
Émission santé 
Émission sportif
0.1
Revue de presse 
Journal
Musique 
Faits divers 
Émission religieuse
0.1
Revue de presse 
Journal 
Musique 
Émission santé 
Émission société.
0.1
Yassého sur Cap Fm avec Thomas hèmandjè
0.1
Revue de presse 
Journal
Musique
Faits divers 
Émission humour
0.1
Publicité 
Développement 
Fait divers 
Journal 
Débat radiophonique
0.1
Afountoutou kpalala : voix de la vallée
0.1
Hovicléhoun sur la voix de la vallée
0.1
Conseils pour les familles, fait divers
0.1
Hanlissa, les chansons religieuses et les journaux 
J'écoute aussi les publicités
0.1
la voix de la vallée
0.1
Hodjaladjala sur la voix de la vallée et les faits divers sur ORTB
0.0
Atchakpodji: voix de la vallée 
Agbanbibio: voix de la vallée 
Afountoutou kpalala : voix de la vallée 
Sebo.gnon nouwi: radio tonanse
0.0
Jeux radiophonique 
Musique louange 
Hwendo xo
Nukplonmin
0.0
Alléluia Fm,La voix de la vallée
0.0
Voix de la vallée, l'émission hohinhi, Radio Bénin, journal en fon, Radio Adja ouèrè, les chansons religieuses
0.0
La voix de la vallée,radio Adjohoun , Radio adja wéré
0.0
Émission jeunesse,
Atchakpodji moeurs et pratiques régionale
0.0
Émissions sur l'état de nos routes et les réalisations, sensibilisations sur comment garder son foyer et l'hygiène de sa maison, sensibilisations sur la santé des enfants, des conseils à la radio sur l'espacement des naissances
0.0
Informations sur une bonne santé surtout des enfants
0.0
Journal
0.0
Rubriques cuisine et conseils famille
0.0
Fait divers et rubriques famille
0.0
Rubriques fait divers
0.0
Rubriques fait divers,et humour
0.0
Hovicléhoun à la radio lama
0.0
Journal 
Revue de presse 
Divertissement 
Musique 
Débat
0.0
Conseil sur le foyer 
Musique 
Prière 
Animation 
Conseil sur le commerce
0.0
Musique 
Jeux 
Conseil
0.0
Hovicléhoun sur la vallée, les prières et chansons religieuses sur Alléluia FM, des enseignements sur la santé, la famille et les actualités du monde sur radio tokpa
0.0
Le journal en fon de Dah houawé
Sur cap FM
0.0
Conseils sur le bien être du foyer
0.0
L'émission de Dossinon les dimanches à 20h sur la chaîne Adja ouèrè
0.0
Rubriques (santé, conseils pour les couples et sur l'éducation des enfants)
0.0
Rubriques Conseils pour les familles, rubriques sur l'éducation des enfants
0.0
Rubriques Conseils famille, rubriques humour
0.0
Rubriques: conseils et éducation des enfants, fait divers
0.0
Rubriques sur la famille,Fait divers
0.0
Rubriques (conseils,Fait divers)
0.0
Hovicléhoun sur radio Sedohoun
0.0
Revue de presse 
Journal 
Musique 
Émission santé 
Divertissement
0.0
Revue de presse 
Journal 
Émission journal 
Émission santé
Musique
0.0
Programme santé de famille 
Xojlajla (journal)
Hoviklehoun
0.0
Émissions sur l'éducation des jeunes filles et la santé des enfants sur la voie de la vallée, il y a aussi les émissions sur la sensibilisation des placements d'enfants à l'étranger car c'est une très très mauvaise chose
0.0
La Voix de la vallée ,Radio Adja wére
0.0
Gankeke
Journal
Nuvename wèyin dokaka
Doyin doslo
Ho hè hí
0.0
Afountoutou kpalala 
Nécrologie
0.0
Musique 
Émission sportif 
Journal 
Divertissement 
Émission santé
0.0
Rubriques éducation des enfants,et respect
0.0
Fait divers, conseil et éducation
0.0
Fait divers, éducation sur les comportements à adopter dans le foyer
0.0
Fait divers , conseil sur l'éducation des enfants et familial
0.0
Journal et sport, Animation sur l'éducation des couples
0.0
Rubriques conseils pour les foyers
0.0
Conseils famille,fait divers
0.0
Rubriques conseils pour avoir la paix et harmonie dans. Les foyers.
0.0
Fais divers, actualités, conseils pour la famille
0.0
Conte 
Journal 
Jeux radiophonique 
Émission sur la santé 
Débat contradictoire
0.0
Rubriques famille
0.0
Grand débat culturel 
Les journaux 
Publicité 
Émission des enfant 
Musique et sport
0.0
Témoignage 
Jeux radiophonique 
Journal 
Débat contradictoire 
Fait divers
0.0
Fait divers, conseils pour les familles
0.0
Conseils sur la santé familiale,sur l'éducation des enfants
0.0
Fait divers, conseils famille, humour
0.0
Journal 
Jeux radiophonique 
Fait divers 
Débat contradictoire 
Témoignage
0.0
Journal 
Publicité 
Fait divers 
Jeux radiophonique 
Chanson
0.0
Conseils sur l'entretien dans le foyer 
Prendre soin de la santé des enfants 
Fait divers 
Journal fon
Jeux radiophonique
0.0
Conseils sur l'éducation des enfants
0.0
Débat sur la santé 
Témoignage 
Fait divers 
Journal 
Débat contradictoire
0.0
Émissions sur la santé d'un foyer 

Émissions sur la planification familiale
0.0
Émissions sur le bien être de la famille 

Émissions sur la santé maternelle et infantile 

Émissions culinaires des aliments pour les enfants
0.0
Émissions sur la santé maternelle et reproductive

Émissions sur l'hygiène de la maison pour éviter les maladies
0.0
Journal 
Revue de presse 
Musique 
Émission religieuse 
Émissions sanitaire
0.0
Journal 
Revue de presse 
Musique 
Émission religieuse 
Divertissement
0.0
Émissions de jean Kassette
0.0
Revue de presse 
Journal 
Musique 
Émission sur bien être familiale 
Debat
0.0
Émission culturelle 
Jeux concours radio
Journal 
Revue de presse
0.0
Adja ouere ,la voix de la vallée
0.0
Actualités dans le monde à la radio vallée
0.0
Afountoutou kpalala :voix de la vallée 
Hwendo nan fa : voix de la vallée 
Gbemin tan: voix de la vallée
0.0
L'émission Hohêhi sur la voie de la vallée, journal en fon sur maranatha
0.0
Wendomena
Conseil sur le commerce 
Politique 
informations générales 
Musique
0.0
Prière 
Conseil sur le foyer
0.0
Journal 
Conseil sur le commerce 
Conseil sur le foyer 
Prière 
Musique
0.0
Conseil sur la famille 
Actualité 
Prière 
Musique 
Conseil général
0.0
Wendomabou 
Enseignement biblique 
Témoignage 
Musique 
Jeux
0.0
Politique 
Jeux
Musique 
Conseils concernant le foyer
0.0
Wendonifa
Journal 
Prière 
Louange et adoration 
Musique
0.0
Fait divers,et l'eucharistie du dimanche matin
0.0
Rubriques Conseils famille, fait divers
0.0
Rubriques conseils pour les couples
0.0
Rubriques conseils de famille et bien être
0.0
Rubriques éducation et conseils
0.0
Rubriques fait divers, rubriques conseils
0.0
Rubriques conseils sur l'harmonie des familles
0.0
Rubriques conseils famille
0.0
Radio Immaculée,la voix de la vallée,capp Fm
0.0
Journal, animation d'éducation, émission HOUENOU XO, Émission sur la famille
0.0
Émissions sur le bien être du foyer

Programme sur les meilleures pratiques agricoles
0.0
Des actualités sur la santé des enfants, l'hygiène sanitaire et le lavage des mains, la sensibilisation sur la planification familiale sur la voix de la vallée
0.0
Alléluia FM ,la voix de la vallée
0.0
Revue de presse 
Divertissement 
Faits divers 
Musique 
Journal
0.0
Conseils sur la vie d'un chrétien 
Théâtre sur le vivre ensemble
0.0
Revue de presse 
Émissions de distraction
0.0
Émissions sur la conciliation des foyer
Émissions sur l'alphabétisation
0.0
Enseignement biblique 

Revue de presse
0.0
Émissions éducatives pour les couples

Revue de presse
0.0
Émissions sur la planification familiale 

Émissions sur la santé de la famille
0.0
Ho hèhi : la voix de la vallée 
Hwendo na fa : ORTB
0.0
Journal 
Les émissions d'appel téléphonique
0.0
Journal 
Revue de presse 
Débat politique
Émission sport 
Musique
0.0
Journal, animation sur l'éducation famille, santé et couple
0.0
La voix de la vallée, Alléluia Fm
0.0
Xojlajla 
Adoration 
Jeux concours radio
0.0
Rubriques conseils sur l'éducation des enfants
0.0
Alléluia FM , ADJA OUERE, La voix de la vallée
0.0
La voix d ela vallé, ADJA OUERE,Radio Alafia
0.0
Revue de presse
Émissions biblique
0.0
Émissions éducatives pour les couples

Émissions éducatives pour les enfants 

Émissions sur comment espacer les naissances
0.0
Émissions sur le bien être de la famille
0.0
Programme de rire, journal, programme d' animation sur l'éducation
0.0
Journal, émission Débat, animation d'éducation, émission de couple, Houenou xo
0.0
Drouvitoto, wegnodradra  Journal, animation d'éducation
0.0
J'aime pas de Couffo, journal, soir de devinettes, animation d'éducation,  espace Musique
0.0
JOURNAL, animation sur l'éducation
0.0
JOURNAL, émission sur le Fâ, animation sur l'éducation, la conduite, l'animation sur les couples
0.0
Journal, Animation sur l'éducation, animation sur le couple
0.0
Journal, Animation sur l'éducation, xovi clehoun, animation sur les couples, les émissions de jeudi soir. Les programmes religieux du dimanche vers 6h
0.0
Émissions sur l'hygiène à adopter à la maison

Émissions sur le bien être du foyer
0.0
Animation sur l'éducation, émission téléphonique, journal
0.0
Animation sur l'éducation des familles, journal
0.0
Revue de presse 
Émissions éducatives
0.0
Journal, sport, Animation sur l'éducation, programme santé
0.0
Émissions sur comment prendre soin des enfants 

Émissions sur comment nourrir les enfants
0.0
Émissions sur comment prendre soin de la maison pour éviter les maladies
0.0
Émissions comment vivre en société 
Émissions sur le bien du foyer 
Revue de presse
0.0
Émissions sur l'agriculture, vente groupée des produits 

Émissions sur le bien être du foyer 

Émissions éducatives pour les enfants
0.0
Émissions sur les méthodes de la planification familiale 

Revue de presse
0.0
Émissions éducatives pour les jeunes

Revue de presse
0.0
Émissions sur le bien être du foyer

Émissions sur les méthodes de la planification familiale
0.0
Émissions sur l'agriculture 
Émissions sur les projets de la commune 
Émissions sur les méthodes de la planification familiale
0.0
Émissions éducatives sur le bien du foyer et celui des enfants 

Émissions sur comment espacé les naissances
0.0
Journal, espace musique, programme de couple, animation sur l'éducation et la santé
0.0
Journal, animation sur l'éducation et santé,
0.0
Journal, Xo vi clehoun, animation sur l'éducation et santé, espace Théâtre
0.0
Journal, Horoscope matinal, émission Théâtre, animation d'éducation, émission traditionnelle Fâ tout les lundi de 7h-8h
0.0
Houindo nan fa, lanmin nan non gandji , JOURNAL,
0.0
Revue de presse
0.0
Journal, animation sur l'éducation, animation santé
0.0
Journal, Conte du soir, animation d'éducation, programme devinettes
0.0
Journal, animation sur l'éducation, programme santé, espace musique
0.0
Journal, animation sur l'éducation, programme santé, programme entrepreneuriat
0.0
Journal, animation sur l'éducation, vie de couple, espace santé
0.0
Journal, animation sur la santé, et l'éducation familiale
0.0
Journal, espace éducation famille, couple, santé
0.0
Journal, animation sur l'éducation famille santé et couple, programme de gestion financière
0.0
Journal, animation sur l'éducation,famille,santé et couple, Houindo min xo, Atchakpodji, espace musique
0.0
Espace musique, Houindo min xo, Atchakpodji
0.0
Journal, animation sur l'éducation famille santé et couple, émission Houindo min xo
0.0
Émissions sur la vaccination des nouveaux nés 

Émissions sur la planification familiale 

Émissions sur l'hygiène 

Journal
0.0
Émissions sur la vaccination des nouveaux nés 

Émissions sur la santé de la famille 

Émissions culinaires 

Émissions sur l'alimentation des nouveaux nés
0.0
Journal, Atchakpodji, Houindo min xo, animation sur l'éducation santé, couple
0.0
Émissions sur comment cultiver la paix dans le foyer

Émissions sur la santé
0.0
Journal, Houindo min xo, programme santé et couple, espace musique
0.0
Journal, animation sur l'éducation des enfants, de la famille, Houindo min xo, programme santé et expériences de vie
0.0
Journal, animation sur l'éducation famille, santé et couple etc
0.0
Émissions sur la gestion du foyer
Jeux radiophoniques
0.0
Journal 
Émissions sur la santé des nouveaux nés et des mères
0.0
Journal,  Xo vi clehoun, animation sur l'éducation famille, santé et couple, programme conte
0.0
Journal, animation sur l'éducation familiale , santé et couple, programme de partage d'expériences de vie
0.0
Émissions sur l'insertion professionnelle des jeunes

Programme sur les projets de construction d'écoles dans les zones reculées
0.0
Journal, Gnonnou xo, Houindo min xo, espace musique programme santé et couple
0.0
Émissions sur comment cultiver la paix et l'harmonie dans le foyer

Émissions sur la santé des enfants. 

Émissions culinaires pour permettre aux mères de maîtriser comment cuisiner les aliments pour les enfants afin de protéger leur santé
0.0
Journal, animation sur l'éducation familiale, santé, programme de partage de vie et d'expériences
0.0
Journal, Xo baou baou de 21h-22h tous les jeudis et samedi, animation sur l'éducation famille santé et couple, et les émissions de théâtre et divertissement
0.0
Journal, animation sur l'éducation santé, famille et couple
0.0
Journal, animation sur l'éducation famille, santé et couple, Xo baou baou etc
0.0
Enlèvement des enfants 

Émissions sur la santé des enfants
0.0
Programme éducatif pour maintenir la paix et l'amour dans le foyer 

Conseils pour les couples
0.0
Programme de sensibilisation  sur les méthodes contraceptives
0.0
Conseils pour les femmes

Conseils pour les couples
0.0
Journal, revue de presse, animation sur l'éducation familiale, santé et couple, Houindo min xo
0.0
Journal, animation sur l'éducation famille, santé et couple, espace publicité
0.0
Émissions sur la santé des enfants 

Émissions sur la planification familiale 

Émissions sur les couples
0.0
Émissions sur la santé
0.0
Journal, animation sur l'éducation famille, santé, couple, revue de presse, émission de Dah hawe
0.0
Adja ouere,la voix de la vallée
0.0
ADJA OUERE,la voix de la vallée
0.0
Jeux radiophoniques 

Émissions de distraction 

Émissions sur la santé des mères et des enfants 

Conseils à l'endroit des couples
0.0
Conseils sur les méthodes contraceptives 

Conseils sur l'hygiène à adopter à la maison
0.0
Conseils sur les comportements à adopter par une femme / l'homme pour que la paix et l'amour teigne t dans son foyer

Émissions sur les avantages et inconvénients des méthodes contraceptives
0.0
Jeux radiophoniques 

Émissions de distraction 

Émissions culinaires
0.0
Émissions sur la santé de la famille 

Conseils pour les femmes au foyers
0.0
Émissions sur l'hygiène 
Émissions sur comment se porter dans le foyer
0.0
Conseils pour les jeunes filles

Conseils pour le bien être du foyer

Émissions éducatives pour les enfants
0.0
Émissions sur santé de la famille 

Conseils sur les bonnes pratiques d'hygiène à adopter à la maison
0.0
Émissions éducatives sur comment entretenir son foyer pour éviter les disputes
0.0
Émissions sur la gestion du foyer, 

Émissions sur la santé des enfants 

Émissions éducatives
0.0
Journal, Houindo min xo, programme éducation santé, famille et couple
0.0
Journal, espace musique, programme d'animations sur l'éducation de la famille, santé, Houindo min
0.0
Journal, animation sur l'éducation de la famille, la santé, couple et expériences de vie
0.0
Sensibilisation sur la planification familiale 

Programme éducatif pour la paix et l'harmonie dans le foyer
0.0
To tche xo, Journal, animation sur l'éducation familiale, santé et couple, Nou Plon min
0.0
Journal, animation sur l'éducation de la famille, santé, espace actualités,  espace musique Houindo min xo
0.0
Journal, animation sur l'éducation de la famille, santé, couple, émission sur le Fâ
0.0
Journal, animation sur l'éducation famille, santé, Houindo min xo, espace actualités
0.0
Journal, animation sur l'éducation de la famille, santé, couple, actualités,
0.0
Journal, programme d'animations sur l'éducation, famille, santé et couple
0.0
Journal, espace musique, animation sur l'éducation de la famille, santé, couple etc
0.0
Journal, xo vi clehoun, espace musique, programme d'animations sur l'éducation de la famille, santé et couple
0.0
Journal, animation sur l'éducation de  famille, santé et couple
0.0
Journal, espace sportif, Nou dje do tomin, animation d'éducation sur la famille, la santé,  espace interview des personnalités
0.0
Journal, Xo vi clehoun, animation sur l'éducation de famille, santé et couple
0.0
Revue de presse et les communiqués 

Jeux radiophoniques 

Émissions de distraction
0.0
Émissions sur la santé de la famille 

Conseils sur le bien être du foyer
0.0
Journal, espace musique, espace jeu concours, programme d'animations sur l'éducation de la famille, santé et couple
0.0
Journal, espace musique, programme d'animations sur l'éducation de la famille, santé et de, Xo boté, xo heti heti, espace de partage d'expériences de vie
0.0
Journal, revue de presse, les divertissements du soir, espace musique, programme d'animations sur l'éducation familiale, santé et couple
0.0
Conseils pour les femmes au foyer
Émissions sur la santé des enfants
0.0
Émissions sur la santé de la famille 
Sensibilisation sur les pratiques à adopter pour éviter le paludisme
0.0
Émissions sur la santé des enfants et de la famille 

Conseils sur les bonnes pratiques d'hygiène à adopter 

Sensibilisation sur le paludisme et autres maladies
0.0
Jeux radiophoniques 

Émissions de distraction
0.0
Conseils sur le bien être du foyer 

Émissions sur la santé des enfants
0.0
Journal, animation sur l'éducation familiale, l'éducation des enfants, sur la santé et couple
0.0
Journal, animation sur l'éducation de la famille, santé, espace musique, espace divertissement
0.0
Conseils sur le bien être du foyer 

Conseils sur la planification familiale
0.0
Journal, animation sur l'éducation de la famille, santé et couple, Houindo min xo
0.0
Animation sur l'éducation de la famille, santé et couple, journal, xovi clehoun, xo kpe kpe
0.0
Journal, xovi clehoun, animation sur l'éducation de la famille, sur la santé et couple, espace musique
0.0
Émissions sur santé des mères et des enfants 

Jeux radiophoniques
0.0
Journal, Xovi clehoun, Houindo min xo, espaces spirituels, animation d'éducation familiale, santé et couple
0.0
Émissions biblique 

Émissions sur santé de la famille 

Conseils sur le bien être du foyer
0.0
Journal, Houindo nan fa, programme d'animations sur l'éducation de la famille, santé, couple
0.0
Conseils pour les couples 

Revue de presse
0.0
Journal, houenou xo, programme éducation, santé , couplé
0.0
Comment éduquer les jeunes filles 

Le journal
0.0
Émissions sur les du gestion du foyer. Les droits et devoirs des conjoints
0.0
Journal, émission de BOCOVO sur Immaculée FM à 6h,  ZITI les jeudi soir 21h (Xo heti heti),
0.0
ALLOHADO FM 9h-12h( Xo ba dji) , Tonignon dimanche 10h-12h ( To tche xo), 14h dimanche allodaho ( ze daga)
0.0
Journal, émission sur l'éducation des enfants, santé, couple, espace musique, To tche xo, Atoo gbe vendredi et dimanche,
0.0
Marketing de certains produits 

Revue de presse 

Émissions biblique
0.0
Journal, Xo baou baou, To Tche xo, etc
0.0
Journal, animation sur l'éducation, santé et couple, Xo baou baou
0.0
Journal, animation sur la vie de couple de 5h radio Tonignon ( Houindo min xo), code de conduite vers 13h carrefour, émission de 14h Tonignon
0.0
Émissions sur la santé 

Comment développer le pays
0.0
Journal, To tche xo, Xo baou baou, Xo vi clehoun , gbadalisa ,
0.0
Émissions sur la gestion des apprentis
Émissions sur comment cuisiner les aliments pour en tirer profit
0.0
Théâtre 
Revue de presse 
Musique
Conseils sur comment gerer le foyer
0.0
Journal, ALLOHADO FM 23h30-01h Houindo min xo, Jeudi et samedi 21h- 22h Tonignon ( Xo baou baou),
0.0
Journal, Animation du Père BOCOVO Immaculée conception le matin, animation sur l'éducation (santé, couple, enfants)
0.0
Émissions sur comment prendre soin des enfants 

Émissions sur fabriquer les farines enrichies pour les enfants, l'hygiène à adopter et comment préparer la bouillie pour les enfants
0.0
Xo heti heti sur Tonignon, Xo vi clehoun, Gbadalisa, To tche xo
0.0
Émissions sur comment maintenir la paix dans le foyer 

Conseils aux couples
0.0
Émissions sur comment entretenir son homme pour que la paix et l'amour puisse régner dans le foyer
0.0
Journal, Xo vi clehoun, animation sur l'éducation santé et famille
0.0
Journal, Xo baou baou, To tche xo, espace musique matinal
0.0
Émission sur le bien être du foyer, comment cultiver la paix et l'amour dans le foyer
0.0
Revue de presse
Émissions sur le respect, la paix et l'harmonie dans un foyer 
Émissions éducatives pour les enfants
0.0","Sensibilisation sur la planification familiale 

Conseils pour les parents sur comment prendre soin des enfants

Conseils sur le bien du foyer
1
Conseils sur la santé de la famille 

Journal
1
Émissions sur la scolarisation des enfants 

Émissions sur comment vivre en société
1
Conseils sur le bien être du foyer, la paix et l'harmonie dans le foyer 

Conseils sur la gestion du foyer
1
Émissions sur la santé de la famille 

Émissions sur comment prendre soin des enfants
1
Émissions sur la santé de la famille 

Journal
1
Émissions sur la santé de la famille 

Conseils sur la gestion des finances 

Conseils sur comment organiser son commerce

Conseils sur le bien être du foyer
1
Émissions sur la planification familiale 

Émissions sur la santé des enfants 

Conseils pour les parents sur les attitudes à avoir pour réussir l'éducation des enfants
1
Journal radiophonique

Émissions éducatives pour la jeunesse
1
Journal, Houindo min xo, programme d' animation sur l'éducation de la famille, santé et couple
1
Journal, Houindo min xo, programme d'avis sur des thématiques, animation sur l'éducation de la famille, santé et couple
1
Émission sur les projets du pays

Entrepreneuriat des jeunes, conseils et directives
1
Journal, Houindo xo, programme éducation santé, famille et couple
1
Journal, animation sur l'éducation de la famille, santé et couple,
1
Journal, animation sur l'éducation de la famille, santé et couple, espace divertissement, espace publicité
1
Conseils sur la santé des enfants 

Conseils sur l'hygiène de la maison
1
Journal, espace divertissement, animation d'éducation familiale, santé et couple ,
1
Journal, mardi matin émission éducation sur Ala ketou, émission Marius AGBOZO sur la radio ALAFIA FM, programme d'animations sur l'éducation de la famille, santé et couple etc
1
Journal, programme d'animations sur l'éducation de la famille, santé et couple
1
Journal, programme d'animations sur l'éducation familiale, santé et couple, espace échange et discutions
1
Journal, revue de presse, animation sur l'éducation de la famille, santé et couple
1
Journal, revue de presse, animation sur l'éducation familiale, santé et couple
1
Journal, revue de presse, samedi soir Xo vi clehoun, animation sur l'éducation de la famille, santé et couple, Atchakpodji
1
-88
29
Revue de presse 
Débat 
Émission Harmonie familiale
Musique 
Journal
1
Revue de presse 
Journal 
Musique 
Faits divers 
Émission santé.
1
-99
8
Revue de presse 
Journal 
Émission santé 
Musique
Émission Harmonie familiale
1
Revue de presse 
Journal 
Musique 
Faits divers 
Divertissement
1
Revue de presse 
Journal 
Musique 
Émission santé 
Faits divers
3
Revue de presse 
Journal 
Musique 
Émission santé 
Émission Harmonie familiale
3
Musique 
Journal en langue locale 
Témoignage et prière
1
Hoviclé sur radio Bénin
1
Revue de presse 
Divertissement 
Musique 
Émission religieux 
Émission sportif
1
La voix de la vallée
3
Animation musicale les matin
Xojlajla 
Mahu xo
1
Hovicléhoun de la voix de la vallée 
Hoyêli sur la voix de la vallée
1
Journal 
Émission de sensibilisation sur la santé et la famille
1
Hanlissa
Atchakpodji 
Xojlawema (revue de presse)
1
Journal 
Émission sportive 
Théâtre
1
Animation culturelle 
Journal 
Découverte
1
Journal 
Débats actualités 
Chronique 
Programme santé
1
Revue de presse 
Journal 
Musique 
Émission communautaire 
Émission humour
1
Whindomin nan fa
Journal en fon
Hoviklehoun
1
Musique 
Revue de presse 
Journal 
Émission santé 
Divertissement
1
Revue de presse 
Journal 
Musique 
Émission Harmonie familiale 
Émission santé
2
Afountoutou kpalala 
Journal de dah houawé 
Dédicace musicale
1
Hovicléhoun sur la voix de la lama
2
Xojlajla 
Nukplonmin ( programme éducation)
1
Xojlajla 
Programme éducation
1
Émission sportive 
Programme santé et famille 
Jeux concours
1
Revue de presse 
Journal 
Musique 
Émission santé 
Divertissement.
1
Azontchenangbo radio lama
Xo sô do atèdji
1
Hõhinhoun sur la Radio Sedohoun
1
Programme éducation sociale
1
Xojlajla 
Hoviklehoun 
Émission sportive
1
Rubriques santé
1
Xojlajla 
Agbanbibio 
Hwenuxo
Hwendo xo
1
Émission programme santé 
Revue de presse en fon
1
Whindomin xo
1
Revue de presse 
Journal 
Musique 
Faits divers 
Émission formative
1
Revue de presse 
Émission Harmonie familiale 
Émission de divertissement 
Journal 
Émission sportif
1
Journal 
Émission et programme santé 
Musique
1
Revue de presse 
Journal
Musique 
Émission débat 
Divertissement
1
Revue de presse 
Journal 
Émission Harmonie familiale 
Divertissement 
Musique
1
Hovicléhoun sur la voix de la lama, des enseignements sur les valeurs de notre culture sur diaspora FM, les enseignements sur la santé sur BIP radio
1
Journal, 
Débat 
Témoignage 
Musique 
Revue de presse
1
Hoviklehoun 
Ambiance 
Jeux concours radiophonique
1
Débat 
Journal 
Émission culturelle 
Émission sportif 
Émission santé
1
Journal 
Publicité 
Conte 
Faire divers 
Affountountoun kpraa
1
Atchakpodji 
Afountoutou kpalala 
Hoviklehoun 
Journal de dah houawé 
Programme santé et famille
1
Hovicléhoun sur radio ORTB
Les enseignements de tout genre sur les chaînes que j'écoute
1
Journal 
Dédicace 
Hoviklehoun 
Émission programme santé et famille 
Atchakpodji (voix de la vallée
1
Hoviklehoun 
Whindomin xo
1
Journal 
Émission de prière et de louange 
Programme santé et famille 
Hoviklehoun 
Dédicace
1
Hododagni de Hévé Houandékon sur la Radio Sedohoun 
Sensibilisation et explications sur les méthodes contraceptifs sur la voix de la vallée 
Prières et chansons religieuses sur immaculée FM
1
Émissions sur la famille à la radio immaculée 
Hoyêli sur la voix de la lama 
Émissions téléphonique sur les besoins et les difficultés de la population sur la voix de la lama
1
Fait divers
3
Hoviklehoun 
Atchakpodji 
Afountoutou kpalala 
Journal 
Revue de presse dah houawé
1
Journal 
Jeux radiophonique 
Fait divers 
Débat contradictoire 
Publicité
1
Les enseignements sur la gestion de famille, sur la gestion de ses activités et aussi sur la santé sur Radio lama 
Hovicléhoun sur lama aussi je crois bien 
Les publicités et les journaux sur les radio que j'écoute
1
Hovicléhoun sur l'ORTB
Les avis, annonces et publicités
Les faits divers sur les autres chaînes comme Alliance FM et la voix de la lama
1
Do nou essé (journal)
Hoviklehoun
1
Revue presse 
Journal
Musique 
Émission de société 
Divertissement
1
Revue de presse 
Émission téléphonique
1
Les enseignements sur la gestion des activités génératrice de revenu, la gestion des activités champêtre, la gestion du foyer, beaucoup de choses que j'aime écouté à la radio lalo
1
L'émission de jean Kassette qui donne des enseignements sur différents points
1
Hovicléhoun à la radio lama, les publicités à la radio lama et Alliance, les prières et messes à immaculée conception
1
Hoviklehoun 
Émission radio téléphonique
1
Revue de presse
Journal 
Musique 
Émission santé 
Émission humour
1
Journal 
Hoviklehoun
1
Hovicléhoun, Hohêhi sur la voix de la vallée, des émissions sur la santé et le bien être des enfants et de la famille
1
Hwdominho sur la voix de la lama les jeudis 
Les actualités et les journaux sur Alliance FM 
Les publicités et annonces sur toutes les Radio que j'écoute, ça dépend du jour et l'heure de la division
1
Journal 
Hoviklehoun
Info sport
1
Revue de presse 
Journal 
Musique 
Émission Harmonie familiale 
Émission société
1
Revue de presse 
Journal 
Musique 
Émission Harmonie familiale 
Émission société.
1
Musique 
Éducation sur les enfants 
Politique
1
Revue de presse 
Journal 
Émission religieuse 
Émission société 
Émission santé
1
Revue de presse 
Journal 
Émission santé 
Émission société 
Faits divers.
1
Revue de presse 
Journal 
Musique 
Émission santé 
Faits divers.
1
Coeur plume: sedohoun 
Jeux concours radiophonique
1
Journal 
Musique 
Débats 
Programme santé
1
Hwendo xo 
Jeux concours radiophonique 
Ambiance
1
Hovicléhoun a la radio Sedohoun, dohami horton toujours à la radio Sedohoun
1
Hozédoatêdji sur Alliance FM, 
Noudjidjê sur Alliance FM, Hodjaladjala houéman sur la voix de la Lama
1
Revue de presse 
Musique 
Journal 
Émission santé 
Émission Harmonie familiale
1
Programme santé et famille 
Les émissions biblique
1
Revue de presse 
Journal 
Musique 
Émission Santé 
Émission Harmonie familiale
1
Journal 
Hoviklehoun 
Programme santé et famille
1
Journal 
To xo
Hoviklehoun
1
Débats religieux 
Programme sensibilisation 
Whindomin xo
1
Revue de presse 
Musique 
Messe
Journal 
Émission débat
1
Journal 
Revue de presse 
Émission religieuse 
Musique
1
Revue de presse 
Divertissement 
Musique 
Journal
Faits divers
1
Revue presse
Journal 
Interview, débat 
Musique 
Émission faits divers
1
Émissions sur le bien être du foyer 

Émissions éducatives pour mieux éduquer les enfants 

Émissions sur les méthodes de la planification familiale
1
Journal
Émission d'Appel téléphonique 
Hanlissa
Émission ludique
Bar du samedi soir
1
Revue de presse 
Journal 
Musique 
Émission santé 
Émission sportif
1
Revue de presse 
Journal
Musique 
Faits divers 
Émission religieuse
1
Revue de presse 
Journal 
Musique 
Émission santé 
Émission société.
1
Yassého sur Cap Fm avec Thomas hèmandjè
1
Revue de presse 
Journal
Musique
Faits divers 
Émission humour
1
Publicité 
Développement 
Fait divers 
Journal 
Débat radiophonique
1
Afountoutou kpalala : voix de la vallée
1
Hovicléhoun sur la voix de la vallée
1
Conseils pour les familles, fait divers
2
Hanlissa, les chansons religieuses et les journaux 
J'écoute aussi les publicités
1
la voix de la vallée
2
Hodjaladjala sur la voix de la vallée et les faits divers sur ORTB
1
Atchakpodji: voix de la vallée 
Agbanbibio: voix de la vallée 
Afountoutou kpalala : voix de la vallée 
Sebo.gnon nouwi: radio tonanse
1
Jeux radiophonique 
Musique louange 
Hwendo xo
Nukplonmin
1
Alléluia Fm,La voix de la vallée
1
Voix de la vallée, l'émission hohinhi, Radio Bénin, journal en fon, Radio Adja ouèrè, les chansons religieuses
1
La voix de la vallée,radio Adjohoun , Radio adja wéré
1
Émission jeunesse,
Atchakpodji moeurs et pratiques régionale
1
Émissions sur l'état de nos routes et les réalisations, sensibilisations sur comment garder son foyer et l'hygiène de sa maison, sensibilisations sur la santé des enfants, des conseils à la radio sur l'espacement des naissances
1
Informations sur une bonne santé surtout des enfants
1
Journal
2
Rubriques cuisine et conseils famille
1
Fait divers et rubriques famille
1
Rubriques fait divers
1
Rubriques fait divers,et humour
1
Hovicléhoun à la radio lama
1
Journal 
Revue de presse 
Divertissement 
Musique 
Débat
1
Conseil sur le foyer 
Musique 
Prière 
Animation 
Conseil sur le commerce
1
Musique 
Jeux 
Conseil
1
Hovicléhoun sur la vallée, les prières et chansons religieuses sur Alléluia FM, des enseignements sur la santé, la famille et les actualités du monde sur radio tokpa
1
Le journal en fon de Dah houawé
Sur cap FM
1
Conseils sur le bien être du foyer
2
L'émission de Dossinon les dimanches à 20h sur la chaîne Adja ouèrè
1
Rubriques (santé, conseils pour les couples et sur l'éducation des enfants)
1
Rubriques Conseils pour les familles, rubriques sur l'éducation des enfants
1
Rubriques Conseils famille, rubriques humour
1
Rubriques: conseils et éducation des enfants, fait divers
1
Rubriques sur la famille,Fait divers
1
Rubriques (conseils,Fait divers)
1
Hovicléhoun sur radio Sedohoun
1
Revue de presse 
Journal 
Musique 
Émission santé 
Divertissement
1
Revue de presse 
Journal 
Émission journal 
Émission santé
Musique
1
Programme santé de famille 
Xojlajla (journal)
Hoviklehoun
1
Émissions sur l'éducation des jeunes filles et la santé des enfants sur la voie de la vallée, il y a aussi les émissions sur la sensibilisation des placements d'enfants à l'étranger car c'est une très très mauvaise chose
1
La Voix de la vallée ,Radio Adja wére
1
Gankeke
Journal
Nuvename wèyin dokaka
Doyin doslo
Ho hè hí
1
Afountoutou kpalala 
Nécrologie
1
Musique 
Émission sportif 
Journal 
Divertissement 
Émission santé
1
Rubriques éducation des enfants,et respect
1
Fait divers, conseil et éducation
1
Fait divers, éducation sur les comportements à adopter dans le foyer
1
Fait divers , conseil sur l'éducation des enfants et familial
1
Journal et sport, Animation sur l'éducation des couples
1
Rubriques conseils pour les foyers
1
Conseils famille,fait divers
1
Rubriques conseils pour avoir la paix et harmonie dans. Les foyers.
1
Fais divers, actualités, conseils pour la famille
1
Conte 
Journal 
Jeux radiophonique 
Émission sur la santé 
Débat contradictoire
1
Rubriques famille
1
Grand débat culturel 
Les journaux 
Publicité 
Émission des enfant 
Musique et sport
1
Témoignage 
Jeux radiophonique 
Journal 
Débat contradictoire 
Fait divers
1
Fait divers, conseils pour les familles
1
Conseils sur la santé familiale,sur l'éducation des enfants
1
Fait divers, conseils famille, humour
1
Journal 
Jeux radiophonique 
Fait divers 
Débat contradictoire 
Témoignage
1
Journal 
Publicité 
Fait divers 
Jeux radiophonique 
Chanson
1
Conseils sur l'entretien dans le foyer 
Prendre soin de la santé des enfants 
Fait divers 
Journal fon
Jeux radiophonique
1
Conseils sur l'éducation des enfants
1
Débat sur la santé 
Témoignage 
Fait divers 
Journal 
Débat contradictoire
1
Émissions sur la santé d'un foyer 

Émissions sur la planification familiale
1
Émissions sur le bien être de la famille 

Émissions sur la santé maternelle et infantile 

Émissions culinaires des aliments pour les enfants
1
Émissions sur la santé maternelle et reproductive

Émissions sur l'hygiène de la maison pour éviter les maladies
1
Journal 
Revue de presse 
Musique 
Émission religieuse 
Émissions sanitaire
1
Journal 
Revue de presse 
Musique 
Émission religieuse 
Divertissement
1
Émissions de jean Kassette
1
Revue de presse 
Journal 
Musique 
Émission sur bien être familiale 
Debat
1
Émission culturelle 
Jeux concours radio
Journal 
Revue de presse
1
Adja ouere ,la voix de la vallée
1
Actualités dans le monde à la radio vallée
1
Afountoutou kpalala :voix de la vallée 
Hwendo nan fa : voix de la vallée 
Gbemin tan: voix de la vallée
1
L'émission Hohêhi sur la voie de la vallée, journal en fon sur maranatha
1
Wendomena
Conseil sur le commerce 
Politique 
informations générales 
Musique
1
Prière 
Conseil sur le foyer
1
Journal 
Conseil sur le commerce 
Conseil sur le foyer 
Prière 
Musique
1
Conseil sur la famille 
Actualité 
Prière 
Musique 
Conseil général
1
Wendomabou 
Enseignement biblique 
Témoignage 
Musique 
Jeux
1
Politique 
Jeux
Musique 
Conseils concernant le foyer
1
Wendonifa
Journal 
Prière 
Louange et adoration 
Musique
1
Fait divers,et l'eucharistie du dimanche matin
1
Rubriques Conseils famille, fait divers
1
Rubriques conseils pour les couples
1
Rubriques conseils de famille et bien être
1
Rubriques éducation et conseils
1
Rubriques fait divers, rubriques conseils
1
Rubriques conseils sur l'harmonie des familles
1
Rubriques conseils famille
1
Radio Immaculée,la voix de la vallée,capp Fm
1
Journal, animation d'éducation, émission HOUENOU XO, Émission sur la famille
1
Émissions sur le bien être du foyer

Programme sur les meilleures pratiques agricoles
1
Des actualités sur la santé des enfants, l'hygiène sanitaire et le lavage des mains, la sensibilisation sur la planification familiale sur la voix de la vallée
1
Alléluia FM ,la voix de la vallée
1
Revue de presse 
Divertissement 
Faits divers 
Musique 
Journal
1
Conseils sur la vie d'un chrétien 
Théâtre sur le vivre ensemble
1
Revue de presse 
Émissions de distraction
1
Émissions sur la conciliation des foyer
Émissions sur l'alphabétisation
1
Enseignement biblique 

Revue de presse
1
Émissions éducatives pour les couples

Revue de presse
2
Émissions sur la planification familiale 

Émissions sur la santé de la famille
1
Ho hèhi : la voix de la vallée 
Hwendo na fa : ORTB
1
Journal 
Les émissions d'appel téléphonique
1
Journal 
Revue de presse 
Débat politique
Émission sport 
Musique
1
Journal, animation sur l'éducation famille, santé et couple
2
La voix de la vallée, Alléluia Fm
1
Xojlajla 
Adoration 
Jeux concours radio
1
Rubriques conseils sur l'éducation des enfants
1
Alléluia FM , ADJA OUERE, La voix de la vallée
1
La voix d ela vallé, ADJA OUERE,Radio Alafia
1
Revue de presse
Émissions biblique
1
Émissions éducatives pour les couples

Émissions éducatives pour les enfants 

Émissions sur comment espacer les naissances
1
Émissions sur le bien être de la famille
1
Programme de rire, journal, programme d' animation sur l'éducation
1
Journal, émission Débat, animation d'éducation, émission de couple, Houenou xo
1
Drouvitoto, wegnodradra  Journal, animation d'éducation
1
J'aime pas de Couffo, journal, soir de devinettes, animation d'éducation,  espace Musique
1
JOURNAL, animation sur l'éducation
1
JOURNAL, émission sur le Fâ, animation sur l'éducation, la conduite, l'animation sur les couples
1
Journal, Animation sur l'éducation, animation sur le couple
1
Journal, Animation sur l'éducation, xovi clehoun, animation sur les couples, les émissions de jeudi soir. Les programmes religieux du dimanche vers 6h
1
Émissions sur l'hygiène à adopter à la maison

Émissions sur le bien être du foyer
1
Animation sur l'éducation, émission téléphonique, journal
1
Animation sur l'éducation des familles, journal
1
Revue de presse 
Émissions éducatives
1
Journal, sport, Animation sur l'éducation, programme santé
1
Émissions sur comment prendre soin des enfants 

Émissions sur comment nourrir les enfants
1
Émissions sur comment prendre soin de la maison pour éviter les maladies
1
Émissions comment vivre en société 
Émissions sur le bien du foyer 
Revue de presse
1
Émissions sur l'agriculture, vente groupée des produits 

Émissions sur le bien être du foyer 

Émissions éducatives pour les enfants
1
Émissions sur les méthodes de la planification familiale 

Revue de presse
1
Émissions éducatives pour les jeunes

Revue de presse
1
Émissions sur le bien être du foyer

Émissions sur les méthodes de la planification familiale
1
Émissions sur l'agriculture 
Émissions sur les projets de la commune 
Émissions sur les méthodes de la planification familiale
1
Émissions éducatives sur le bien du foyer et celui des enfants 

Émissions sur comment espacé les naissances
1
Journal, espace musique, programme de couple, animation sur l'éducation et la santé
1
Journal, animation sur l'éducation et santé,
1
Journal, Xo vi clehoun, animation sur l'éducation et santé, espace Théâtre
1
Journal, Horoscope matinal, émission Théâtre, animation d'éducation, émission traditionnelle Fâ tout les lundi de 7h-8h
1
Houindo nan fa, lanmin nan non gandji , JOURNAL,
1
Revue de presse
1
Journal, animation sur l'éducation, animation santé
1
Journal, Conte du soir, animation d'éducation, programme devinettes
1
Journal, animation sur l'éducation, programme santé, espace musique
1
Journal, animation sur l'éducation, programme santé, programme entrepreneuriat
1
Journal, animation sur l'éducation, vie de couple, espace santé
1
Journal, animation sur la santé, et l'éducation familiale
1
Journal, espace éducation famille, couple, santé
1
Journal, animation sur l'éducation famille santé et couple, programme de gestion financière
1
Journal, animation sur l'éducation,famille,santé et couple, Houindo min xo, Atchakpodji, espace musique
1
Espace musique, Houindo min xo, Atchakpodji
1
Journal, animation sur l'éducation famille santé et couple, émission Houindo min xo
1
Émissions sur la vaccination des nouveaux nés 

Émissions sur la planification familiale 

Émissions sur l'hygiène 

Journal
1
Émissions sur la vaccination des nouveaux nés 

Émissions sur la santé de la famille 

Émissions culinaires 

Émissions sur l'alimentation des nouveaux nés
1
Journal, Atchakpodji, Houindo min xo, animation sur l'éducation santé, couple
1
Émissions sur comment cultiver la paix dans le foyer

Émissions sur la santé
1
Journal, Houindo min xo, programme santé et couple, espace musique
1
Journal, animation sur l'éducation des enfants, de la famille, Houindo min xo, programme santé et expériences de vie
1
Journal, animation sur l'éducation famille, santé et couple etc
1
Émissions sur la gestion du foyer
Jeux radiophoniques
1
Journal 
Émissions sur la santé des nouveaux nés et des mères
1
Journal,  Xo vi clehoun, animation sur l'éducation famille, santé et couple, programme conte
1
Journal, animation sur l'éducation familiale , santé et couple, programme de partage d'expériences de vie
1
Émissions sur l'insertion professionnelle des jeunes

Programme sur les projets de construction d'écoles dans les zones reculées
1
Journal, Gnonnou xo, Houindo min xo, espace musique programme santé et couple
1
Émissions sur comment cultiver la paix et l'harmonie dans le foyer

Émissions sur la santé des enfants. 

Émissions culinaires pour permettre aux mères de maîtriser comment cuisiner les aliments pour les enfants afin de protéger leur santé
1
Journal, animation sur l'éducation familiale, santé, programme de partage de vie et d'expériences
1
Journal, Xo baou baou de 21h-22h tous les jeudis et samedi, animation sur l'éducation famille santé et couple, et les émissions de théâtre et divertissement
1
Journal, animation sur l'éducation santé, famille et couple
1
Journal, animation sur l'éducation famille, santé et couple, Xo baou baou etc
1
Enlèvement des enfants 

Émissions sur la santé des enfants
1
Programme éducatif pour maintenir la paix et l'amour dans le foyer 

Conseils pour les couples
1
Programme de sensibilisation  sur les méthodes contraceptives
1
Conseils pour les femmes

Conseils pour les couples
1
Journal, revue de presse, animation sur l'éducation familiale, santé et couple, Houindo min xo
1
Journal, animation sur l'éducation famille, santé et couple, espace publicité
1
Émissions sur la santé des enfants 

Émissions sur la planification familiale 

Émissions sur les couples
1
Émissions sur la santé
1
Journal, animation sur l'éducation famille, santé, couple, revue de presse, émission de Dah hawe
1
Adja ouere,la voix de la vallée
1
ADJA OUERE,la voix de la vallée
1
Jeux radiophoniques 

Émissions de distraction 

Émissions sur la santé des mères et des enfants 

Conseils à l'endroit des couples
1
Conseils sur les méthodes contraceptives 

Conseils sur l'hygiène à adopter à la maison
1
Conseils sur les comportements à adopter par une femme / l'homme pour que la paix et l'amour teigne t dans son foyer

Émissions sur les avantages et inconvénients des méthodes contraceptives
1
Jeux radiophoniques 

Émissions de distraction 

Émissions culinaires
1
Émissions sur la santé de la famille 

Conseils pour les femmes au foyers
1
Émissions sur l'hygiène 
Émissions sur comment se porter dans le foyer
1
Conseils pour les jeunes filles

Conseils pour le bien être du foyer

Émissions éducatives pour les enfants
1
Émissions sur santé de la famille 

Conseils sur les bonnes pratiques d'hygiène à adopter à la maison
1
Émissions éducatives sur comment entretenir son foyer pour éviter les disputes
1
Émissions sur la gestion du foyer, 

Émissions sur la santé des enfants 

Émissions éducatives
1
Journal, Houindo min xo, programme éducation santé, famille et couple
1
Journal, espace musique, programme d'animations sur l'éducation de la famille, santé, Houindo min
1
Journal, animation sur l'éducation de la famille, la santé, couple et expériences de vie
1
Sensibilisation sur la planification familiale 

Programme éducatif pour la paix et l'harmonie dans le foyer
1
To tche xo, Journal, animation sur l'éducation familiale, santé et couple, Nou Plon min
1
Journal, animation sur l'éducation de la famille, santé, espace actualités,  espace musique Houindo min xo
1
Journal, animation sur l'éducation de la famille, santé, couple, émission sur le Fâ
1
Journal, animation sur l'éducation famille, santé, Houindo min xo, espace actualités
1
Journal, animation sur l'éducation de la famille, santé, couple, actualités,
1
Journal, programme d'animations sur l'éducation, famille, santé et couple
1
Journal, espace musique, animation sur l'éducation de la famille, santé, couple etc
1
Journal, xo vi clehoun, espace musique, programme d'animations sur l'éducation de la famille, santé et couple
1
Journal, animation sur l'éducation de  famille, santé et couple
1
Journal, espace sportif, Nou dje do tomin, animation d'éducation sur la famille, la santé,  espace interview des personnalités
1
Journal, Xo vi clehoun, animation sur l'éducation de famille, santé et couple
1
Revue de presse et les communiqués 

Jeux radiophoniques 

Émissions de distraction
1
Émissions sur la santé de la famille 

Conseils sur le bien être du foyer
1
Journal, espace musique, espace jeu concours, programme d'animations sur l'éducation de la famille, santé et couple
1
Journal, espace musique, programme d'animations sur l'éducation de la famille, santé et de, Xo boté, xo heti heti, espace de partage d'expériences de vie
1
Journal, revue de presse, les divertissements du soir, espace musique, programme d'animations sur l'éducation familiale, santé et couple
1
Conseils pour les femmes au foyer
Émissions sur la santé des enfants
1
Émissions sur la santé de la famille 
Sensibilisation sur les pratiques à adopter pour éviter le paludisme
1
Émissions sur la santé des enfants et de la famille 

Conseils sur les bonnes pratiques d'hygiène à adopter 

Sensibilisation sur le paludisme et autres maladies
1
Jeux radiophoniques 

Émissions de distraction
1
Conseils sur le bien être du foyer 

Émissions sur la santé des enfants
1
Journal, animation sur l'éducation familiale, l'éducation des enfants, sur la santé et couple
1
Journal, animation sur l'éducation de la famille, santé, espace musique, espace divertissement
1
Conseils sur le bien être du foyer 

Conseils sur la planification familiale
1
Journal, animation sur l'éducation de la famille, santé et couple, Houindo min xo
1
Animation sur l'éducation de la famille, santé et couple, journal, xovi clehoun, xo kpe kpe
1
Journal, xovi clehoun, animation sur l'éducation de la famille, sur la santé et couple, espace musique
1
Émissions sur santé des mères et des enfants 

Jeux radiophoniques
1
Journal, Xovi clehoun, Houindo min xo, espaces spirituels, animation d'éducation familiale, santé et couple
1
Émissions biblique 

Émissions sur santé de la famille 

Conseils sur le bien être du foyer
1
Journal, Houindo nan fa, programme d'animations sur l'éducation de la famille, santé, couple
1
Conseils pour les couples 

Revue de presse
1
Journal, houenou xo, programme éducation, santé , couplé
1
Comment éduquer les jeunes filles 

Le journal
1
Émissions sur les du gestion du foyer. Les droits et devoirs des conjoints
1
Journal, émission de BOCOVO sur Immaculée FM à 6h,  ZITI les jeudi soir 21h (Xo heti heti),
1
ALLOHADO FM 9h-12h( Xo ba dji) , Tonignon dimanche 10h-12h ( To tche xo), 14h dimanche allodaho ( ze daga)
1
Journal, émission sur l'éducation des enfants, santé, couple, espace musique, To tche xo, Atoo gbe vendredi et dimanche,
1
Marketing de certains produits 

Revue de presse 

Émissions biblique
1
Journal, Xo baou baou, To Tche xo, etc
1
Journal, animation sur l'éducation, santé et couple, Xo baou baou
1
Journal, animation sur la vie de couple de 5h radio Tonignon ( Houindo min xo), code de conduite vers 13h carrefour, émission de 14h Tonignon
1
Émissions sur la santé 

Comment développer le pays
1
Journal, To tche xo, Xo baou baou, Xo vi clehoun , gbadalisa ,
1
Émissions sur la gestion des apprentis
Émissions sur comment cuisiner les aliments pour en tirer profit
1
Théâtre 
Revue de presse 
Musique
Conseils sur comment gerer le foyer
1
Journal, ALLOHADO FM 23h30-01h Houindo min xo, Jeudi et samedi 21h- 22h Tonignon ( Xo baou baou),
1
Journal, Animation du Père BOCOVO Immaculée conception le matin, animation sur l'éducation (santé, couple, enfants)
1
Émissions sur comment prendre soin des enfants 

Émissions sur fabriquer les farines enrichies pour les enfants, l'hygiène à adopter et comment préparer la bouillie pour les enfants
1
Xo heti heti sur Tonignon, Xo vi clehoun, Gbadalisa, To tche xo
1
Émissions sur comment maintenir la paix dans le foyer 

Conseils aux couples
1
Émissions sur comment entretenir son homme pour que la paix et l'amour puisse régner dans le foyer
1
Journal, Xo vi clehoun, animation sur l'éducation santé et famille
1
Journal, Xo baou baou, To tche xo, espace musique matinal
1
Émission sur le bien être du foyer, comment cultiver la paix et l'amour dans le foyer
1
Revue de presse
Émissions sur le respect, la paix et l'harmonie dans un foyer 
Émissions éducatives pour les enfants
1","Sensibilisation sur la planification familiale 

Conseils pour les parents sur comment prendre soin des enfants

Conseils sur le bien du foyer
58572.2
Conseils sur la santé de la famille 

Journal
14643.1
Émissions sur la scolarisation des enfants 

Émissions sur comment vivre en société
14643.1
Conseils sur le bien être du foyer, la paix et l'harmonie dans le foyer 

Conseils sur la gestion du foyer
14643.1
Émissions sur la santé de la famille 

Émissions sur comment prendre soin des enfants
14643.1
Émissions sur la santé de la famille 

Journal
14643.1
Émissions sur la santé de la famille 

Conseils sur la gestion des finances 

Conseils sur comment organiser son commerce

Conseils sur le bien être du foyer
14643.1
Émissions sur la planification familiale 

Émissions sur la santé des enfants 

Conseils pour les parents sur les attitudes à avoir pour réussir l'éducation des enfants
14643.1
Journal radiophonique

Émissions éducatives pour la jeunesse
14643.1
Journal, Houindo min xo, programme d' animation sur l'éducation de la famille, santé et couple
14643.1
Journal, Houindo min xo, programme d'avis sur des thématiques, animation sur l'éducation de la famille, santé et couple
14643.1
Émission sur les projets du pays

Entrepreneuriat des jeunes, conseils et directives
14643.1
Journal, Houindo xo, programme éducation santé, famille et couple
14643.1
Journal, animation sur l'éducation de la famille, santé et couple,
14643.1
Journal, animation sur l'éducation de la famille, santé et couple, espace divertissement, espace publicité
14643.1
Conseils sur la santé des enfants 

Conseils sur l'hygiène de la maison
14643.1
Journal, espace divertissement, animation d'éducation familiale, santé et couple ,
14643.1
Journal, mardi matin émission éducation sur Ala ketou, émission Marius AGBOZO sur la radio ALAFIA FM, programme d'animations sur l'éducation de la famille, santé et couple etc
14643.1
Journal, programme d'animations sur l'éducation de la famille, santé et couple
14643.1
Journal, programme d'animations sur l'éducation familiale, santé et couple, espace échange et discutions
14643.1
Journal, revue de presse, animation sur l'éducation de la famille, santé et couple
14643.1
Journal, revue de presse, animation sur l'éducation familiale, santé et couple
14643.1
Journal, revue de presse, samedi soir Xo vi clehoun, animation sur l'éducation de la famille, santé et couple, Atchakpodji
14643.1
-88
12440.2
Revue de presse 
Débat 
Émission Harmonie familiale
Musique 
Journal
4249.2
Revue de presse 
Journal 
Musique 
Faits divers 
Émission santé.
3342.0
-99
2276.2
Revue de presse 
Journal 
Émission santé 
Musique
Émission Harmonie familiale
2167.9
Revue de presse 
Journal 
Musique 
Faits divers 
Divertissement
1879.9
Revue de presse 
Journal 
Musique 
Émission santé 
Faits divers
1762.6
Revue de presse 
Journal 
Musique 
Émission santé 
Émission Harmonie familiale
1390.9
Musique 
Journal en langue locale 
Témoignage et prière
1390.2
Hoviclé sur radio Bénin
1390.2
Revue de presse 
Divertissement 
Musique 
Émission religieux 
Émission sportif
1387.5
La voix de la vallée
1248.2
Animation musicale les matin
Xojlajla 
Mahu xo
1235.8
Hovicléhoun de la voix de la vallée 
Hoyêli sur la voix de la vallée
1220.9
Journal 
Émission de sensibilisation sur la santé et la famille
1220.9
Hanlissa
Atchakpodji 
Xojlawema (revue de presse)
1220.9
Journal 
Émission sportive 
Théâtre
1174.9
Animation culturelle 
Journal 
Découverte
1174.9
Journal 
Débats actualités 
Chronique 
Programme santé
1174.9
Revue de presse 
Journal 
Musique 
Émission communautaire 
Émission humour
1114.0
Whindomin nan fa
Journal en fon
Hoviklehoun
939.9
Musique 
Revue de presse 
Journal 
Émission santé 
Divertissement
906.5
Revue de presse 
Journal 
Musique 
Émission Harmonie familiale 
Émission santé
891.3
Afountoutou kpalala 
Journal de dah houawé 
Dédicace musicale
870.3
Hovicléhoun sur la voix de la lama
848.6
Xojlajla 
Nukplonmin ( programme éducation)
835.5
Xojlajla 
Programme éducation
835.5
Émission sportive 
Programme santé et famille 
Jeux concours
835.5
Revue de presse 
Journal 
Musique 
Émission santé 
Divertissement.
835.5
Azontchenangbo radio lama
Xo sô do atèdji
835.5
Hõhinhoun sur la Radio Sedohoun
780.5
Programme éducation sociale
778.3
Xojlajla 
Hoviklehoun 
Émission sportive
778.3
Rubriques santé
778.3
Xojlajla 
Agbanbibio 
Hwenuxo
Hwendo xo
695.1
Émission programme santé 
Revue de presse en fon
695.1
Whindomin xo
693.7
Revue de presse 
Journal 
Musique 
Faits divers 
Émission formative
693.7
Revue de presse 
Émission Harmonie familiale 
Émission de divertissement 
Journal 
Émission sportif
693.7
Journal 
Émission et programme santé 
Musique
693.7
Revue de presse 
Journal
Musique 
Émission débat 
Divertissement
693.7
Revue de presse 
Journal 
Émission Harmonie familiale 
Divertissement 
Musique
629.5
Hovicléhoun sur la voix de la lama, des enseignements sur les valeurs de notre culture sur diaspora FM, les enseignements sur la santé sur BIP radio
626.6
Journal, 
Débat 
Témoignage 
Musique 
Revue de presse
617.9
Hoviklehoun 
Ambiance 
Jeux concours radiophonique
617.9
Débat 
Journal 
Émission culturelle 
Émission sportif 
Émission santé
617.9
Journal 
Publicité 
Conte 
Faire divers 
Affountountoun kpraa
610.4
Atchakpodji 
Afountoutou kpalala 
Hoviklehoun 
Journal de dah houawé 
Programme santé et famille
587.5
Hovicléhoun sur radio ORTB
Les enseignements de tout genre sur les chaînes que j'écoute
587.5
Journal 
Dédicace 
Hoviklehoun 
Émission programme santé et famille 
Atchakpodji (voix de la vallée
542.6
Hoviklehoun 
Whindomin xo
542.6
Journal 
Émission de prière et de louange 
Programme santé et famille 
Hoviklehoun 
Dédicace
542.6
Hododagni de Hévé Houandékon sur la Radio Sedohoun 
Sensibilisation et explications sur les méthodes contraceptifs sur la voix de la vallée 
Prières et chansons religieuses sur immaculée FM
542.6
Émissions sur la famille à la radio immaculée 
Hoyêli sur la voix de la lama 
Émissions téléphonique sur les besoins et les difficultés de la population sur la voix de la lama
542.6
Fait divers
536.8
Hoviklehoun 
Atchakpodji 
Afountoutou kpalala 
Journal 
Revue de presse dah houawé
522.2
Journal 
Jeux radiophonique 
Fait divers 
Débat contradictoire 
Publicité
522.2
Les enseignements sur la gestion de famille, sur la gestion de ses activités et aussi sur la santé sur Radio lama 
Hovicléhoun sur lama aussi je crois bien 
Les publicités et les journaux sur les radio que j'écoute
522.2
Hovicléhoun sur l'ORTB
Les avis, annonces et publicités
Les faits divers sur les autres chaînes comme Alliance FM et la voix de la lama
522.2
Do nou essé (journal)
Hoviklehoun
520.3
Revue presse 
Journal
Musique 
Émission de société 
Divertissement
515.8
Revue de presse 
Émission téléphonique
503.8
Les enseignements sur la gestion des activités génératrice de revenu, la gestion des activités champêtre, la gestion du foyer, beaucoup de choses que j'aime écouté à la radio lalo
463.4
L'émission de jean Kassette qui donne des enseignements sur différents points
463.4
Hovicléhoun à la radio lama, les publicités à la radio lama et Alliance, les prières et messes à immaculée conception
417.7
Hoviklehoun 
Émission radio téléphonique
417.7
Revue de presse
Journal 
Musique 
Émission santé 
Émission humour
407.0
Journal 
Hoviklehoun
407.0
Hovicléhoun, Hohêhi sur la voix de la vallée, des émissions sur la santé et le bien être des enfants et de la famille
407.0
Hwdominho sur la voix de la lama les jeudis 
Les actualités et les journaux sur Alliance FM 
Les publicités et annonces sur toutes les Radio que j'écoute, ça dépend du jour et l'heure de la division
407.0
Journal 
Hoviklehoun
Info sport
402.9
Revue de presse 
Journal 
Musique 
Émission Harmonie familiale 
Émission société
389.7
Revue de presse 
Journal 
Musique 
Émission Harmonie familiale 
Émission société.
389.7
Musique 
Éducation sur les enfants 
Politique
389.7
Revue de presse 
Journal 
Émission religieuse 
Émission société 
Émission santé
389.7
Revue de presse 
Journal 
Émission santé 
Émission société 
Faits divers.
389.7
Revue de presse 
Journal 
Musique 
Émission santé 
Faits divers.
386.8
Coeur plume: sedohoun 
Jeux concours radiophonique
346.9
Journal 
Musique 
Débats 
Programme santé
346.9
Hwendo xo 
Jeux concours radiophonique 
Ambiance
346.9
Hovicléhoun a la radio Sedohoun, dohami horton toujours à la radio Sedohoun
346.9
Hozédoatêdji sur Alliance FM, 
Noudjidjê sur Alliance FM, Hodjaladjala houéman sur la voix de la Lama
345.9
Revue de presse 
Musique 
Journal 
Émission santé 
Émission Harmonie familiale
345.9
Programme santé et famille 
Les émissions biblique
345.9
Revue de presse 
Journal 
Musique 
Émission Santé 
Émission Harmonie familiale
345.9
Journal 
Hoviklehoun 
Programme santé et famille
345.9
Journal 
To xo
Hoviklehoun
345.9
Débats religieux 
Programme sensibilisation 
Whindomin xo
345.9
Revue de presse 
Musique 
Messe
Journal 
Émission débat
334.0
Journal 
Revue de presse 
Émission religieuse 
Musique
314.8
Revue de presse 
Divertissement 
Musique 
Journal
Faits divers
314.8
Revue presse
Journal 
Interview, débat 
Musique 
Émission faits divers
308.9
Émissions sur le bien être du foyer 

Émissions éducatives pour mieux éduquer les enfants 

Émissions sur les méthodes de la planification familiale
306.4
Journal
Émission d'Appel téléphonique 
Hanlissa
Émission ludique
Bar du samedi soir
298.5
Revue de presse 
Journal 
Musique 
Émission santé 
Émission sportif
292.3
Revue de presse 
Journal
Musique 
Faits divers 
Émission religieuse
292.3
Revue de presse 
Journal 
Musique 
Émission santé 
Émission société.
292.3
Yassého sur Cap Fm avec Thomas hèmandjè
290.1
Revue de presse 
Journal
Musique
Faits divers 
Émission humour
271.3
Publicité 
Développement 
Fait divers 
Journal 
Débat radiophonique
271.3
Afountoutou kpalala : voix de la vallée
271.3
Hovicléhoun sur la voix de la vallée
271.3
Conseils pour les familles, fait divers
266.2
Hanlissa, les chansons religieuses et les journaux 
J'écoute aussi les publicités
259.4
la voix de la vallée
249.1
Hodjaladjala sur la voix de la vallée et les faits divers sur ORTB
226.6
Atchakpodji: voix de la vallée 
Agbanbibio: voix de la vallée 
Afountoutou kpalala : voix de la vallée 
Sebo.gnon nouwi: radio tonanse
226.6
Jeux radiophonique 
Musique louange 
Hwendo xo
Nukplonmin
226.6
Alléluia Fm,La voix de la vallée
226.6
Voix de la vallée, l'émission hohinhi, Radio Bénin, journal en fon, Radio Adja ouèrè, les chansons religieuses
223.9
La voix de la vallée,radio Adjohoun , Radio adja wéré
223.9
Émission jeunesse,
Atchakpodji moeurs et pratiques régionale
223.9
Émissions sur l'état de nos routes et les réalisations, sensibilisations sur comment garder son foyer et l'hygiène de sa maison, sensibilisations sur la santé des enfants, des conseils à la radio sur l'espacement des naissances
223.9
Informations sur une bonne santé surtout des enfants
223.9
Journal
219.5
Rubriques cuisine et conseils famille
208.9
Fait divers et rubriques famille
208.9
Rubriques fait divers
208.9
Rubriques fait divers,et humour
208.9
Hovicléhoun à la radio lama
208.9
Journal 
Revue de presse 
Divertissement 
Musique 
Débat
201.4
Conseil sur le foyer 
Musique 
Prière 
Animation 
Conseil sur le commerce
194.8
Musique 
Jeux 
Conseil
194.8
Hovicléhoun sur la vallée, les prières et chansons religieuses sur Alléluia FM, des enseignements sur la santé, la famille et les actualités du monde sur radio tokpa
193.4
Le journal en fon de Dah houawé
Sur cap FM
193.4
Conseils sur le bien être du foyer
191.5
L'émission de Dossinon les dimanches à 20h sur la chaîne Adja ouèrè
181.3
Rubriques (santé, conseils pour les couples et sur l'éducation des enfants)
173.4
Rubriques Conseils pour les familles, rubriques sur l'éducation des enfants
173.4
Rubriques Conseils famille, rubriques humour
173.4
Rubriques: conseils et éducation des enfants, fait divers
173.4
Rubriques sur la famille,Fait divers
173.4
Rubriques (conseils,Fait divers)
173.4
Hovicléhoun sur radio Sedohoun
173.4
Revue de presse 
Journal 
Musique 
Émission santé 
Divertissement
173.0
Revue de presse 
Journal 
Émission journal 
Émission santé
Musique
173.0
Programme santé de famille 
Xojlajla (journal)
Hoviklehoun
173.0
Émissions sur l'éducation des jeunes filles et la santé des enfants sur la voie de la vallée, il y a aussi les émissions sur la sensibilisation des placements d'enfants à l'étranger car c'est une très très mauvaise chose
167.9
La Voix de la vallée ,Radio Adja wére
167.9
Gankeke
Journal
Nuvename wèyin dokaka
Doyin doslo
Ho hè hí
167.9
Afountoutou kpalala 
Nécrologie
160.3
Musique 
Émission sportif 
Journal 
Divertissement 
Émission santé
157.4
Rubriques éducation des enfants,et respect
154.5
Fait divers, conseil et éducation
154.5
Fait divers, éducation sur les comportements à adopter dans le foyer
154.5
Fait divers , conseil sur l'éducation des enfants et familial
154.5
Journal et sport, Animation sur l'éducation des couples
153.2
Rubriques conseils pour les foyers
135.7
Conseils famille,fait divers
135.7
Rubriques conseils pour avoir la paix et harmonie dans. Les foyers.
135.7
Fais divers, actualités, conseils pour la famille
135.7
Conte 
Journal 
Jeux radiophonique 
Émission sur la santé 
Débat contradictoire
130.5
Rubriques famille
130.5
Grand débat culturel 
Les journaux 
Publicité 
Émission des enfant 
Musique et sport
130.5
Témoignage 
Jeux radiophonique 
Journal 
Débat contradictoire 
Fait divers
130.5
Fait divers, conseils pour les familles
130.5
Conseils sur la santé familiale,sur l'éducation des enfants
130.5
Fait divers, conseils famille, humour
130.5
Journal 
Jeux radiophonique 
Fait divers 
Débat contradictoire 
Témoignage
130.5
Journal 
Publicité 
Fait divers 
Jeux radiophonique 
Chanson
130.5
Conseils sur l'entretien dans le foyer 
Prendre soin de la santé des enfants 
Fait divers 
Journal fon
Jeux radiophonique
130.5
Conseils sur l'éducation des enfants
130.5
Débat sur la santé 
Témoignage 
Fait divers 
Journal 
Débat contradictoire
130.5
Émissions sur la santé d'un foyer 

Émissions sur la planification familiale
122.6
Émissions sur le bien être de la famille 

Émissions sur la santé maternelle et infantile 

Émissions culinaires des aliments pour les enfants
122.6
Émissions sur la santé maternelle et reproductive

Émissions sur l'hygiène de la maison pour éviter les maladies
114.9
Journal 
Revue de presse 
Musique 
Émission religieuse 
Émissions sanitaire
112.0
Journal 
Revue de presse 
Musique 
Émission religieuse 
Divertissement
112.0
Émissions de jean Kassette
100.7
Revue de presse 
Journal 
Musique 
Émission sur bien être familiale 
Debat
100.7
Émission culturelle 
Jeux concours radio
Journal 
Revue de presse
100.7
Adja ouere ,la voix de la vallée
100.7
Actualités dans le monde à la radio vallée
100.7
Afountoutou kpalala :voix de la vallée 
Hwendo nan fa : voix de la vallée 
Gbemin tan: voix de la vallée
100.7
L'émission Hohêhi sur la voie de la vallée, journal en fon sur maranatha
100.7
Wendomena
Conseil sur le commerce 
Politique 
informations générales 
Musique
97.4
Prière 
Conseil sur le foyer
97.4
Journal 
Conseil sur le commerce 
Conseil sur le foyer 
Prière 
Musique
97.4
Conseil sur la famille 
Actualité 
Prière 
Musique 
Conseil général
97.4
Wendomabou 
Enseignement biblique 
Témoignage 
Musique 
Jeux
97.4
Politique 
Jeux
Musique 
Conseils concernant le foyer
97.4
Wendonifa
Journal 
Prière 
Louange et adoration 
Musique
97.4
Fait divers,et l'eucharistie du dimanche matin
96.7
Rubriques Conseils famille, fait divers
86.5
Rubriques conseils pour les couples
86.5
Rubriques conseils de famille et bien être
86.5
Rubriques éducation et conseils
86.5
Rubriques fait divers, rubriques conseils
86.5
Rubriques conseils sur l'harmonie des familles
86.5
Rubriques conseils famille
86.5
Radio Immaculée,la voix de la vallée,capp Fm
80.2
Journal, animation d'éducation, émission HOUENOU XO, Émission sur la famille
76.6
Émissions sur le bien être du foyer

Programme sur les meilleures pratiques agricoles
76.6
Des actualités sur la santé des enfants, l'hygiène sanitaire et le lavage des mains, la sensibilisation sur la planification familiale sur la voix de la vallée
75.5
Alléluia FM ,la voix de la vallée
75.5
Revue de presse 
Divertissement 
Faits divers 
Musique 
Journal
75.5
Conseils sur la vie d'un chrétien 
Théâtre sur le vivre ensemble
73.7
Revue de presse 
Émissions de distraction
70.8
Émissions sur la conciliation des foyer
Émissions sur l'alphabétisation
70.8
Enseignement biblique 

Revue de presse
70.8
Émissions éducatives pour les couples

Revue de presse
61.5
Émissions sur la planification familiale 

Émissions sur la santé de la famille
61.3
Ho hèhi : la voix de la vallée 
Hwendo na fa : ORTB
56.0
Journal 
Les émissions d'appel téléphonique
56.0
Journal 
Revue de presse 
Débat politique
Émission sport 
Musique
56.0
Journal, animation sur l'éducation famille, santé et couple
52.1
La voix de la vallée, Alléluia Fm
50.4
Xojlajla 
Adoration 
Jeux concours radio
50.4
Rubriques conseils sur l'éducation des enfants
40.1
Alléluia FM , ADJA OUERE, La voix de la vallée
40.1
La voix d ela vallé, ADJA OUERE,Radio Alafia
40.1
Revue de presse
Émissions biblique
38.3
Émissions éducatives pour les couples

Émissions éducatives pour les enfants 

Émissions sur comment espacer les naissances
38.3
Émissions sur le bien être de la famille
38.3
Programme de rire, journal, programme d' animation sur l'éducation
38.3
Journal, émission Débat, animation d'éducation, émission de couple, Houenou xo
38.3
Drouvitoto, wegnodradra  Journal, animation d'éducation
38.3
J'aime pas de Couffo, journal, soir de devinettes, animation d'éducation,  espace Musique
38.3
JOURNAL, animation sur l'éducation
38.3
JOURNAL, émission sur le Fâ, animation sur l'éducation, la conduite, l'animation sur les couples
38.3
Journal, Animation sur l'éducation, animation sur le couple
38.3
Journal, Animation sur l'éducation, xovi clehoun, animation sur les couples, les émissions de jeudi soir. Les programmes religieux du dimanche vers 6h
38.3
Émissions sur l'hygiène à adopter à la maison

Émissions sur le bien être du foyer
38.3
Animation sur l'éducation, émission téléphonique, journal
38.3
Animation sur l'éducation des familles, journal
38.3
Revue de presse 
Émissions éducatives
38.3
Journal, sport, Animation sur l'éducation, programme santé
38.3
Émissions sur comment prendre soin des enfants 

Émissions sur comment nourrir les enfants
35.4
Émissions sur comment prendre soin de la maison pour éviter les maladies
35.4
Émissions comment vivre en société 
Émissions sur le bien du foyer 
Revue de presse
35.4
Émissions sur l'agriculture, vente groupée des produits 

Émissions sur le bien être du foyer 

Émissions éducatives pour les enfants
35.4
Émissions sur les méthodes de la planification familiale 

Revue de presse
35.4
Émissions éducatives pour les jeunes

Revue de presse
35.4
Émissions sur le bien être du foyer

Émissions sur les méthodes de la planification familiale
35.4
Émissions sur l'agriculture 
Émissions sur les projets de la commune 
Émissions sur les méthodes de la planification familiale
35.4
Émissions éducatives sur le bien du foyer et celui des enfants 

Émissions sur comment espacé les naissances
35.4
Journal, espace musique, programme de couple, animation sur l'éducation et la santé
35.4
Journal, animation sur l'éducation et santé,
35.4
Journal, Xo vi clehoun, animation sur l'éducation et santé, espace Théâtre
35.4
Journal, Horoscope matinal, émission Théâtre, animation d'éducation, émission traditionnelle Fâ tout les lundi de 7h-8h
35.4
Houindo nan fa, lanmin nan non gandji , JOURNAL,
35.4
Revue de presse
35.4
Journal, animation sur l'éducation, animation santé
35.4
Journal, Conte du soir, animation d'éducation, programme devinettes
35.4
Journal, animation sur l'éducation, programme santé, espace musique
35.4
Journal, animation sur l'éducation, programme santé, programme entrepreneuriat
35.4
Journal, animation sur l'éducation, vie de couple, espace santé
35.4
Journal, animation sur la santé, et l'éducation familiale
35.4
Journal, espace éducation famille, couple, santé
35.4
Journal, animation sur l'éducation famille santé et couple, programme de gestion financière
30.6
Journal, animation sur l'éducation,famille,santé et couple, Houindo min xo, Atchakpodji, espace musique
30.6
Espace musique, Houindo min xo, Atchakpodji
30.6
Journal, animation sur l'éducation famille santé et couple, émission Houindo min xo
30.6
Émissions sur la vaccination des nouveaux nés 

Émissions sur la planification familiale 

Émissions sur l'hygiène 

Journal
30.6
Émissions sur la vaccination des nouveaux nés 

Émissions sur la santé de la famille 

Émissions culinaires 

Émissions sur l'alimentation des nouveaux nés
30.6
Journal, Atchakpodji, Houindo min xo, animation sur l'éducation santé, couple
30.6
Émissions sur comment cultiver la paix dans le foyer

Émissions sur la santé
30.6
Journal, Houindo min xo, programme santé et couple, espace musique
30.6
Journal, animation sur l'éducation des enfants, de la famille, Houindo min xo, programme santé et expériences de vie
26.0
Journal, animation sur l'éducation famille, santé et couple etc
26.0
Émissions sur la gestion du foyer
Jeux radiophoniques
26.0
Journal 
Émissions sur la santé des nouveaux nés et des mères
26.0
Journal,  Xo vi clehoun, animation sur l'éducation famille, santé et couple, programme conte
26.0
Journal, animation sur l'éducation familiale , santé et couple, programme de partage d'expériences de vie
26.0
Émissions sur l'insertion professionnelle des jeunes

Programme sur les projets de construction d'écoles dans les zones reculées
26.0
Journal, Gnonnou xo, Houindo min xo, espace musique programme santé et couple
26.0
Émissions sur comment cultiver la paix et l'harmonie dans le foyer

Émissions sur la santé des enfants. 

Émissions culinaires pour permettre aux mères de maîtriser comment cuisiner les aliments pour les enfants afin de protéger leur santé
26.0
Journal, animation sur l'éducation familiale, santé, programme de partage de vie et d'expériences
26.0
Journal, Xo baou baou de 21h-22h tous les jeudis et samedi, animation sur l'éducation famille santé et couple, et les émissions de théâtre et divertissement
26.0
Journal, animation sur l'éducation santé, famille et couple
26.0
Journal, animation sur l'éducation famille, santé et couple, Xo baou baou etc
26.0
Enlèvement des enfants 

Émissions sur la santé des enfants
26.0
Programme éducatif pour maintenir la paix et l'amour dans le foyer 

Conseils pour les couples
26.0
Programme de sensibilisation  sur les méthodes contraceptives
26.0
Conseils pour les femmes

Conseils pour les couples
26.0
Journal, revue de presse, animation sur l'éducation familiale, santé et couple, Houindo min xo
26.0
Journal, animation sur l'éducation famille, santé et couple, espace publicité
26.0
Émissions sur la santé des enfants 

Émissions sur la planification familiale 

Émissions sur les couples
26.0
Émissions sur la santé
26.0
Journal, animation sur l'éducation famille, santé, couple, revue de presse, émission de Dah hawe
26.0
Adja ouere,la voix de la vallée
25.2
ADJA OUERE,la voix de la vallée
25.2
Jeux radiophoniques 

Émissions de distraction 

Émissions sur la santé des mères et des enfants 

Conseils à l'endroit des couples
23.2
Conseils sur les méthodes contraceptives 

Conseils sur l'hygiène à adopter à la maison
23.2
Conseils sur les comportements à adopter par une femme / l'homme pour que la paix et l'amour teigne t dans son foyer

Émissions sur les avantages et inconvénients des méthodes contraceptives
23.2
Jeux radiophoniques 

Émissions de distraction 

Émissions culinaires
23.2
Émissions sur la santé de la famille 

Conseils pour les femmes au foyers
23.2
Émissions sur l'hygiène 
Émissions sur comment se porter dans le foyer
23.2
Conseils pour les jeunes filles

Conseils pour le bien être du foyer

Émissions éducatives pour les enfants
23.2
Émissions sur santé de la famille 

Conseils sur les bonnes pratiques d'hygiène à adopter à la maison
23.2
Émissions éducatives sur comment entretenir son foyer pour éviter les disputes
23.2
Émissions sur la gestion du foyer, 

Émissions sur la santé des enfants 

Émissions éducatives
23.2
Journal, Houindo min xo, programme éducation santé, famille et couple
23.2
Journal, espace musique, programme d'animations sur l'éducation de la famille, santé, Houindo min
23.2
Journal, animation sur l'éducation de la famille, la santé, couple et expériences de vie
23.2
Sensibilisation sur la planification familiale 

Programme éducatif pour la paix et l'harmonie dans le foyer
23.2
To tche xo, Journal, animation sur l'éducation familiale, santé et couple, Nou Plon min
23.2
Journal, animation sur l'éducation de la famille, santé, espace actualités,  espace musique Houindo min xo
23.2
Journal, animation sur l'éducation de la famille, santé, couple, émission sur le Fâ
23.2
Journal, animation sur l'éducation famille, santé, Houindo min xo, espace actualités
23.2
Journal, animation sur l'éducation de la famille, santé, couple, actualités,
23.2
Journal, programme d'animations sur l'éducation, famille, santé et couple
23.2
Journal, espace musique, animation sur l'éducation de la famille, santé, couple etc
23.2
Journal, xo vi clehoun, espace musique, programme d'animations sur l'éducation de la famille, santé et couple
23.2
Journal, animation sur l'éducation de  famille, santé et couple
23.2
Journal, espace sportif, Nou dje do tomin, animation d'éducation sur la famille, la santé,  espace interview des personnalités
23.2
Journal, Xo vi clehoun, animation sur l'éducation de famille, santé et couple
23.2
Revue de presse et les communiqués 

Jeux radiophoniques 

Émissions de distraction
23.2
Émissions sur la santé de la famille 

Conseils sur le bien être du foyer
21.0
Journal, espace musique, espace jeu concours, programme d'animations sur l'éducation de la famille, santé et couple
21.0
Journal, espace musique, programme d'animations sur l'éducation de la famille, santé et de, Xo boté, xo heti heti, espace de partage d'expériences de vie
21.0
Journal, revue de presse, les divertissements du soir, espace musique, programme d'animations sur l'éducation familiale, santé et couple
21.0
Conseils pour les femmes au foyer
Émissions sur la santé des enfants
21.0
Émissions sur la santé de la famille 
Sensibilisation sur les pratiques à adopter pour éviter le paludisme
21.0
Émissions sur la santé des enfants et de la famille 

Conseils sur les bonnes pratiques d'hygiène à adopter 

Sensibilisation sur le paludisme et autres maladies
21.0
Jeux radiophoniques 

Émissions de distraction
21.0
Conseils sur le bien être du foyer 

Émissions sur la santé des enfants
21.0
Journal, animation sur l'éducation familiale, l'éducation des enfants, sur la santé et couple
21.0
Journal, animation sur l'éducation de la famille, santé, espace musique, espace divertissement
21.0
Conseils sur le bien être du foyer 

Conseils sur la planification familiale
21.0
Journal, animation sur l'éducation de la famille, santé et couple, Houindo min xo
21.0
Animation sur l'éducation de la famille, santé et couple, journal, xovi clehoun, xo kpe kpe
21.0
Journal, xovi clehoun, animation sur l'éducation de la famille, sur la santé et couple, espace musique
21.0
Émissions sur santé des mères et des enfants 

Jeux radiophoniques
21.0
Journal, Xovi clehoun, Houindo min xo, espaces spirituels, animation d'éducation familiale, santé et couple
21.0
Émissions biblique 

Émissions sur santé de la famille 

Conseils sur le bien être du foyer
21.0
Journal, Houindo nan fa, programme d'animations sur l'éducation de la famille, santé, couple
21.0
Conseils pour les couples 

Revue de presse
18.4
Journal, houenou xo, programme éducation, santé , couplé
18.4
Comment éduquer les jeunes filles 

Le journal
18.4
Émissions sur les du gestion du foyer. Les droits et devoirs des conjoints
18.4
Journal, émission de BOCOVO sur Immaculée FM à 6h,  ZITI les jeudi soir 21h (Xo heti heti),
18.4
ALLOHADO FM 9h-12h( Xo ba dji) , Tonignon dimanche 10h-12h ( To tche xo), 14h dimanche allodaho ( ze daga)
18.4
Journal, émission sur l'éducation des enfants, santé, couple, espace musique, To tche xo, Atoo gbe vendredi et dimanche,
18.4
Marketing de certains produits 

Revue de presse 

Émissions biblique
18.4
Journal, Xo baou baou, To Tche xo, etc
18.4
Journal, animation sur l'éducation, santé et couple, Xo baou baou
18.4
Journal, animation sur la vie de couple de 5h radio Tonignon ( Houindo min xo), code de conduite vers 13h carrefour, émission de 14h Tonignon
18.4
Émissions sur la santé 

Comment développer le pays
18.4
Journal, To tche xo, Xo baou baou, Xo vi clehoun , gbadalisa ,
18.4
Émissions sur la gestion des apprentis
Émissions sur comment cuisiner les aliments pour en tirer profit
18.4
Théâtre 
Revue de presse 
Musique
Conseils sur comment gerer le foyer
18.4
Journal, ALLOHADO FM 23h30-01h Houindo min xo, Jeudi et samedi 21h- 22h Tonignon ( Xo baou baou),
18.4
Journal, Animation du Père BOCOVO Immaculée conception le matin, animation sur l'éducation (santé, couple, enfants)
18.4
Émissions sur comment prendre soin des enfants 

Émissions sur fabriquer les farines enrichies pour les enfants, l'hygiène à adopter et comment préparer la bouillie pour les enfants
18.4
Xo heti heti sur Tonignon, Xo vi clehoun, Gbadalisa, To tche xo
18.4
Émissions sur comment maintenir la paix dans le foyer 

Conseils aux couples
18.4
Émissions sur comment entretenir son homme pour que la paix et l'amour puisse régner dans le foyer
18.4
Journal, Xo vi clehoun, animation sur l'éducation santé et famille
18.4
Journal, Xo baou baou, To tche xo, espace musique matinal
18.4
Émission sur le bien être du foyer, comment cultiver la paix et l'amour dans le foyer
18.4
Revue de presse
Émissions sur le respect, la paix et l'harmonie dans un foyer 
Émissions éducatives pour les enfants
18.4",Unknown,"Émissions sur la planification familiale 

Conseils sur le bien être du foyer 

Conseils sur la gestion du foyer
42.3
-88
6.7
Revue de presse 
Journal
Musique 
Émission thérapie traditionnelle
Divertissement
3.8
Hoviklehoun 
Dédicace 
Programme éducation et santé 
Émission culturelle
3.8
Xojlajla 
Hinnou xo (programme famille)
Émission culturelle
3.8
Revue de presse 
Journal 
Musique 
Émission santé 
Faits divers.
3.8
Hoviklehoun 
Programme santé et famille 
Ambiance musicale
2.7
Revue de presse 
Journal
Musique
Émission santé 
Émission Harmonie familiale
2.5
Journal 
Musique
2.4
Journal 
Info sport 
Dédicace 
Hoviklehoun 
Programme santé et famille
2.3
Revue de presse
Journal 
Musique 
Émission santé 
Émission religieuse.
1.9
-99
1.7
Revue de presse 
Journal 
Musique 
Émission santé 
Émission Harmonie familiale.
1.7
Humour pour faire rire par Hervé houandékon à la radio Sedohoun 
Sensibilisation et les actualités d'ici et d'ailleurs par Robert Agoton sur la radio Lama
1.7
Hovicléhoun sur la voix de la lama
1.7
Hovicléhoun sur les radio lama et Sedohoun, des émissions sur la gestion du foyer et sur la vie de façon générale
1.3
Revue presse 
Journal 
Musique 
Émission santé 
Émission humour
1.3
Les sensibilisations sur la santé, sur la gestion des activités champêtre, sur la vie et les actualités d'ici et d'ailleurs, hoyi une émission sur les faits de la société
1.3
Fait divers
1.1
Revue de presse 
Journal 
Musique 
Faits divers
Émission religieuse
1.0
Revue de presse 
Journal 
Émission religieuse 
Émission sportif 
Divertissement (contes)
0.9
Dédicaces
Informations 
Débats religieux
0.9
Émission téléphonique 
Grogne
Dédicace
0.9
Revue de presse 
Journal 
Musique 
Émission humour
Émission société.
0.8
Hovicléhoun sur la radio la voix de la vallée, les blagues et les humour sur la radio la voix de la vallée les mercredis et jeudi
0.6
Revue de presse 
Journal 
Musique 
Émission Santé 
Émission culturelle.
0.6
Lan min nan non gandji: voix de la vallée 
Revue de presse 
Journal
0.5
Whindomin man bou
Lan min nan non gandji
Hoviklehoun
0.5
Les émissions sur l'alimentation des enfants, l'hygiène domestique, la santé de la mère et de l'enfant, et les actualités
0.5
Musique,
Journal, 
Revue de presse,
Divertissement,
Émission religieux
0.5
Journal 
Revue de presse 
Divertissement 
Musique
0.5
Rubriques conseils sur l'éducation des enfants
0.4
Rubriques fait divers et sur l'éducation des enfants
0.4
Fait divers,conseils et humour
0.4
Conseils sur la famille
0.4
Conseil pour un couple épanouie
0.4
Conseils famille
0.4
Revue de presse 
Journal 
Musique 
Débat 
Faits divers
0.3
Hohêhi sur la vallée 
Éducation des enfants sur Adja ouèrè, les sensibilisations sur comment gérer son foyer sur Adja ouèrè
0.3
Rubriques santé des enfants, conseils famille
0.3
Conseils famille et enfants
0.3
Radio Immaculée,ADJA OUERE,La VOIX de la Vallée
0.1
La voix de la vallée, Fait divers, actualités
0.1","Émissions sur la planification familiale 

Conseils sur le bien être du foyer 

Conseils sur la gestion du foyer
1
-88
4
Revue de presse 
Journal
Musique 
Émission thérapie traditionnelle
Divertissement
1
Hoviklehoun 
Dédicace 
Programme éducation et santé 
Émission culturelle
1
Xojlajla 
Hinnou xo (programme famille)
Émission culturelle
1
Revue de presse 
Journal 
Musique 
Émission santé 
Faits divers.
1
Hoviklehoun 
Programme santé et famille 
Ambiance musicale
1
Revue de presse 
Journal
Musique
Émission santé 
Émission Harmonie familiale
1
Journal 
Musique
1
Journal 
Info sport 
Dédicace 
Hoviklehoun 
Programme santé et famille
1
Revue de presse
Journal 
Musique 
Émission santé 
Émission religieuse.
1
-99
1
Revue de presse 
Journal 
Musique 
Émission santé 
Émission Harmonie familiale.
1
Humour pour faire rire par Hervé houandékon à la radio Sedohoun 
Sensibilisation et les actualités d'ici et d'ailleurs par Robert Agoton sur la radio Lama
1
Hovicléhoun sur la voix de la lama
1
Hovicléhoun sur les radio lama et Sedohoun, des émissions sur la gestion du foyer et sur la vie de façon générale
1
Revue presse 
Journal 
Musique 
Émission santé 
Émission humour
1
Les sensibilisations sur la santé, sur la gestion des activités champêtre, sur la vie et les actualités d'ici et d'ailleurs, hoyi une émission sur les faits de la société
1
Fait divers
3
Revue de presse 
Journal 
Musique 
Faits divers
Émission religieuse
1
Revue de presse 
Journal 
Émission religieuse 
Émission sportif 
Divertissement (contes)
1
Dédicaces
Informations 
Débats religieux
1
Émission téléphonique 
Grogne
Dédicace
1
Revue de presse 
Journal 
Musique 
Émission humour
Émission société.
1
Hovicléhoun sur la radio la voix de la vallée, les blagues et les humour sur la radio la voix de la vallée les mercredis et jeudi
1
Revue de presse 
Journal 
Musique 
Émission Santé 
Émission culturelle.
1
Lan min nan non gandji: voix de la vallée 
Revue de presse 
Journal
1
Whindomin man bou
Lan min nan non gandji
Hoviklehoun
1
Les émissions sur l'alimentation des enfants, l'hygiène domestique, la santé de la mère et de l'enfant, et les actualités
1
Musique,
Journal, 
Revue de presse,
Divertissement,
Émission religieux
1
Journal 
Revue de presse 
Divertissement 
Musique
1
Rubriques conseils sur l'éducation des enfants
1
Rubriques fait divers et sur l'éducation des enfants
1
Fait divers,conseils et humour
1
Conseils sur la famille
1
Conseil pour un couple épanouie
1
Conseils famille
1
Revue de presse 
Journal 
Musique 
Débat 
Faits divers
1
Hohêhi sur la vallée 
Éducation des enfants sur Adja ouèrè, les sensibilisations sur comment gérer son foyer sur Adja ouèrè
1
Rubriques santé des enfants, conseils famille
1
Conseils famille et enfants
1
Radio Immaculée,ADJA OUERE,La VOIX de la Vallée
1
La voix de la vallée, Fait divers, actualités
1","Émissions sur la planification familiale 

Conseils sur le bien être du foyer 

Conseils sur la gestion du foyer
14643.1
-88
2325.5
Revue de presse 
Journal
Musique 
Émission thérapie traditionnelle
Divertissement
1323.4
Hoviklehoun 
Dédicace 
Programme éducation et santé 
Émission culturelle
1323.4
Xojlajla 
Hinnou xo (programme famille)
Émission culturelle
1323.4
Revue de presse 
Journal 
Musique 
Émission santé 
Faits divers.
1323.4
Hoviklehoun 
Programme santé et famille 
Ambiance musicale
939.9
Revue de presse 
Journal
Musique
Émission santé 
Émission Harmonie familiale
870.3
Journal 
Musique
835.5
Journal 
Info sport 
Dédicace 
Hoviklehoun 
Programme santé et famille
784.2
Revue de presse
Journal 
Musique 
Émission santé 
Émission religieuse.
661.7
-99
588.2
Revue de presse 
Journal 
Musique 
Émission santé 
Émission Harmonie familiale.
588.2
Humour pour faire rire par Hervé houandékon à la radio Sedohoun 
Sensibilisation et les actualités d'ici et d'ailleurs par Robert Agoton sur la radio Lama
588.2
Hovicléhoun sur la voix de la lama
588.2
Hovicléhoun sur les radio lama et Sedohoun, des émissions sur la gestion du foyer et sur la vie de façon générale
441.1
Revue presse 
Journal 
Musique 
Émission santé 
Émission humour
441.1
Les sensibilisations sur la santé, sur la gestion des activités champêtre, sur la vie et les actualités d'ici et d'ailleurs, hoyi une émission sur les faits de la société
435.2
Fait divers
390.8
Revue de presse 
Journal 
Musique 
Faits divers
Émission religieuse
360.8
Revue de presse 
Journal 
Émission religieuse 
Émission sportif 
Divertissement (contes)
320.7
Dédicaces
Informations 
Débats religieux
294.1
Émission téléphonique 
Grogne
Dédicace
294.1
Revue de presse 
Journal 
Musique 
Émission humour
Émission société.
290.1
Hovicléhoun sur la radio la voix de la vallée, les blagues et les humour sur la radio la voix de la vallée les mercredis et jeudi
193.4
Revue de presse 
Journal 
Musique 
Émission Santé 
Émission culturelle.
193.4
Lan min nan non gandji: voix de la vallée 
Revue de presse 
Journal
180.4
Whindomin man bou
Lan min nan non gandji
Hoviklehoun
180.4
Les émissions sur l'alimentation des enfants, l'hygiène domestique, la santé de la mère et de l'enfant, et les actualités
160.3
Musique,
Journal, 
Revue de presse,
Divertissement,
Émission religieux
160.3
Journal 
Revue de presse 
Divertissement 
Musique
160.3
Rubriques conseils sur l'éducation des enfants
147.0
Rubriques fait divers et sur l'éducation des enfants
147.0
Fait divers,conseils et humour
147.0
Conseils sur la famille
147.0
Conseil pour un couple épanouie
147.0
Conseils famille
135.7
Revue de presse 
Journal 
Musique 
Débat 
Faits divers
120.3
Hohêhi sur la vallée 
Éducation des enfants sur Adja ouèrè, les sensibilisations sur comment gérer son foyer sur Adja ouèrè
120.3
Rubriques santé des enfants, conseils famille
96.7
Conseils famille et enfants
96.7
Radio Immaculée,ADJA OUERE,La VOIX de la Vallée
40.1
La voix de la vallée, Fait divers, actualités
40.1",Unknown,"-88
38.7
Musique informations narration témoignage
4.0
Narration témoignage
3.3
Musique émission publicité narration témoignage
3.3
Émission publicité journal
2.5
Musique émission publicité journal
2.5
Musique émission publicité narration
2.2
Journal, sport, santé
2.1
Intervew musique émission publicité journal
2.0
Émission publicité narration témoignage
2.0
Musique émission publicité
2.0
Sport, santé,
1.6
Intervew musique informations émission publicité
1.3
Santé, journal ,
1.3
Santé, conte
1.3
Musique émission publicité journal informations
1.1
Sport, santé et journal
1.0
Santé, journal, sport
1.0
Musique, émission, publicité, narration
1.0
Émission publicité témoignage informations
1.0
Témoignage narration publicité
1.0
-99
1.0
Témoignage émission narration publicité
1.0
Musique informations publicité témoignage
0.7
Musique émission publicité informations
0.7
Musique émission informations
0.7
Narration témoignage émission informations
0.6
Musique émission publicité journal narration
0.6
Narration témoignage émission
0.6
Musique émission journal narration publicité
0.5
Journal informations musique émission narration
0.5
Journal, musique, publicité
0.5
Sport
0.5
Sport, loisirs, religion
0.5
Musique, émission, publicité,
0.5
Musique, émission, journal
0.5
Musique émission publicité, journal, informations
0.5
Musique informations publicité journal narration
0.5
Musique émission journal informations
0.5
Musique, émission, publicité,narration,
0.5
Musique, émission, narration
0.5
Émission, musique, narration,
0.5
Émission, publicité, annonces , musique, narration
0.5
Santé, football, éducation
0.5
Émission publicité
0.5
Santé, journal,sport
0.5
Football, journal, santé
0.5
Émission, publicité, narration
0.5
Narration, publicité
0.5
Musique, émission narration publicité
0.5
Journal,santé et sport
0.5
Le sport, santé ,conte
0.4
Conte, santé, l'éducation
0.4
Musique émission publicité témoignage
0.4
Émission publicité informations
0.4
Musique émission témoignage
0.4
Témoignage émission publicité narration
0.4
Informations, publicité, narration
0.4
Témoignage émission informations publicité
0.3
Témoignage émission narration publicité informations
0.3
Témoignage informations narration publicité
0.3
Témoignage informations narration
0.3
Sport, santé, conte
0.3
Narration témoignage émission musique
0.3
Émission, publicité narration témoignage
0.3
Narration émission publicité informations
0.3
Émission narration publicité informations
0.3
Musique émission publicité narration publicité informations
0.3
Narration témoignage émission publicité informations
0.3
Narration témoignage informations
0.3","-88
60
Musique informations narration témoignage
1
Narration témoignage
1
Musique émission publicité narration témoignage
7
Émission publicité journal
2
Musique émission publicité journal
2
Musique émission publicité narration
5
Journal, sport, santé
1
Intervew musique émission publicité journal
1
Émission publicité narration témoignage
4
Musique émission publicité
2
Sport, santé,
2
Intervew musique informations émission publicité
1
Santé, journal ,
1
Santé, conte
1
Musique émission publicité journal informations
2
Sport, santé et journal
2
Santé, journal, sport
2
Musique, émission, publicité, narration
2
Émission publicité témoignage informations
1
Témoignage narration publicité
1
-99
3
Témoignage émission narration publicité
2
Musique informations publicité témoignage
2
Musique émission publicité informations
2
Musique émission informations
2
Narration témoignage émission informations
2
Musique émission publicité journal narration
2
Narration témoignage émission
2
Musique émission journal narration publicité
1
Journal informations musique émission narration
1
Journal, musique, publicité
1
Sport
1
Sport, loisirs, religion
1
Musique, émission, publicité,
1
Musique, émission, journal
1
Musique émission publicité, journal, informations
1
Musique informations publicité journal narration
1
Musique émission journal informations
1
Musique, émission, publicité,narration,
1
Musique, émission, narration
1
Émission, musique, narration,
1
Émission, publicité, annonces , musique, narration
1
Santé, football, éducation
1
Émission publicité
1
Santé, journal,sport
1
Football, journal, santé
1
Émission, publicité, narration
1
Narration, publicité
1
Musique, émission narration publicité
1
Journal,santé et sport
1
Le sport, santé ,conte
1
Conte, santé, l'éducation
1
Musique émission publicité témoignage
1
Émission publicité informations
1
Musique émission témoignage
1
Témoignage émission publicité narration
1
Informations, publicité, narration
1
Témoignage émission informations publicité
1
Témoignage émission narration publicité informations
1
Témoignage informations narration publicité
1
Témoignage informations narration
1
Sport, santé, conte
1
Narration témoignage émission musique
1
Émission, publicité narration témoignage
1
Narration émission publicité informations
1
Émission narration publicité informations
1
Musique émission publicité narration publicité informations
1
Narration témoignage émission publicité informations
1
Narration témoignage informations
1","-88
127500.1
Musique informations narration témoignage
13288.5
Narration témoignage
10991.4
Musique émission publicité narration témoignage
10774.1
Émission publicité journal
8239.1
Musique émission publicité journal
8239.1
Musique émission publicité narration
7200.9
Journal, sport, santé
7017.8
Intervew musique émission publicité journal
6644.3
Émission publicité narration témoignage
6501.9
Musique émission publicité
6490.8
Sport, santé,
5254.5
Intervew musique informations émission publicité
4257.7
Santé, journal ,
4257.7
Santé, conte
4203.6
Musique émission publicité journal informations
3508.9
Sport, santé et journal
3453.2
Santé, journal, sport
3453.2
Musique, émission, publicité, narration
3397.5
Émission publicité témoignage informations
3322.1
Témoignage narration publicité
3322.1
-99
3193.3
Témoignage émission narration publicité
3166.2
Musique informations publicité témoignage
2285.7
Musique émission publicité informations
2285.7
Musique émission informations
2272.2
Narration témoignage émission informations
2115.3
Musique émission publicité journal narration
2101.8
Narration témoignage émission
2101.8
Musique émission journal narration publicité
1754.5
Journal informations musique émission narration
1754.5
Journal, musique, publicité
1754.5
Sport
1754.5
Sport, loisirs, religion
1754.5
Musique, émission, publicité,
1754.5
Musique, émission, journal
1754.5
Musique émission publicité, journal, informations
1754.5
Musique informations publicité journal narration
1754.5
Musique émission journal informations
1754.5
Musique, émission, publicité,narration,
1698.8
Musique, émission, narration
1698.8
Émission, musique, narration,
1698.8
Émission, publicité, annonces , musique, narration
1698.8
Santé, football, éducation
1698.8
Émission publicité
1605.7
Santé, journal,sport
1605.7
Football, journal, santé
1605.7
Émission, publicité, narration
1605.7
Narration, publicité
1605.7
Musique, émission narration publicité
1605.7
Journal,santé et sport
1605.7
Le sport, santé ,conte
1221.3
Conte, santé, l'éducation
1221.3
Musique émission publicité témoignage
1221.3
Émission publicité informations
1221.3
Musique émission témoignage
1221.3
Témoignage émission publicité narration
1221.3
Informations, publicité, narration
1221.3
Témoignage émission informations publicité
1064.4
Témoignage émission narration publicité informations
1064.4
Témoignage informations narration publicité
1064.4
Témoignage informations narration
1064.4
Sport, santé, conte
1064.4
Narration témoignage émission musique
1064.4
Émission, publicité narration témoignage
1064.4
Narration émission publicité informations
1050.9
Émission narration publicité informations
1050.9
Musique émission publicité narration publicité informations
1050.9
Narration témoignage émission publicité informations
1050.9
Narration témoignage informations
1050.9",Unknown,"Revue de presse 
Journal
Musique 
Grogne matinale
Émission de divertissement.
10.3
Revue de presse 
Journal 
Émission Société 
Faits divers 
Musique
10.3
Politique
Chanson
Éducation sur le foyer
Demande de clip aux gens
Les histoires
5.7
Revue de presse 
Journal 
Musique 
Émission société
Faits divers
5.2
Revue de presse
Journal 
Musique 
Émission santé 
Émission Harmonie familiale
4.6
Revue de presse 
Journal 
Musique 
Émission santé 
Émission Harmonie familiale
4.6
Revue de presse 
Journal 
Émission santé 
Émission sportif 
Émission religieuse
4.6
Revue de presse 
Journal
Musique 
Émission santé 
Émission Harmonie familiale
4.6
Revue de presse 
Journal 
Émission Harmonie familiale 
Émission santé
Émission humour.
4.6
Revue de presse 
Journal 
Musique 
Émission Harmonie familiale 
Émission société
4.6
Revue de presse 
Journal 
Musique
Émission Harmonie familiale 
Faits divers.
4.6
Revue de presse 
Journal 
Musique 
Émission santé 
Faits divers
3.4
Revue de presse 
Journal
Musique 
Faits divers
2.3
Revue de presse 
Journal
Grogne
Émission santé
Émission Harmonie familiale
2.3
Santé des enfants
Planningdm
Santé maternelle
Santé générale
Sensibiliser sur la prise des médicaments
2.3
Hoviclehoun
Jeux : Un voleur un mouton 
Jeux: adjemin
Conseil 
Musique
2.3
Adoration 
Journal 
Leçon de vie
Éducation 
Distraction
2.3
Revue de presse 
Journal 
Musique 
Émission société 
Faits divers
2.3
Programme santé et famille 
Programme éducation sociale 
Journal 
Dédicace 
Émission culturelle
1.5
Journal 
Programmes santé et famille 
Programme éducation sociale 
Débat d'actualité
1.5
Culture et divertissement 
Journal 
Débats 
Dédicace
1.5
Le grogne matinal
Les jeux
Les dédicaces 
Miwamidoho
Musique
1.1
Nouklonme: conseils
Musique
1.1
Wendomabou
Parole de Dieu
Adoration et louande
Journal de dah wahoue
Émission su le foyer
1.1
Conseil sur le foyer
Nouyounto hassoun
Un voleur un mouton 
Yoyoomhounba
Journal
1.1
Conseil sur le foyer
Louange 
Prière mariale
Chapelaire
Musique traditionnelle
1.1
Éducation 
Prière 
Louange 
Distraction 
Jeux
1.1
Conseil 
Musique 
Publicité
1.1
Conseil 
Musique 
Jeux 
Coeur qui saigne 
As de coeur
1.1
Musique
1.1
Awadjidjê sur la radio Gbètin 
Jusqu'au panier sur la radio Gbètin 
Hozédoatêdji sur la radio Gbètin et Kpassè 
Les publicités et les émissions sur la santé sur Gbètin
0.7
Les devinettes et histoire sur radio Kpassè 
Faits divers et actualités sur radio Gbètin 
Émissions sur la santé et la gestion des foyers sur radio Gbètin
0.7
Journal 
Affaire du ménage 
Publicité 
Fait divers 
Débat contradictoire
0.7
-88
0.3
Hozédoatêdji sur la radio Gbètin 
Publicités, annonces et actualités sur radio Kpassè
0.3
Hovicléhoun 
Wassého sur capp fm
0.3
Publicité 
Fait divers 
Journal 
Débat contradictoire 
Jeux radiophonique
0.2
Journal fon 
Publicité 
Fait divers 
Débat contradictoire 
Débat radiophonique
0.2
Journal 
Émission sur éducation 
Publicité 
Fait divers 
Grogne
0.2
Journal 
Publicité 
Les anciens musique 
Débat contradictoire 
Fait divers
0.2
Enseignements sur la famille, la gestion du foyer et la santé sur la radio Gbètin 
Les actualités, publicités et autres choses sur Kpassè
0.2
Dédicace 
Journal 
Publicité 
Fait divers 
Débat contradictoire
0.2
Conseils pour le bien être d'une famille
0.2
Conseil pour la famille pour avoir la paix dans son foyer
0.2
Émission grogne 
Enseignement 
Fait divers 
Publicité 
Témoignage
0.2","Revue de presse 
Journal
Musique 
Grogne matinale
Émission de divertissement.
1
Revue de presse 
Journal 
Émission Société 
Faits divers 
Musique
1
Politique
Chanson
Éducation sur le foyer
Demande de clip aux gens
Les histoires
1
Revue de presse 
Journal 
Musique 
Émission société
Faits divers
1
Revue de presse
Journal 
Musique 
Émission santé 
Émission Harmonie familiale
1
Revue de presse 
Journal 
Musique 
Émission santé 
Émission Harmonie familiale
1
Revue de presse 
Journal 
Émission santé 
Émission sportif 
Émission religieuse
1
Revue de presse 
Journal
Musique 
Émission santé 
Émission Harmonie familiale
1
Revue de presse 
Journal 
Émission Harmonie familiale 
Émission santé
Émission humour.
1
Revue de presse 
Journal 
Musique 
Émission Harmonie familiale 
Émission société
1
Revue de presse 
Journal 
Musique
Émission Harmonie familiale 
Faits divers.
1
Revue de presse 
Journal 
Musique 
Émission santé 
Faits divers
1
Revue de presse 
Journal
Musique 
Faits divers
1
Revue de presse 
Journal
Grogne
Émission santé
Émission Harmonie familiale
1
Santé des enfants
Planningdm
Santé maternelle
Santé générale
Sensibiliser sur la prise des médicaments
1
Hoviclehoun
Jeux : Un voleur un mouton 
Jeux: adjemin
Conseil 
Musique
1
Adoration 
Journal 
Leçon de vie
Éducation 
Distraction
1
Revue de presse 
Journal 
Musique 
Émission société 
Faits divers
1
Programme santé et famille 
Programme éducation sociale 
Journal 
Dédicace 
Émission culturelle
1
Journal 
Programmes santé et famille 
Programme éducation sociale 
Débat d'actualité
1
Culture et divertissement 
Journal 
Débats 
Dédicace
1
Le grogne matinal
Les jeux
Les dédicaces 
Miwamidoho
Musique
1
Nouklonme: conseils
Musique
1
Wendomabou
Parole de Dieu
Adoration et louande
Journal de dah wahoue
Émission su le foyer
1
Conseil sur le foyer
Nouyounto hassoun
Un voleur un mouton 
Yoyoomhounba
Journal
1
Conseil sur le foyer
Louange 
Prière mariale
Chapelaire
Musique traditionnelle
1
Éducation 
Prière 
Louange 
Distraction 
Jeux
1
Conseil 
Musique 
Publicité
1
Conseil 
Musique 
Jeux 
Coeur qui saigne 
As de coeur
1
Musique
1
Awadjidjê sur la radio Gbètin 
Jusqu'au panier sur la radio Gbètin 
Hozédoatêdji sur la radio Gbètin et Kpassè 
Les publicités et les émissions sur la santé sur Gbètin
1
Les devinettes et histoire sur radio Kpassè 
Faits divers et actualités sur radio Gbètin 
Émissions sur la santé et la gestion des foyers sur radio Gbètin
1
Journal 
Affaire du ménage 
Publicité 
Fait divers 
Débat contradictoire
1
-88
1
Hozédoatêdji sur la radio Gbètin 
Publicités, annonces et actualités sur radio Kpassè
1
Hovicléhoun 
Wassého sur capp fm
1
Publicité 
Fait divers 
Journal 
Débat contradictoire 
Jeux radiophonique
1
Journal fon 
Publicité 
Fait divers 
Débat contradictoire 
Débat radiophonique
1
Journal 
Émission sur éducation 
Publicité 
Fait divers 
Grogne
1
Journal 
Publicité 
Les anciens musique 
Débat contradictoire 
Fait divers
1
Enseignements sur la famille, la gestion du foyer et la santé sur la radio Gbètin 
Les actualités, publicités et autres choses sur Kpassè
1
Dédicace 
Journal 
Publicité 
Fait divers 
Débat contradictoire
1
Conseils pour le bien être d'une famille
1
Conseil pour la famille pour avoir la paix dans son foyer
1
Émission grogne 
Enseignement 
Fait divers 
Publicité 
Témoignage
1","Revue de presse 
Journal
Musique 
Grogne matinale
Émission de divertissement.
5098.6
Revue de presse 
Journal 
Émission Société 
Faits divers 
Musique
5098.6
Politique
Chanson
Éducation sur le foyer
Demande de clip aux gens
Les histoires
2832.6
Revue de presse 
Journal 
Musique 
Émission société
Faits divers
2549.3
Revue de presse
Journal 
Musique 
Émission santé 
Émission Harmonie familiale
2266.1
Revue de presse 
Journal 
Musique 
Émission santé 
Émission Harmonie familiale
2266.1
Revue de presse 
Journal 
Émission santé 
Émission sportif 
Émission religieuse
2266.1
Revue de presse 
Journal
Musique 
Émission santé 
Émission Harmonie familiale
2266.1
Revue de presse 
Journal 
Émission Harmonie familiale 
Émission santé
Émission humour.
2266.1
Revue de presse 
Journal 
Musique 
Émission Harmonie familiale 
Émission société
2266.1
Revue de presse 
Journal 
Musique
Émission Harmonie familiale 
Faits divers.
2266.1
Revue de presse 
Journal 
Musique 
Émission santé 
Faits divers
1699.5
Revue de presse 
Journal
Musique 
Faits divers
1133.0
Revue de presse 
Journal
Grogne
Émission santé
Émission Harmonie familiale
1133.0
Santé des enfants
Planningdm
Santé maternelle
Santé générale
Sensibiliser sur la prise des médicaments
1133.0
Hoviclehoun
Jeux : Un voleur un mouton 
Jeux: adjemin
Conseil 
Musique
1133.0
Adoration 
Journal 
Leçon de vie
Éducation 
Distraction
1133.0
Revue de presse 
Journal 
Musique 
Émission société 
Faits divers
1133.0
Programme santé et famille 
Programme éducation sociale 
Journal 
Dédicace 
Émission culturelle
727.7
Journal 
Programmes santé et famille 
Programme éducation sociale 
Débat d'actualité
727.7
Culture et divertissement 
Journal 
Débats 
Dédicace
727.7
Le grogne matinal
Les jeux
Les dédicaces 
Miwamidoho
Musique
566.5
Nouklonme: conseils
Musique
566.5
Wendomabou
Parole de Dieu
Adoration et louande
Journal de dah wahoue
Émission su le foyer
566.5
Conseil sur le foyer
Nouyounto hassoun
Un voleur un mouton 
Yoyoomhounba
Journal
566.5
Conseil sur le foyer
Louange 
Prière mariale
Chapelaire
Musique traditionnelle
566.5
Éducation 
Prière 
Louange 
Distraction 
Jeux
566.5
Conseil 
Musique 
Publicité
566.5
Conseil 
Musique 
Jeux 
Coeur qui saigne 
As de coeur
566.5
Musique
566.5
Awadjidjê sur la radio Gbètin 
Jusqu'au panier sur la radio Gbètin 
Hozédoatêdji sur la radio Gbètin et Kpassè 
Les publicités et les émissions sur la santé sur Gbètin
363.8
Les devinettes et histoire sur radio Kpassè 
Faits divers et actualités sur radio Gbètin 
Émissions sur la santé et la gestion des foyers sur radio Gbètin
323.4
Journal 
Affaire du ménage 
Publicité 
Fait divers 
Débat contradictoire
323.4
-88
161.7
Hozédoatêdji sur la radio Gbètin 
Publicités, annonces et actualités sur radio Kpassè
161.7
Hovicléhoun 
Wassého sur capp fm
161.7
Publicité 
Fait divers 
Journal 
Débat contradictoire 
Jeux radiophonique
80.9
Journal fon 
Publicité 
Fait divers 
Débat contradictoire 
Débat radiophonique
80.9
Journal 
Émission sur éducation 
Publicité 
Fait divers 
Grogne
80.9
Journal 
Publicité 
Les anciens musique 
Débat contradictoire 
Fait divers
80.9
Enseignements sur la famille, la gestion du foyer et la santé sur la radio Gbètin 
Les actualités, publicités et autres choses sur Kpassè
80.9
Dédicace 
Journal 
Publicité 
Fait divers 
Débat contradictoire
80.9
Conseils pour le bien être d'une famille
80.9
Conseil pour la famille pour avoir la paix dans son foyer
80.9
Émission grogne 
Enseignement 
Fait divers 
Publicité 
Témoignage
80.9",Unknown,"-88
14.3
Journal, animation sur l'éducation de la famille, santé, couple, émission d'expériences de vie
14.3
Journal, animation sur l'éducation de la famille, santé, vie  de couple
14.3
Journal, programme sur la santé, espace éducation, musique, Houindo xo, espace spirituel
14.3
Émissions de distraction 

Jeux radiophoniques 

Émissions sur la santé de la famille
14.3
Émissions sur la santé de la famille 

Jeux radiophoniques 

Émissions de distraction
14.3
Émissions sur les avantages des méthodes contraceptives 

Conseils pour le bien être du foyer
14.3","-88
1
Journal, animation sur l'éducation de la famille, santé, couple, émission d'expériences de vie
1
Journal, animation sur l'éducation de la famille, santé, vie  de couple
1
Journal, programme sur la santé, espace éducation, musique, Houindo xo, espace spirituel
1
Émissions de distraction 

Jeux radiophoniques 

Émissions sur la santé de la famille
1
Émissions sur la santé de la famille 

Jeux radiophoniques 

Émissions de distraction
1
Émissions sur les avantages des méthodes contraceptives 

Conseils pour le bien être du foyer
1","-88
21.0
Journal, animation sur l'éducation de la famille, santé, couple, émission d'expériences de vie
21.0
Journal, animation sur l'éducation de la famille, santé, vie  de couple
21.0
Journal, programme sur la santé, espace éducation, musique, Houindo xo, espace spirituel
21.0
Émissions de distraction 

Jeux radiophoniques 

Émissions sur la santé de la famille
21.0
Émissions sur la santé de la famille 

Jeux radiophoniques 

Émissions de distraction
21.0
Émissions sur les avantages des méthodes contraceptives 

Conseils pour le bien être du foyer
21.0",Unknown,"-99
21.7
Émission programme santé et famille 
Louange 
Débats sur les actualités
21.5
Revue de presse,
Journal 
Musique,
Émission santé
Divertissement
21.5
Journal 
Émission programme santé et diversité culturelle
12.1
Afountoutou kpalala : voix de la vallée 
Xojlajla
4.0
Journal en fon
Sensibilisation 
Débats ouvert au public 
Hoviklehoun
4.0
Journal 
Musique 
Divertissement 
Louange
2.2
Xojlajla 
Musique 
Émission programme santé 
Hwendo xo
1.7
Conseils pour les familles et pour l'éducation des enfants
1.3
Fait divers, conseil famille
1.3
Conseils pour la paix et l'harmonie dans le couple
0.9
Conseils pour les couples

Conseils sur le bien être d u foyer

Conseils sur l'hygiène et l'alimentation
0.9
Journal, animation sur l'éducation, famille, Xo bassa, programme santé
0.4
Animation sur l'éducation famille santé et couple, journal
0.4
Atchakpodji, Vi do dodji, animation sur l'éducation, la famille et les émissions spirituelles du soir
0.4
Journal, revue de presse, animation sur l'éducation famille santé et couple
0.4
Journal, animation sur l'éducation, la famille, la santé
0.4
Journal, animation sur l'éducation, famille, santé, couple
0.4
Journal, animation sur l'éducation, famille, santé , l' émission des invités des personnels de santé
0.4
Journal, animation sur l'éducation famille santé et couple
0.4
Journal, animation sur l'éducation famille,  émission santé 10h-11h ( lundi, jeudi, vendredi) sur Tonnanse, couple,
0.4
Comment se comporter dans le foyer pour éviter les disputes
0.4
Comment une femme au foyer doit gérer son foyer pour éviter les disputes 

Conseils sur la santé de la famille en général 

Revue de presse
0.4
Conseils aux femmes  sur comment gérer son foyer
0.4
Journal 

Conseils sur la planification familiale
0.4
Hygiène à la maison 

Santé 

Conseils pour les couples
0.4
Conseils sur la planification familiale 

Se rendre toujours à l'hôpital avant de choisir une méthode
0.4
Émissions sur l'agriculture 
Jeux radiophoniques
0.4","-99
1
Émission programme santé et famille 
Louange 
Débats sur les actualités
1
Revue de presse,
Journal 
Musique,
Émission santé
Divertissement
1
Journal 
Émission programme santé et diversité culturelle
1
Afountoutou kpalala : voix de la vallée 
Xojlajla
1
Journal en fon
Sensibilisation 
Débats ouvert au public 
Hoviklehoun
1
Journal 
Musique 
Divertissement 
Louange
1
Xojlajla 
Musique 
Émission programme santé 
Hwendo xo
1
Conseils pour les familles et pour l'éducation des enfants
1
Fait divers, conseil famille
1
Conseils pour la paix et l'harmonie dans le couple
1
Conseils pour les couples

Conseils sur le bien être d u foyer

Conseils sur l'hygiène et l'alimentation
1
Journal, animation sur l'éducation, famille, Xo bassa, programme santé
1
Animation sur l'éducation famille santé et couple, journal
1
Atchakpodji, Vi do dodji, animation sur l'éducation, la famille et les émissions spirituelles du soir
1
Journal, revue de presse, animation sur l'éducation famille santé et couple
1
Journal, animation sur l'éducation, la famille, la santé
1
Journal, animation sur l'éducation, famille, santé, couple
1
Journal, animation sur l'éducation, famille, santé , l' émission des invités des personnels de santé
1
Journal, animation sur l'éducation famille santé et couple
1
Journal, animation sur l'éducation famille,  émission santé 10h-11h ( lundi, jeudi, vendredi) sur Tonnanse, couple,
1
Comment se comporter dans le foyer pour éviter les disputes
1
Comment une femme au foyer doit gérer son foyer pour éviter les disputes 

Conseils sur la santé de la famille en général 

Revue de presse
1
Conseils aux femmes  sur comment gérer son foyer
1
Journal 

Conseils sur la planification familiale
1
Hygiène à la maison 

Santé 

Conseils pour les couples
1
Conseils sur la planification familiale 

Se rendre toujours à l'hôpital avant de choisir une méthode
1
Émissions sur l'agriculture 
Jeux radiophoniques
1","-99
1560.9
Émission programme santé et famille 
Louange 
Débats sur les actualités
1547.3
Revue de presse,
Journal 
Musique,
Émission santé
Divertissement
1547.3
Journal 
Émission programme santé et diversité culturelle
870.3
Afountoutou kpalala : voix de la vallée 
Xojlajla
290.1
Journal en fon
Sensibilisation 
Débats ouvert au public 
Hoviklehoun
290.1
Journal 
Musique 
Divertissement 
Louange
160.3
Xojlajla 
Musique 
Émission programme santé 
Hwendo xo
120.3
Conseils pour les familles et pour l'éducation des enfants
96.7
Fait divers, conseil famille
96.7
Conseils pour la paix et l'harmonie dans le couple
61.3
Conseils pour les couples

Conseils sur le bien être d u foyer

Conseils sur l'hygiène et l'alimentation
61.3
Journal, animation sur l'éducation, famille, Xo bassa, programme santé
30.6
Animation sur l'éducation famille santé et couple, journal
30.6
Atchakpodji, Vi do dodji, animation sur l'éducation, la famille et les émissions spirituelles du soir
30.6
Journal, revue de presse, animation sur l'éducation famille santé et couple
30.6
Journal, animation sur l'éducation, la famille, la santé
30.6
Journal, animation sur l'éducation, famille, santé, couple
30.6
Journal, animation sur l'éducation, famille, santé , l' émission des invités des personnels de santé
30.6
Journal, animation sur l'éducation famille santé et couple
30.6
Journal, animation sur l'éducation famille,  émission santé 10h-11h ( lundi, jeudi, vendredi) sur Tonnanse, couple,
30.6
Comment se comporter dans le foyer pour éviter les disputes
30.6
Comment une femme au foyer doit gérer son foyer pour éviter les disputes 

Conseils sur la santé de la famille en général 

Revue de presse
30.6
Conseils aux femmes  sur comment gérer son foyer
30.6
Journal 

Conseils sur la planification familiale
30.6
Hygiène à la maison 

Santé 

Conseils pour les couples
30.6
Conseils sur la planification familiale 

Se rendre toujours à l'hôpital avant de choisir une méthode
30.6
Émissions sur l'agriculture 
Jeux radiophoniques
30.6",Unknown,"Revue de presse 
Journal 
Musique 
Débat politique 
Émission santé.
50.0
Musique 
Revue de presse 
Journal 
Émission Harmonie familiale 
Émission santé.
25.0
Conseil sur le foyer 
Musique 
Dédicaces 
Jeux
12.5
Politique 
Journal 
Conseil 
Musique 
Jeux
12.5","Revue de presse 
Journal 
Musique 
Débat politique 
Émission santé.
1
Musique 
Revue de presse 
Journal 
Émission Harmonie familiale 
Émission santé.
1
Conseil sur le foyer 
Musique 
Dédicaces 
Jeux
1
Politique 
Journal 
Conseil 
Musique 
Jeux
1","Revue de presse 
Journal 
Musique 
Débat politique 
Émission santé.
389.7
Musique 
Revue de presse 
Journal 
Émission Harmonie familiale 
Émission santé.
194.8
Conseil sur le foyer 
Musique 
Dédicaces 
Jeux
97.4
Politique 
Journal 
Conseil 
Musique 
Jeux
97.4",Unknown,"-88
52.4
Je ne sais pas
21.3
Je ne me souviens plus
4.6
Je ne connais plus les noms
3.2
Solidarité 
Les autres je ne connais pas
3.2
Je ne connais pas les noms
2.4
Je ne m'en souviens plus
1.9
-99
1.6
Narration, appel téléphonique, Témoignage, politique et musique
0.9
Je ne me souviens plus des noms
0.9
Le sport, la musique, les narration, appel téléphonique, enseignement biblique
0.9
Les émissions de narration, appel téléphonique, Témoignage,  musique et les interviews
0.9
Solidarité 
Le reste je ne sais pas
0.9
Sport, musique, journal, interviews et comédie
0.8
Journal, Musique, conte, témoignage et enseignement religieux
0.8
Musique, journal, sport, les appels téléphoniques et les spots publicitaires
0.8
Journal, interviews, narration,commedi et musique
0.8
Conseilles au agriculteurs, violence sur les femmes, santé , musique et la comédie
0.8
Émissions appel téléphonique, Journal, Conte, Sport et Musique
0.8","-88
24
Je ne sais pas
7
Je ne me souviens plus
2
Je ne connais plus les noms
1
Solidarité 
Les autres je ne connais pas
1
Je ne connais pas les noms
1
Je ne m'en souviens plus
1
-99
2
Narration, appel téléphonique, Témoignage, politique et musique
1
Je ne me souviens plus des noms
1
Le sport, la musique, les narration, appel téléphonique, enseignement biblique
1
Les émissions de narration, appel téléphonique, Témoignage,  musique et les interviews
1
Solidarité 
Le reste je ne sais pas
1
Sport, musique, journal, interviews et comédie
1
Journal, Musique, conte, témoignage et enseignement religieux
1
Musique, journal, sport, les appels téléphoniques et les spots publicitaires
1
Journal, interviews, narration,commedi et musique
1
Conseilles au agriculteurs, violence sur les femmes, santé , musique et la comédie
1
Émissions appel téléphonique, Journal, Conte, Sport et Musique
1","-88
97774.9
Je ne sais pas
39816.9
Je ne me souviens plus
8655.9
Je ne connais plus les noms
5942.0
Solidarité 
Les autres je ne connais pas
5942.0
Je ne connais pas les noms
4456.5
Je ne m'en souviens plus
3462.3
-99
2971.0
Narration, appel téléphonique, Témoignage, politique et musique
1731.2
Je ne me souviens plus des noms
1731.2
Le sport, la musique, les narration, appel téléphonique, enseignement biblique
1731.2
Les émissions de narration, appel téléphonique, Témoignage,  musique et les interviews
1731.2
Solidarité 
Le reste je ne sais pas
1731.2
Sport, musique, journal, interviews et comédie
1485.5
Journal, Musique, conte, témoignage et enseignement religieux
1485.5
Musique, journal, sport, les appels téléphoniques et les spots publicitaires
1485.5
Journal, interviews, narration,commedi et musique
1485.5
Conseilles au agriculteurs, violence sur les femmes, santé , musique et la comédie
1485.5
Émissions appel téléphonique, Journal, Conte, Sport et Musique
1485.5",Unknown
