Question,Atlantique,Atlantique_n,Atlantique_wn,Borgou,Borgou_n,Borgou_wn,Couffo,Couffo_n,Couffo_wn,Donga,Donga_n,Donga_wn,Oueme,Oueme_n,Oueme_wn,Plateau,Plateau_n,Plateau_wn,Zou,Zou_n,Zou_wn
Station Most Listened,"ORTB FM
14.5
Radio Sedohoun
12.8
Capp FM
8.1
Gbeti
5.7
Kpassè
4.8
La Voix de la Vallée
4.5
Bénin Alafia
4.1
Alliance FM
3.1
La voix de la lama
2.2
Immaculée Conception
2.1
Lama FM
2.0
Tokpa FM
1.9
Maranatha FM
1.7
kpassè
1.6
Lama
1.6
Alliance
1.4
Radio Carrefour
1.3
Lama fm
1.2
Diaspora FM
1.2
RFI
1.1
ADJA OUERE FM
1.1
Nanto FM
0.9
Radio LAMA
0.8
Bip Radio
0.7
Ahémé FM
0.7
la voix de la lama
0.6
La voix de la lama Alliance fm
0.6
radio immaculée
0.6
Gbeti 88.7 FM
0.6
Radio Tonignon
0.5
Radio Bénin alafia
0.5
Radio lalo
0.4
Radio Kpassè
0.4
Radio gbetin Radio kpasse
0.4
Alliance fm
0.4
Comé
0.4
Immaculée
0.3
Radio Tonnasse
0.3
Radio immaculée
0.3
Soleil fm
0.3
Radio ALLIANCE
0.3
Gerdes FM
0.3
La voix de la lama Alliance FM
0.3
Radio Bénin Culture
0.3
Lama FM.
0.3
Royal
0.3
Alafia
0.3
radio la voix de la lama
0.3
Radio Bénin alafia Radio lama
0.3
Radio Bénin alafia Lama fm
0.3
Gbetie
0.2
Radio Bénin Alafia
0.2
Ocean FM
0.2
Radio Bénin alafia Alliance fm La voix de la lama
0.2
Ka voix de la lama
0.2
Immaculée conception
0.2
Gbetin
0.2
Voix de la lama
0.2
immaculée Alliance FM
0.2
Alliance fm Radio lama
0.2
Radio Bénin Alafia.
0.2
Radio lama Immaculée conception radio
0.2
Radio lama Alliance fm Golf fm
0.2
Golf fm
0.2
Benin alafia Lama fm
0.2
Radio Immaculée conception
0.2
Mono fm
0.2
Radio kpasse Radio immaculée
0.2
Je ne sais pas : Un tuùn ǎ
0.2
Radio Benin alafia
0.2
Radio Immaculée
0.2
Lama fm Benin alafia
0.2
Royal Fm
0.2
Radio Agbotagon
0.2
Maranatha.
0.1
Allodo FM
0.1
Lalo
0.1
Trait-Union
0.1
radio Agbotagon
0.1
La voix de la Lama
0.1
Alliance FM La voix de la lama Immaculée conception
0.1
immaculée conception
0.1
Lama fm Radio Bénin alafia
0.1
Radio Gbetin 88.1 Radio kpasse 93.8
0.1
Kiff FM
0.1
Gbetin 98.fm
0.1
Alliance FM Immaculée conception
0.1
Jakora FM Immaculée FM Alliance FM
0.1
Je ne maîtrise pas le nom des chaînes Mais j'écoute la radio
0.1
radio Alliance
0.1
Ahémé
0.1
Radio Gbètin Ouidah
0.1
Radio Kpassè Radio Gbètin
0.1
Radio la diaspora
0.1
radio Bénin alafia
0.1
Kpossotome
0.1
Mono Fm
0.1
Sauveur FM
0.1
Gbeti.
0.1
Comé FM.
0.1
Radio lama Royal fm Tonignon
0.1
Radio lama Alliance fm
0.1
Radio lama Alliance Radio immaculée conception
0.1
Radio Gbètin Radio Kpassè Radio Bénin alafia
0.1
Benin Alafia
0.1
Allohado FM
0.1
Agbanyizoun
0.1
Radio Alliance
0.1
Benin alafia Alliance fm Radio lama
0.1
Radio kpasse Radio gbetin Radio immaculée
0.1
Frisson
0.1
Fm Aheme
0.0
Radio la voix de la lama
0.0
immaculée
0.0
Radio la voix de la LAMA 103.8
0.0
108.3
0.0
Alliance fm Radio immaculée
0.0
RadioGbetin 93.8 Radio Kpasse 98.8
0.0
Gbetin 93.8
0.0
Alliance fm Lama fm
0.0
Radio Parakou
0.0
radio alliance
0.0
Radio Gbéti
0.0
radio Zogbodomey
0.0
Radio Alafia
0.0
radio Immaculée
0.0
Radio LAMA 103.8
0.0
La voix de la vallée et Radio LAMA
0.0
Lama fm Immaculée conception
0.0
Radio Alliance et Radio LAMA
0.0
Radia LAMA
0.0
radio Alliance fm
0.0
LAMA FM
0.0
Fm Aheme Kpasse
0.0
Radio Gbètin Radio Kpassè
0.0
Mono FM.
0.0
Fm Aheme 87.7
0.0
Radio possotome 97.7
0.0
Kpossotome Come
0.0
radio Alafia
0.0
Alliance Fm
0.0
radio LAMA
0.0
Radio Gbètin et Radio Kpassè
0.0
Radio Gbètin et radio Kpassè
0.0
Radio KPASSÉ
0.0
Radio GBÉTI
0.0
Radio Kpassè Radio Gbètin La voix de la lama
0.0
Radio Alafia fm
0.0
Radio Kpassè fm
0.0
Radio Kpassé et radio Gbéti
0.0
Radio Gbéti 88.1FM
0.0
alafia
0.0
Fm 97.7
0.0
Radio possotome
0.0
Fm 98.09
0.0","ORTB FM
70
Radio Sedohoun
90
Capp FM
52
Gbeti
12
Kpassè
12
La Voix de la Vallée
41
Bénin Alafia
15
Alliance FM
18
La voix de la lama
15
Immaculée Conception
4
Lama FM
6
Tokpa FM
12
Maranatha FM
13
kpassè
4
Lama
14
Alliance
6
Radio Carrefour
5
Lama fm
10
Diaspora FM
3
RFI
3
ADJA OUERE FM
8
Nanto FM
1
Radio LAMA
20
Bip Radio
5
Ahémé FM
10
la voix de la lama
6
La voix de la lama Alliance fm
4
radio immaculée
3
Gbeti 88.7 FM
1
Radio Tonignon
4
Radio Bénin alafia
2
Radio lalo
3
Radio Kpassè
5
Radio gbetin Radio kpasse
1
Alliance fm
6
Comé
5
Immaculée
4
Radio Tonnasse
5
Radio immaculée
3
Soleil fm
3
Radio ALLIANCE
4
Gerdes FM
1
La voix de la lama Alliance FM
3
Radio Bénin Culture
3
Lama FM.
1
Royal
2
Alafia
2
radio la voix de la lama
2
Radio Bénin alafia Radio lama
1
Radio Bénin alafia Lama fm
1
Gbetie
1
Radio Bénin Alafia
1
Ocean FM
2
Radio Bénin alafia Alliance fm La voix de la lama
1
Ka voix de la lama
1
Immaculée conception
2
Gbetin
2
Voix de la lama
1
immaculée Alliance FM
1
Alliance fm Radio lama
1
Radio Bénin Alafia.
1
Radio lama Immaculée conception radio
1
Radio lama Alliance fm Golf fm
1
Golf fm
1
Benin alafia Lama fm
1
Radio Immaculée conception
1
Mono fm
1
Radio kpasse Radio immaculée
1
Je ne sais pas : Un tuùn ǎ
3
Radio Benin alafia
1
Radio Immaculée
6
Lama fm Benin alafia
1
Royal Fm
1
Radio Agbotagon
1
Maranatha.
1
Allodo FM
1
Lalo
1
Trait-Union
1
radio Agbotagon
2
La voix de la Lama
1
Alliance FM La voix de la lama Immaculée conception
1
immaculée conception
1
Lama fm Radio Bénin alafia
1
Radio Gbetin 88.1 Radio kpasse 93.8
1
Kiff FM
1
Gbetin 98.fm
1
Alliance FM Immaculée conception
1
Jakora FM Immaculée FM Alliance FM
1
Je ne maîtrise pas le nom des chaînes Mais j'écoute la radio
1
radio Alliance
3
Ahémé
2
Radio Gbètin Ouidah
3
Radio Kpassè Radio Gbètin
2
Radio la diaspora
1
radio Bénin alafia
1
Kpossotome
2
Mono Fm
1
Sauveur FM
1
Gbeti.
1
Comé FM.
1
Radio lama Royal fm Tonignon
1
Radio lama Alliance fm
1
Radio lama Alliance Radio immaculée conception
1
Radio Gbètin Radio Kpassè Radio Bénin alafia
1
Benin Alafia
1
Allohado FM
1
Agbanyizoun
1
Radio Alliance
3
Benin alafia Alliance fm Radio lama
1
Radio kpasse Radio gbetin Radio immaculée
1
Frisson
1
Fm Aheme
3
Radio la voix de la lama
1
immaculée
1
Radio la voix de la LAMA 103.8
1
108.3
1
Alliance fm Radio immaculée
1
RadioGbetin 93.8 Radio Kpasse 98.8
1
Gbetin 93.8
1
Alliance fm Lama fm
1
Radio Parakou
1
radio alliance
2
Radio Gbéti
2
radio Zogbodomey
1
Radio Alafia
1
radio Immaculée
1
Radio LAMA 103.8
1
La voix de la vallée et Radio LAMA
1
Lama fm Immaculée conception
1
Radio Alliance et Radio LAMA
1
Radia LAMA
1
radio Alliance fm
1
LAMA FM
1
Fm Aheme Kpasse
1
Radio Gbètin Radio Kpassè
1
Mono FM.
1
Fm Aheme 87.7
1
Radio possotome 97.7
1
Kpossotome Come
1
radio Alafia
1
Alliance Fm
1
radio LAMA
1
Radio Gbètin et Radio Kpassè
1
Radio Gbètin et radio Kpassè
1
Radio KPASSÉ
1
Radio GBÉTI
1
Radio Kpassè Radio Gbètin La voix de la lama
1
Radio Alafia fm
1
Radio Kpassè fm
1
Radio Kpassé et radio Gbéti
1
Radio Gbéti 88.1FM
1
alafia
1
Fm 97.7
1
Radio possotome
1
Fm 98.09
1","ORTB FM
66707.7
Radio Sedohoun
58646.4
Capp FM
37069.7
Gbeti
26232.1
Kpassè
22241.9
La Voix de la Vallée
20521.1
Bénin Alafia
18897.8
Alliance FM
14037.0
La voix de la lama
9921.0
Immaculée Conception
9854.6
Lama FM
9391.4
Tokpa FM
8910.4
Maranatha FM
7828.6
kpassè
7543.6
Lama
7182.4
Alliance
6521.5
Radio Carrefour
5789.6
Lama fm
5615.7
Diaspora FM
5439.5
RFI
5198.0
ADJA OUERE FM
5072.2
Nanto FM
4276.8
Radio LAMA
3536.0
Bip Radio
3338.9
Ahémé FM
3136.6
la voix de la lama
2752.7
La voix de la lama Alliance fm
2627.6
radio immaculée
2616.8
Gbeti 88.7 FM
2574.8
Radio Tonignon
2172.0
Radio Bénin alafia
2115.0
Radio lalo
2016.9
Radio Kpassè
1949.0
Radio gbetin Radio kpasse
1788.0
Alliance fm
1708.1
Comé
1702.2
Immaculée
1596.7
Radio Tonnasse
1556.3
Radio immaculée
1436.4
Soleil fm
1421.1
Radio ALLIANCE
1412.8
Gerdes FM
1396.3
La voix de la lama Alliance FM
1376.7
Radio Bénin Culture
1336.5
Lama FM.
1329.5
Royal
1318.8
Alafia
1318.8
radio la voix de la lama
1314.5
Radio Bénin alafia Radio lama
1226.2
Radio Bénin alafia Lama fm
1226.2
Gbetie
1144.3
Radio Bénin Alafia
1121.7
Ocean FM
1114.5
Radio Bénin alafia Alliance fm La voix de la lama
946.4
Ka voix de la lama
946.4
Immaculée conception
897.4
Gbetin
858.3
Voix de la lama
841.3
immaculée Alliance FM
841.3
Alliance fm Radio lama
841.3
Radio Bénin Alafia.
841.3
Radio lama Immaculée conception radio
841.3
Radio lama Alliance fm Golf fm
841.3
Golf fm
787.8
Benin alafia Lama fm
781.9
Radio Immaculée conception
781.9
Mono fm
762.9
Radio kpasse Radio immaculée
762.9
Je ne sais pas : Un tuùn ǎ
740.3
Radio Benin alafia
730.9
Radio Immaculée
707.9
Lama fm Benin alafia
698.3
Royal Fm
698.3
Radio Agbotagon
698.3
Maranatha.
664.7
Allodo FM
620.6
Lalo
620.6
Trait-Union
620.6
radio Agbotagon
620.6
La voix de la Lama
590.9
Alliance FM La voix de la lama Immaculée conception
590.0
immaculée conception
590.0
Lama fm Radio Bénin alafia
590.0
Radio Gbetin 88.1 Radio kpasse 93.8
572.2
Kiff FM
572.2
Gbetin 98.fm
572.2
Alliance FM Immaculée conception
545.0
Jakora FM Immaculée FM Alliance FM
545.0
Je ne maîtrise pas le nom des chaînes Mais j'écoute la radio
524.5
radio Alliance
507.5
Ahémé
503.3
Radio Gbètin Ouidah
487.2
Radio Kpassè Radio Gbètin
473.7
Radio la diaspora
473.2
radio Bénin alafia
473.2
Kpossotome
424.1
Mono Fm
391.5
Sauveur FM
391.5
Gbeti.
391.5
Comé FM.
391.5
Radio lama Royal fm Tonignon
347.5
Radio lama Alliance fm
347.5
Radio lama Alliance Radio immaculée conception
347.5
Radio Gbètin Radio Kpassè Radio Bénin alafia
324.8
Benin Alafia
310.3
Allohado FM
310.3
Agbanyizoun
310.3
Radio Alliance
310.0
Benin alafia Alliance fm Radio lama
295.4
Radio kpasse Radio gbetin Radio immaculée
286.1
Frisson
262.2
Fm Aheme
228.4
Radio la voix de la lama
210.3
immaculée
210.3
Radio la voix de la LAMA 103.8
210.3
108.3
210.3
Alliance fm Radio immaculée
196.4
RadioGbetin 93.8 Radio Kpasse 98.8
190.7
Gbetin 93.8
190.7
Alliance fm Lama fm
181.7
Radio Parakou
174.6
radio alliance
173.8
Radio Gbéti
162.4
radio Zogbodomey
155.1
Radio Alafia
155.1
radio Immaculée
147.7
Radio LAMA 103.8
147.7
La voix de la vallée et Radio LAMA
147.7
Lama fm Immaculée conception
139.7
Radio Alliance et Radio LAMA
131.1
Radia LAMA
131.1
radio Alliance fm
131.1
LAMA FM
131.1
Fm Aheme Kpasse
130.5
Radio Gbètin Radio Kpassè
108.3
Mono FM.
97.9
Fm Aheme 87.7
97.9
Radio possotome 97.7
97.9
Kpossotome Come
97.9
radio Alafia
86.9
Alliance Fm
86.9
radio LAMA
86.9
Radio Gbètin et Radio Kpassè
81.2
Radio Gbètin et radio Kpassè
81.2
Radio KPASSÉ
81.2
Radio GBÉTI
81.2
Radio Kpassè Radio Gbètin La voix de la lama
81.2
Radio Alafia fm
81.2
Radio Kpassè fm
81.2
Radio Kpassé et radio Gbéti
81.2
Radio Gbéti 88.1FM
81.2
alafia
57.9
Fm 97.7
48.9
Radio possotome
48.9
Fm 98.09
32.6","Deeman FM
43.8
Radio Parakou
12.2
Tchaourou FM
8.1
SAKA YERIMA FM
7.8
Radio SAKA Yerima 100.1 FM
4.7
Radio Nonsina de Bembereke 90.8 FM
3.9
Radio tchaorou 104.7 FM
3.6
Solidarité FM
3.4
FM nonsina
3.3
ORTB FM
2.7
Radio Tchaourou 104.7 FM
2.3
Nonsina de Bembereke 90.8 FM
1.7
Radio Tchaorou 104.7 FM
0.5
Radio Tchaourou 104.7 FM.
0.5
FM nonsima
0.4
FM nonsima 90.8
0.4
FM soutisoua
0.4
FM SAKA YERIMA
0.3","Deeman FM
80
Radio Parakou
18
Tchaourou FM
12
SAKA YERIMA FM
14
Radio SAKA Yerima 100.1 FM
15
Radio Nonsina de Bembereke 90.8 FM
7
Radio tchaorou 104.7 FM
5
Solidarité FM
6
FM nonsina
8
ORTB FM
4
Radio Tchaourou 104.7 FM
5
Nonsina de Bembereke 90.8 FM
4
Radio Tchaorou 104.7 FM
1
Radio Tchaourou 104.7 FM.
1
FM nonsima
1
FM nonsima 90.8
1
FM soutisoua
1
FM SAKA YERIMA
1","Deeman FM
172873.9
Radio Parakou
48020.7
Tchaourou FM
32029.8
SAKA YERIMA FM
30966.4
Radio SAKA Yerima 100.1 FM
18579.8
Radio Nonsina de Bembereke 90.8 FM
15274.0
Radio tchaorou 104.7 FM
14235.5
Solidarité FM
13494.8
FM nonsina
13204.6
ORTB FM
10795.9
Radio Tchaourou 104.7 FM
8897.2
Nonsina de Bembereke 90.8 FM
6690.5
Radio Tchaorou 104.7 FM
1779.4
Radio Tchaourou 104.7 FM.
1779.4
FM nonsima
1716.7
FM nonsima 90.8
1716.7
FM soutisoua
1716.7
FM SAKA YERIMA
1238.7","Couffo FM
21.9
ORTB FM
14.9
Lalo FM
14.0
Radio Carrefour
11.6
Radio Tonnasse
9.4
Radio bénin Alafia
5.4
Alakétou FM
4.6
Atlantique FM
2.3
LALO FM
2.2
Radio Lalo
1.6
Radio bénin Alafia Radio Lalo
1.6
ALAFIA FM
1.4
ALAFIA FM Cotonou
1.2
Radio Lalo Coufo FM
1.1
Royal FM
0.6
Tokpa FM
0.6
Radio bénin Alafia Radio Alakétou
0.6
Lalo FM Radio bénin Alafia
0.6
Gassui FM toviklin
0.6
GAMELI FM Azove
0.6
Djakotomey
0.6
Radio Tonion
0.5
GASSOU FM a Aplahoue
0.5
GASSOU FM
0.5
Frisson
0.5
zogbodomey
0.5","Couffo FM
26
ORTB FM
22
Lalo FM
15
Radio Carrefour
8
Radio Tonnasse
5
Radio bénin Alafia
4
Alakétou FM
1
Atlantique FM
1
LALO FM
4
Radio Lalo
2
Radio bénin Alafia Radio Lalo
3
ALAFIA FM
3
ALAFIA FM Cotonou
1
Radio Lalo Coufo FM
1
Royal FM
1
Tokpa FM
1
Radio bénin Alafia Radio Alakétou
1
Lalo FM Radio bénin Alafia
1
Gassui FM toviklin
1
GAMELI FM Azove
1
Djakotomey
1
Radio Tonion
1
GASSOU FM a Aplahoue
1
GASSOU FM
1
Frisson
1
zogbodomey
1","Couffo FM
1370.2
ORTB FM
933.0
Lalo FM
875.4
Radio Carrefour
728.9
Radio Tonnasse
588.6
Radio bénin Alafia
335.1
Alakétou FM
289.8
Atlantique FM
144.9
LALO FM
135.6
Radio Lalo
101.7
Radio bénin Alafia Radio Lalo
101.7
ALAFIA FM
88.2
ALAFIA FM Cotonou
72.4
Radio Lalo Coufo FM
67.8
Royal FM
36.2
Tokpa FM
36.2
Radio bénin Alafia Radio Alakétou
36.2
Lalo FM Radio bénin Alafia
36.2
Gassui FM toviklin
36.2
GAMELI FM Azove
36.2
Djakotomey
36.2
Radio Tonion
33.9
GASSOU FM a Aplahoue
33.9
GASSOU FM
33.9
Frisson
33.9
zogbodomey
33.9","Solidarité FM
82.9
Radio Parakou
13.0
Deeman FM
3.3
ORTB FM
0.7","Solidarité FM
50
Radio Parakou
15
Deeman FM
1
ORTB FM
1","Solidarité FM
173838.2
Radio Parakou
27316.8
Deeman FM
7023.3
ORTB FM
1506.7","La Voix de la Vallée
26.7
ADJA OUERE FM
15.1
ORTB FM
14.9
Capp FM
11.9
Alléluia FM
4.4
Tokpa FM
2.1
Radio wekê
2.1
Radio misserrete
2.0
Zomatchi
2.0
Radio Tonnasse
1.7
Radio wêkè Alléluia FM
1.6
RFI
1.2
Alléluia fm
1.0
Gerdes FM
0.9
Radio wekê Peace fm
0.8
Radio Sedohoun
0.8
Maranatha
0.7
Weke
0.7
Radio trait d'union (bohicon)
0.7
Ocean FM
0.6
Bip Radio
0.6
c'est quelque chose FM..
0.5
Radio weke (fréquence inconnue)
0.5
Trait d'union émettant depuis Bohicon
0.5
Il y a une autre radio que j: écoute mais j'ai oublié le nom
0.5
Nanto FM
0.5
Radio weke
0.4
Radio Bénin Culture
0.4
Rfi
0.4
mais j'ignore le nom des chaînes
0.4
J'écoute d'autres à part la vallée
0.4
Radio Wèkè
0.3
Radio wêkè Alléluia FM Radio protestante
0.3
Diaspora 102.3 FM.
0.3
Imonle fm
0.2
Maranatha FM
0.2
Radio Immaculée
0.2
Radio wêkè
0.2
Tado FM
0.2
Radio Attakè Radio wêkè Radio Alléluia FM
0.2
Radio Alléluia FM
0.2
Alléluia Fm
0.2
Bip radio
0.1
Radio Carrefour
0.1
Radio Alafia
0.1
Radio Wèkè et radio Alléluia FM
0.1
radio Alléluia
0.1
Allohado 104.1 FM
0.1","La Voix de la Vallée
71
ADJA OUERE FM
42
ORTB FM
32
Capp FM
27
Alléluia FM
12
Tokpa FM
5
Radio wekê
5
Radio misserrete
1
Zomatchi
1
Radio Tonnasse
6
Radio wêkè Alléluia FM
3
RFI
2
Alléluia fm
3
Gerdes FM
2
Radio wekê Peace fm
1
Radio Sedohoun
2
Maranatha
1
Weke
1
Radio trait d'union (bohicon)
1
Ocean FM
1
Bip Radio
2
c'est quelque chose FM..
1
Radio weke (fréquence inconnue)
1
Trait d'union émettant depuis Bohicon
1
Il y a une autre radio que j: écoute mais j'ai oublié le nom
1
Nanto FM
2
Radio weke
5
Radio Bénin Culture
1
Rfi
1
mais j'ignore le nom des chaînes
1
J'écoute d'autres à part la vallée
1
Radio Wèkè
4
Radio wêkè Alléluia FM Radio protestante
1
Diaspora 102.3 FM.
1
Imonle fm
1
Maranatha FM
1
Radio Immaculée
2
Radio wêkè
2
Tado FM
1
Radio Attakè Radio wêkè Radio Alléluia FM
1
Radio Alléluia FM
2
Alléluia Fm
2
Bip radio
1
Radio Carrefour
1
Radio Alafia
1
Radio Wèkè et radio Alléluia FM
1
radio Alléluia
1
Allohado 104.1 FM
1","La Voix de la Vallée
11884.0
ADJA OUERE FM
6741.7
ORTB FM
6631.9
Capp FM
5314.5
Alléluia FM
1980.2
Tokpa FM
948.6
Radio wekê
945.5
Radio misserrete
904.0
Zomatchi
904.0
Radio Tonnasse
757.9
Radio wêkè Alléluia FM
730.8
RFI
546.4
Alléluia fm
424.4
Gerdes FM
389.2
Radio wekê Peace fm
346.2
Radio Sedohoun
340.7
Maranatha
313.9
Weke
313.9
Radio trait d'union (bohicon)
297.7
Ocean FM
251.2
Bip Radio
247.9
c'est quelque chose FM..
223.3
Radio weke (fréquence inconnue)
223.3
Trait d'union émettant depuis Bohicon
223.3
Il y a une autre radio que j: écoute mais j'ai oublié le nom
223.3
Nanto FM
215.8
Radio weke
192.3
Radio Bénin Culture
179.9
Rfi
179.9
mais j'ignore le nom des chaînes
167.5
J'écoute d'autres à part la vallée
167.5
Radio Wèkè
153.9
Radio wêkè Alléluia FM Radio protestante
153.9
Diaspora 102.3 FM.
111.6
Imonle fm
100.4
Maranatha FM
100.4
Radio Immaculée
93.3
Radio wêkè
91.3
Tado FM
90.0
Radio Attakè Radio wêkè Radio Alléluia FM
76.9
Radio Alléluia FM
76.9
Alléluia Fm
71.9
Bip radio
60.0
Radio Carrefour
55.8
Radio Alafia
40.0
Radio Wèkè et radio Alléluia FM
38.5
radio Alléluia
38.5
Allohado 104.1 FM
27.9","FM Alakétou
17.5
ORTB FM
15.9
Radio Tonnasse
15.9
Ala ketou FM
14.3
ALAFIA FM
12.7
radio bénin Alafia
6.3
Radio bénin Alafia
4.8
ADJA OUERE FM
3.2
Radio Alakétou
3.2
ALAFIA FM et Ala ketou FM
1.6
Ketou FM
1.6
Radio pobe
1.6
radio FM Alakétou
1.6","FM Alakétou
8
ORTB FM
10
Radio Tonnasse
10
Ala ketou FM
9
ALAFIA FM
8
radio bénin Alafia
1
Radio bénin Alafia
3
ADJA OUERE FM
2
Radio Alakétou
2
ALAFIA FM et Ala ketou FM
1
Ketou FM
1
Radio pobe
1
radio FM Alakétou
1","FM Alakétou
163366.4
ORTB FM
148514.9
Radio Tonnasse
148514.9
Ala ketou FM
133663.4
ALAFIA FM
118811.9
radio bénin Alafia
59406.0
Radio bénin Alafia
44554.5
ADJA OUERE FM
29703.0
Radio Alakétou
29703.0
ALAFIA FM et Ala ketou FM
14851.5
Ketou FM
14851.5
Radio pobe
14851.5
radio FM Alakétou
14851.5","Radio Carrefour
16.3
Royale FM
13.2
Royal FM
13.1
ORTB FM
7.5
ALAFIA FM
6.7
Radio Tonnasse
5.7
ALLOHADO FM
5.6
TRAIT-D'UNION
4.9
Radio Tonignon
3.9
radio aloxado
2.7
Radio aloxado
2.5
Je ne sais pas : Un tuùn ǎ
1.9
ROYALE FM
1.9
Immaculée FM
1.8
Radio zinkamè
1.0
mixa alodo
1.0
Capp FM
1.0
Radio royal FM
1.0
Radio aloxado et royal FM
1.0
radio immaculée
1.0
Radio trait d'union
0.8
Leeman FM
0.8
IMMACULÉE
0.8
Radio Leeman
0.8
Radio Gbanamè
0.8
radio Alafia
0.8
radio IFÈ ( collines)
0.8
Immaculée
0.8","Radio Carrefour
19
Royale FM
15
Royal FM
15
ORTB FM
9
ALAFIA FM
8
Radio Tonnasse
7
ALLOHADO FM
6
TRAIT-D'UNION
6
Radio Tonignon
5
radio aloxado
3
Radio aloxado
3
Je ne sais pas : Un tuùn ǎ
2
ROYALE FM
2
Immaculée FM
2
Radio zinkamè
1
mixa alodo
1
Capp FM
1
Radio royal FM
1
Radio aloxado et royal FM
1
radio immaculée
1
Radio trait d'union
1
Leeman FM
1
IMMACULÉE
1
Radio Leeman
1
Radio Gbanamè
1
radio Alafia
1
radio IFÈ ( collines)
1
Immaculée
1","Radio Carrefour
152.7
Royale FM
123.1
Royal FM
122.6
ORTB FM
69.8
ALAFIA FM
62.5
Radio Tonnasse
53.4
ALLOHADO FM
52.7
TRAIT-D'UNION
46.0
Radio Tonignon
36.9
radio aloxado
25.5
Radio aloxado
23.8
Je ne sais pas : Un tuùn ǎ
18.1
ROYALE FM
18.1
Immaculée FM
16.5
Radio zinkamè
9.1
mixa alodo
9.1
Capp FM
9.1
Radio royal FM
9.1
Radio aloxado et royal FM
9.1
radio immaculée
9.1
Radio trait d'union
7.4
Leeman FM
7.4
IMMACULÉE
7.4
Radio Leeman
7.4
Radio Gbanamè
7.4
radio Alafia
7.4
radio IFÈ ( collines)
7.4
Immaculée
7.4"
Station Listened Yesterday,"Radio Sedohoun
22.4
Gbeti
9.0
ORTB FM
7.7
Kpassè
6.5
Capp FM
6.1
La Voix de la Vallée
5.0
La voix de la lama
4.7
Lama FM
4.6
Lama fm
3.3
Je ne sais pas : Un tuùn ǎ
2.7
Je préfère ne pas répondre/ Un yí wǎn nú xósin ma yí gbè ǎ
2.0
Lama
1.6
Maranatha FM
1.5
Ahémé FM
1.4
Radio Kpassè
1.2
Radio gbetin
1.0
Alliance fm
1.0
Bip Radio
0.9
Radio lalo
0.9
Alliance FM
0.9
Lama Alliance fm
0.9
Alliance fm La voix de la lama
0.8
Soleil fm
0.8
Aucune radio J'ai pas pu écouter la radio hier
0.7
Radio Bénin alafia
0.7
Radio LAMA
0.7
Radio lama Radio Bénin alafia
0.7
Lama FM 103.8
0.6
Immaculée
0.6
Gbetin
0.6
Immaculée conception
0.5
La voix de la lama Alliance fm
0.5
Lama fm Alliance fm
0.5
Neant
0.4
Lama fm Benin alafia
0.4
Radio kpasse
0.4
Aucune
0.4
Radio lama Alliance fm
0.4
ADJA OUERE FM
0.4
Radio Gbètin
0.4
Radio Tonignon
0.3
Alliance FM La voix de la lama
0.3
Jakora FM
0.3
Ocean FM
0.3
Ahémé
0.3
Radio Gbètin Ouidah
0.3
Ahémé FM.
0.3
la voix de la lama
0.2
Lama Royal fm
0.2
immaculée
0.2
Dispora FM
0.2
Frisson
0.1
Voix de la lama Alliance FM
0.1
108.3
0.1
Radio Lama
0.1
Ahémé.
0.1
Radio Kpassè fm
0.1
Radio Tonnasse
0.1
Rien
0.1
LAMA FM
0.1
Fm Aheme Kpasse
0.1
Radio Kpassè Radio Gbètin
0.1
Radio alliance et lama
0.0
Aucune radio
0.0
ALLIANCE Fm
0.0
Radio Alliance
0.0
Radio Alafia fm
0.0
La voix de la lama Radio Kpassè
0.0
Fm Aheme
0.0
Fm.
0.0
Kpossotome 87.7
0.0","Radio Sedohoun
60
Gbeti
7
ORTB FM
20
Kpassè
6
Capp FM
18
La Voix de la Vallée
15
La voix de la lama
14
Lama FM
5
Lama fm
10
Je ne sais pas : Un tuùn ǎ
31
Je préfère ne pas répondre/ Un yí wǎn nú xósin ma yí gbè ǎ
9
Lama
7
Maranatha FM
4
Ahémé FM
7
Radio Kpassè
5
Radio gbetin
1
Alliance fm
4
Bip Radio
3
Radio lalo
2
Alliance FM
5
Lama Alliance fm
3
Alliance fm La voix de la lama
2
Soleil fm
3
Aucune radio J'ai pas pu écouter la radio hier
1
Radio Bénin alafia
1
Radio LAMA
5
Radio lama Radio Bénin alafia
1
Lama FM 103.8
1
Immaculée
3
Gbetin
3
Immaculée conception
2
La voix de la lama Alliance fm
1
Lama fm Alliance fm
1
Neant
4
Lama fm Benin alafia
1
Radio kpasse
1
Aucune
4
Radio lama Alliance fm
2
ADJA OUERE FM
1
Radio Gbètin
4
Radio Tonignon
2
Alliance FM La voix de la lama
1
Jakora FM
1
Ocean FM
1
Ahémé
2
Radio Gbètin Ouidah
3
Ahémé FM.
2
la voix de la lama
1
Lama Royal fm
1
immaculée
1
Dispora FM
1
Frisson
1
Voix de la lama Alliance FM
1
108.3
1
Radio Lama
1
Ahémé.
1
Radio Kpassè fm
2
Radio Tonnasse
1
Rien
1
LAMA FM
1
Fm Aheme Kpasse
1
Radio Kpassè Radio Gbètin
1
Radio alliance et lama
1
Aucune radio
1
ALLIANCE Fm
1
Radio Alliance
1
Radio Alafia fm
1
La voix de la lama Radio Kpassè
1
Fm Aheme
1
Fm.
1
Kpossotome 87.7
1","Radio Sedohoun
40322.2
Gbeti
16306.9
ORTB FM
13851.7
Kpassè
11634.2
Capp FM
10924.8
La Voix de la Vallée
9076.0
La voix de la lama
8482.5
Lama FM
8269.8
Lama fm
6022.9
Je ne sais pas : Un tuùn ǎ
4788.7
Je préfère ne pas répondre/ Un yí wǎn nú xósin ma yí gbè ǎ
3675.5
Lama
2965.3
Maranatha FM
2791.3
Ahémé FM
2471.1
Radio Kpassè
2192.6
Radio gbetin
1788.0
Alliance fm
1787.5
Bip Radio
1662.0
Radio lalo
1551.4
Alliance FM
1539.7
Lama Alliance fm
1536.3
Alliance fm La voix de la lama
1470.9
Soleil fm
1421.1
Aucune radio J'ai pas pu écouter la radio hier
1329.5
Radio Bénin alafia
1329.5
Radio LAMA
1313.7
Radio lama Radio Bénin alafia
1226.2
Lama FM 103.8
1121.7
Immaculée
1081.2
Gbetin
1049.0
Immaculée conception
851.5
La voix de la lama Alliance fm
841.3
Lama fm Alliance fm
841.3
Neant
810.5
Lama fm Benin alafia
781.9
Radio kpasse
762.9
Aucune
716.1
Radio lama Alliance fm
716.1
ADJA OUERE FM
698.3
Radio Gbètin
636.1
Radio Tonignon
620.6
Alliance FM La voix de la lama
590.0
Jakora FM
545.0
Ocean FM
524.5
Ahémé
503.3
Radio Gbètin Ouidah
487.2
Ahémé FM.
469.8
la voix de la lama
420.6
Lama Royal fm
347.5
immaculée
347.5
Dispora FM
272.5
Frisson
262.2
Voix de la lama Alliance FM
262.2
108.3
210.3
Radio Lama
210.3
Ahémé.
195.7
Radio Kpassè fm
162.4
Radio Tonnasse
155.1
Rien
136.2
LAMA FM
131.1
Fm Aheme Kpasse
130.5
Radio Kpassè Radio Gbètin
108.3
Radio alliance et lama
86.9
Aucune radio
86.9
ALLIANCE Fm
86.9
Radio Alliance
86.9
Radio Alafia fm
81.2
La voix de la lama Radio Kpassè
81.2
Fm Aheme
48.9
Fm.
32.6
Kpossotome 87.7
32.6","Deeman FM
43.1
Radio Parakou
11.1
Tchaourou FM
9.2
SAKA YERIMA FM
8.9
Radio SAKA Yerima 100.1 FM
5.4
Radio Nonsina de Bembereke 90.8 FM
4.4
FM nonsina
4.3
Je ne sais pas : Un tuùn ǎ
3.3
Radio Tchaourou 104.7 FM
2.6
Radio tchaorou 104.7 FM
1.5
ORTB FM
1.2
Radio Nonsina de Bembereke 90.8 FM et de Ndali 103.5 FM
1.0
Solidarité FM
0.6
Radio Tchaourou 104.7 FM.
0.5
Tchaorou 104.7 FM
0.5
Radio Nonsina 90.8 FM
0.5
FM nonsima 90.8
0.5
FM soutisoua
0.5
Nonsina de Bembereke 90.8 FM
0.5
SAKA YERIMA
0.4","Deeman FM
75
Radio Parakou
13
Tchaourou FM
12
SAKA YERIMA FM
14
Radio SAKA Yerima 100.1 FM
15
Radio Nonsina de Bembereke 90.8 FM
8
FM nonsina
9
Je ne sais pas : Un tuùn ǎ
2
Radio Tchaourou 104.7 FM
5
Radio tchaorou 104.7 FM
3
ORTB FM
1
Radio Nonsina de Bembereke 90.8 FM et de Ndali 103.5 FM
1
Solidarité FM
2
Radio Tchaourou 104.7 FM.
1
Tchaorou 104.7 FM
1
Radio Nonsina 90.8 FM
1
FM nonsima 90.8
1
FM soutisoua
1
Nonsina de Bembereke 90.8 FM
1
SAKA YERIMA
1","Deeman FM
149580.5
Radio Parakou
38676.0
Tchaourou FM
32029.8
SAKA YERIMA FM
30966.4
Radio SAKA Yerima 100.1 FM
18579.8
Radio Nonsina de Bembereke 90.8 FM
15185.8
FM nonsina
14921.3
Je ne sais pas : Un tuùn ǎ
11436.1
Radio Tchaourou 104.7 FM
8897.2
Radio tchaorou 104.7 FM
5338.3
ORTB FM
4318.3
Radio Nonsina de Bembereke 90.8 FM et de Ndali 103.5 FM
3433.4
Solidarité FM
2159.2
Radio Tchaourou 104.7 FM.
1779.4
Tchaorou 104.7 FM
1779.4
Radio Nonsina 90.8 FM
1716.7
FM nonsima 90.8
1716.7
FM soutisoua
1716.7
Nonsina de Bembereke 90.8 FM
1628.5
SAKA YERIMA
1238.7","Couffo FM
20.9
ORTB FM
19.1
Lalo FM
13.4
Radio Carrefour
12.2
Radio Tonnasse
11.4
Je ne sais pas : Un tuùn ǎ
10.7
Atlantique FM
3.5
ALAFIA FM
2.6
Radio Lalo
1.6
Djakotomey
0.9
Radio bénin Alafia
0.9
Lalo FM et ALAFIA FM
0.8
Lalo FM et GASSOU FM
0.8
Lalo FM et GASSOU FM a Aplahoue
0.8
ALAFIA
0.4","Couffo FM
19
ORTB FM
19
Lalo FM
13
Radio Carrefour
4
Radio Tonnasse
3
Je ne sais pas : Un tuùn ǎ
11
Atlantique FM
1
ALAFIA FM
2
Radio Lalo
2
Djakotomey
1
Radio bénin Alafia
1
Lalo FM et ALAFIA FM
1
Lalo FM et GASSOU FM
1
Lalo FM et GASSOU FM a Aplahoue
1
ALAFIA
1","Couffo FM
865.4
ORTB FM
790.4
Lalo FM
554.1
Radio Carrefour
507.1
Radio Tonnasse
470.9
Je ne sais pas : Un tuùn ǎ
445.4
Atlantique FM
144.9
ALAFIA FM
108.7
Radio Lalo
67.8
Djakotomey
36.2
Radio bénin Alafia
36.2
Lalo FM et ALAFIA FM
33.9
Lalo FM et GASSOU FM
33.9
Lalo FM et GASSOU FM a Aplahoue
33.9
ALAFIA
18.1","Solidarité FM
86.7
Radio Parakou
6.9
Nanto FM
3.6
Je ne sais pas : Un tuùn ǎ
2.3
Je n'ai pas écouter la radio hier j'étais en voyage
0.5","Solidarité FM
45
Radio Parakou
6
Nanto FM
1
Je ne sais pas : Un tuùn ǎ
3
Je n'ai pas écouter la radio hier j'étais en voyage
1","Solidarité FM
166933.7
Radio Parakou
13258.6
Nanto FM
7023.3
Je ne sais pas : Un tuùn ǎ
4520.0
Je n'ai pas écouter la radio hier j'étais en voyage
877.9","La Voix de la Vallée
39.4
Capp FM
16.5
ADJA OUERE FM
8.6
ORTB FM
6.3
Radio wekê
4.9
Je ne sais pas : Un tuùn ǎ
4.9
Je préfère ne pas répondre/ Un yí wǎn nú xósin ma yí gbè ǎ
4.7
Radio wêkè
2.7
Alléluia FM
1.9
Alléluia FM Radio Wêkè
1.8
Radio wekê Peace fm
1.8
Maranatha
1.6
Radio Wèkè
0.8
Radio wêkè Alliance FM
0.8
Bip Radio
0.7
DIASPORA 102.3 FM.
0.6
Maranatha FM
0.5
Radio Alléluia FM
0.4
Radio weke
0.4
Alléluia Fm
0.4
Radio Immaculée
0.2
Allohado 104.1 FM
0.1","La Voix de la Vallée
48
Capp FM
13
ADJA OUERE FM
12
ORTB FM
7
Radio wekê
5
Je ne sais pas : Un tuùn ǎ
7
Je préfère ne pas répondre/ Un yí wǎn nú xósin ma yí gbè ǎ
6
Radio wêkè
4
Alléluia FM
2
Alléluia FM Radio Wêkè
1
Radio wekê Peace fm
1
Maranatha
1
Radio Wèkè
4
Radio wêkè Alliance FM
1
Bip Radio
1
DIASPORA 102.3 FM.
1
Maranatha FM
1
Radio Alléluia FM
2
Radio weke
2
Alléluia Fm
2
Radio Immaculée
1
Allohado 104.1 FM
1","La Voix de la Vallée
7580.7
Capp FM
3167.9
ADJA OUERE FM
1659.7
ORTB FM
1211.7
Radio wekê
945.5
Je ne sais pas : Un tuùn ǎ
935.9
Je préfère ne pas répondre/ Un yí wǎn nú xósin ma yí gbè ǎ
911.6
Radio wêkè
512.8
Alléluia FM
373.2
Alléluia FM Radio Wêkè
346.2
Radio wekê Peace fm
346.2
Maranatha
313.9
Radio Wèkè
153.9
Radio wêkè Alliance FM
153.9
Bip Radio
127.9
DIASPORA 102.3 FM.
111.6
Maranatha FM
100.4
Radio Alléluia FM
76.9
Radio weke
76.9
Alléluia Fm
71.9
Radio Immaculée
40.0
Allohado 104.1 FM
27.9","Je ne sais pas : Un tuùn ǎ
25.5
Ala ketou FM
21.3
ALAFIA FM
19.1
Radio Tonnasse
14.9
ORTB FM
10.6
Radio bénin Alafia
4.3
Ketou FM
2.1
Radio pobe
2.1","Je ne sais pas : Un tuùn ǎ
9
Ala ketou FM
10
ALAFIA FM
9
Radio Tonnasse
7
ORTB FM
5
Radio bénin Alafia
2
Ketou FM
1
Radio pobe
1","Je ne sais pas : Un tuùn ǎ
178217.9
Ala ketou FM
148514.9
ALAFIA FM
133663.4
Radio Tonnasse
103960.4
ORTB FM
74257.4
Radio bénin Alafia
29703.0
Ketou FM
14851.5
Radio pobe
14851.5","Je ne sais pas : Un tuùn ǎ
16.4
Radio Carrefour
14.9
Royale FM
14.4
Royal FM
9.6
ORTB FM
7.8
ALAFIA FM
6.9
ALLOHADO FM
6.6
TRAIT-D'UNION
5.7
Immaculée
3.9
Radio Tonnasse
3.0
Radio Tonignon
2.8
ROYALE FM
2.1
radio aloxado
1.1
Capp FM
1.1
Radio Leeman
0.9
Leeman FM
0.9
radio Gbanamè
0.9
ALAFIA
0.9","Je ne sais pas : Un tuùn ǎ
16
Radio Carrefour
15
Royale FM
14
Royal FM
9
ORTB FM
8
ALAFIA FM
7
ALLOHADO FM
6
TRAIT-D'UNION
6
Immaculée
4
Radio Tonnasse
3
Radio Tonignon
3
ROYALE FM
2
radio aloxado
1
Capp FM
1
Radio Leeman
1
Leeman FM
1
radio Gbanamè
1
ALAFIA
1","Je ne sais pas : Un tuùn ǎ
131.7
Radio Carrefour
119.7
Royale FM
115.7
Royal FM
76.6
ORTB FM
62.5
ALAFIA FM
55.1
ALLOHADO FM
52.7
TRAIT-D'UNION
46.0
Immaculée
31.2
Radio Tonnasse
23.8
Radio Tonignon
22.2
ROYALE FM
16.5
radio aloxado
9.1
Capp FM
9.1
Radio Leeman
7.4
Leeman FM
7.4
radio Gbanamè
7.4
ALAFIA
7.4"
Station Past 7 Days,"Radio Sedohoun
16.1
ORTB FM
12.3
Capp FM
9.3
Gbeti
8.0
La Voix de la Vallée
4.7
Kpassè
4.1
Bénin Alafia
3.8
La voix de la lama
2.6
Tokpa FM
2.3
Lama
2.0
Maranatha FM
2.0
Alliance FM
1.9
Lama fm
1.9
Diaspora FM
1.6
Radio Carrefour
1.5
ADJA OUERE FM
1.3
Lama FM
1.2
Bénin Alafia.
1.2
Immaculée Conception
1.0
Immaculée
0.8
Radio LAMA
0.8
kpassè
0.8
kpassè.
0.7
RFI
0.7
Lama FM.
0.6
Alliance FM.
0.6
Ahémé FM
0.6
Radio Tonnasse
0.6
Alliance fm
0.5
Bip Radio
0.5
Radio Kpassè
0.5
alliance FM
0.5
La voix de la lama Alliance fm
0.5
Radio lalo
0.5
Comé
0.4
Benin alafia Lama fm
0.4
Radio Bénin alafia
0.4
Immaculée conception
0.4
Radio lama Radio Bénin alafia
0.4
Alliance
0.4
Lama fm Alliance fm
0.4
Lama Alliance fm
0.4
Radio Tonignon
0.3
LAMA FM 103.8
0.3
Alliance FM 97.0
0.3
Soleil fm
0.3
Ahémé
0.3
Alliance fm La voix de la lama Radio Bénin alafia
0.3
Radio lama
0.3
Alliance FM et Radio immaculée
0.3
Lama Alliance fm Golf fm
0.3
Radio immaculée conception
0.2
La voix de la lama Alliance FM
0.2
Radio kpasse Radio immaculée
0.2
Gbetin
0.2
Alafia
0.2
Ahémé FM.
0.2
la voix de la lama
0.2
Radio Bénin Culture
0.2
Allohado
0.2
Trait-Union
0.2
Alliance FM La voix de la lama
0.2
Lama fm Bénin alafia
0.2
Kpasse Gbetin
0.2
Je préfère ne pas répondre/ Un yí wǎn nú xósin ma yí gbè ǎ
0.2
Alliance fm La voix de la lama
0.2
Neant
0.2
Radio Gbètin Ouidah
0.1
Radio Gbètin Radio Kpassè
0.1
Radio Kpassè Radio Gbètin
0.1
Radio lama Alliance fm
0.1
immaculée
0.1
Radio Immaculée
0.1
Alliance fm Lama Immaculée conception
0.1
la voix de la Lama
0.1
Je ne sais pas : Un tuùn ǎ
0.1
Soleil
0.1
Allohado FM
0.1
Immaculée Conception.
0.1
Alliance fm Lama fm
0.1
Radio gbetin
0.1
99.4
0.1
Diaspora fm
0.1
Frisson
0.1
Alliance FM Voix de la lama
0.1
Ocean FM
0.1
Radio immaculée
0.1
Voix de la LAMA 103.8
0.1
108.3
0.1
Radio immaculée Alliance fm
0.1
Gbetin Kpasse
0.1
Alliance fm lama fm
0.1
Kpossotome
0.1
Radio alliance
0.1
Radio Kpassè fm
0.0
Radio Gbéti
0.0
Radio GBÉTI
0.0
radio Agbotagon
0.0
La voix de la LAMA
0.0
Aucune
0.0
radio LAMA
0.0
LAMA FM
0.0
Radio Alliance 97.0fm
0.0
Kpasse
0.0
RAdio LAMA
0.0
Radio Alliance
0.0
Alliance Fm
0.0
Fm
0.0
Radio Alafia fm
0.0
Gbéti
0.0
Radio Gbètin
0.0
Radio Gbètin et Radio Kpassè
0.0
Radio Gbéti 88.1FM
0.0
Radio Kpassé
0.0
Fm Aheme
0.0","Radio Sedohoun
83
ORTB FM
40
Capp FM
42
Gbeti
11
La Voix de la Vallée
32
Kpassè
7
Bénin Alafia
6
La voix de la lama
13
Tokpa FM
9
Lama
11
Maranatha FM
9
Alliance FM
9
Lama fm
9
Diaspora FM
2
Radio Carrefour
2
ADJA OUERE FM
6
Lama FM
3
Bénin Alafia.
5
Immaculée Conception
1
Immaculée
6
Radio LAMA
13
kpassè
1
kpassè.
1
RFI
1
Lama FM.
2
Alliance FM.
2
Ahémé FM
5
Radio Tonnasse
3
Alliance fm
7
Bip Radio
4
Radio Kpassè
4
alliance FM
1
La voix de la lama Alliance fm
2
Radio lalo
2
Comé
4
Benin alafia Lama fm
2
Radio Bénin alafia
1
Immaculée conception
3
Radio lama Radio Bénin alafia
1
Alliance
3
Lama fm Alliance fm
2
Lama Alliance fm
2
Radio Tonignon
4
LAMA FM 103.8
1
Alliance FM 97.0
1
Soleil fm
2
Ahémé
5
Alliance fm La voix de la lama Radio Bénin alafia
1
Radio lama
1
Alliance FM et Radio immaculée
1
Lama Alliance fm Golf fm
1
Radio immaculée conception
1
La voix de la lama Alliance FM
2
Radio kpasse Radio immaculée
1
Gbetin
2
Alafia
3
Ahémé FM.
2
la voix de la lama
2
Radio Bénin Culture
2
Allohado
1
Trait-Union
1
Alliance FM La voix de la lama
1
Lama fm Bénin alafia
1
Kpasse Gbetin
1
Je préfère ne pas répondre/ Un yí wǎn nú xósin ma yí gbè ǎ
1
Alliance fm La voix de la lama
1
Neant
2
Radio Gbètin Ouidah
3
Radio Gbètin Radio Kpassè
2
Radio Kpassè Radio Gbètin
2
Radio lama Alliance fm
1
immaculée
1
Radio Immaculée
3
Alliance fm Lama Immaculée conception
1
la voix de la Lama
1
Je ne sais pas : Un tuùn ǎ
4
Soleil
1
Allohado FM
1
Immaculée Conception.
1
Alliance fm Lama fm
1
Radio gbetin
1
99.4
1
Diaspora fm
1
Frisson
1
Alliance FM Voix de la lama
1
Ocean FM
1
Radio immaculée
1
Voix de la LAMA 103.8
1
108.3
1
Radio immaculée Alliance fm
1
Gbetin Kpasse
1
Alliance fm lama fm
1
Kpossotome
3
Radio alliance
2
Radio Kpassè fm
2
Radio Gbéti
2
Radio GBÉTI
2
radio Agbotagon
1
La voix de la LAMA
1
Aucune
1
radio LAMA
1
LAMA FM
1
Radio Alliance 97.0fm
1
Kpasse
1
RAdio LAMA
1
Radio Alliance
1
Alliance Fm
1
Fm
2
Radio Alafia fm
1
Gbéti
1
Radio Gbètin
1
Radio Gbètin et Radio Kpassè
1
Radio Gbéti 88.1FM
1
Radio Kpassé
1
Fm Aheme
1","Radio Sedohoun
54176.6
ORTB FM
41353.8
Capp FM
31178.8
Gbeti
26796.7
La Voix de la Vallée
15724.3
Kpassè
13922.9
Bénin Alafia
12757.7
La voix de la lama
8738.1
Tokpa FM
7724.7
Lama
6661.4
Maranatha FM
6610.0
Alliance FM
6545.8
Lama fm
6261.6
Diaspora FM
5257.8
Radio Carrefour
5007.7
ADJA OUERE FM
4383.2
Lama FM
4063.5
Bénin Alafia.
4005.2
Immaculée Conception
3365.0
Immaculée
2791.6
Radio LAMA
2650.0
kpassè
2574.8
kpassè.
2288.7
RFI
2288.7
Lama FM.
2170.7
Alliance FM.
2074.5
Ahémé FM
1937.8
Radio Tonnasse
1899.0
Alliance fm
1839.2
Bip Radio
1809.7
Radio Kpassè
1705.4
alliance FM
1682.5
La voix de la lama Alliance fm
1682.5
Radio lalo
1551.4
Comé
1482.0
Benin alafia Lama fm
1480.1
Radio Bénin alafia
1329.5
Immaculée conception
1275.5
Radio lama Radio Bénin alafia
1226.2
Alliance
1198.9
Lama fm Alliance fm
1188.8
Lama Alliance fm
1188.8
Radio Tonignon
1123.2
LAMA FM 103.8
1121.7
Alliance FM 97.0
1121.7
Soleil fm
1096.3
Ahémé
1017.1
Alliance fm La voix de la lama Radio Bénin alafia
946.4
Radio lama
946.4
Alliance FM et Radio immaculée
841.3
Lama Alliance fm Golf fm
841.3
Radio immaculée conception
781.9
La voix de la lama Alliance FM
765.2
Radio kpasse Radio immaculée
762.9
Gbetin
762.9
Alafia
715.7
Ahémé FM.
685.1
la voix de la lama
681.3
Radio Bénin Culture
677.7
Allohado
620.6
Trait-Union
620.6
Alliance FM La voix de la lama
590.0
Lama fm Bénin alafia
590.0
Kpasse Gbetin
572.2
Je préfère ne pas répondre/ Un yí wǎn nú xósin ma yí gbè ǎ
572.2
Alliance fm La voix de la lama
524.5
Neant
522.0
Radio Gbètin Ouidah
487.2
Radio Gbètin Radio Kpassè
473.7
Radio Kpassè Radio Gbètin
433.1
Radio lama Alliance fm
420.6
immaculée
420.6
Radio Immaculée
403.6
Alliance fm Lama Immaculée conception
347.5
la voix de la Lama
347.5
Je ne sais pas : Un tuùn ǎ
331.5
Soleil
324.8
Allohado FM
310.3
Immaculée Conception.
306.5
Alliance fm Lama fm
295.4
Radio gbetin
286.1
99.4
286.1
Diaspora fm
272.5
Frisson
262.2
Alliance FM Voix de la lama
262.2
Ocean FM
262.2
Radio immaculée
210.3
Voix de la LAMA 103.8
210.3
108.3
210.3
Radio immaculée Alliance fm
196.4
Gbetin Kpasse
190.7
Alliance fm lama fm
181.7
Kpossotome
179.4
Radio alliance
173.8
Radio Kpassè fm
162.4
Radio Gbéti
162.4
Radio GBÉTI
162.4
radio Agbotagon
155.1
La voix de la LAMA
147.7
Aucune
147.7
radio LAMA
136.2
LAMA FM
131.1
Radio Alliance 97.0fm
131.1
Kpasse
130.5
RAdio LAMA
86.9
Radio Alliance
86.9
Alliance Fm
86.9
Fm
81.6
Radio Alafia fm
81.2
Gbéti
81.2
Radio Gbètin
81.2
Radio Gbètin et Radio Kpassè
81.2
Radio Gbéti 88.1FM
81.2
Radio Kpassé
81.2
Fm Aheme
48.9","Deeman FM
45.6
Radio Parakou
11.1
Tchaourou FM
8.7
SAKA YERIMA FM
8.4
Radio SAKA Yerima 100.1 FM
4.7
FM nonsina
4.0
Radio Nonsina de Bembereke 90.8 FM
3.2
Je ne sais pas : Un tuùn ǎ
2.9
Radio Tchaourou 104.7 FM
2.4
Solidarité FM
2.0
ORTB FM
1.2
Radio tchaorou 104.7 FM
1.0
Radio Nonsina de Bembereke 90.8 FM et de Ndali 103.5 FM
0.9
Nonsina de Bembereke 90.8 FM
0.9
Radio Tchaourou 104.7 FM.
0.5
Radio Nonsina 90.8 FM
0.5
FM nonsima 90.8
0.5
FM soutisoua
0.5
Su tii sua de Ndali 103.5 FM
0.4
SAKA YERIMA
0.3
Radio SAKA Yerima 100.1
0.3","Deeman FM
78
Radio Parakou
15
Tchaourou FM
12
SAKA YERIMA FM
14
Radio SAKA Yerima 100.1 FM
14
FM nonsina
9
Radio Nonsina de Bembereke 90.8 FM
6
Je ne sais pas : Un tuùn ǎ
3
Radio Tchaourou 104.7 FM
5
Solidarité FM
6
ORTB FM
1
Radio tchaorou 104.7 FM
2
Radio Nonsina de Bembereke 90.8 FM et de Ndali 103.5 FM
1
Nonsina de Bembereke 90.8 FM
2
Radio Tchaourou 104.7 FM.
1
Radio Nonsina 90.8 FM
1
FM nonsima 90.8
1
FM soutisoua
1
Su tii sua de Ndali 103.5 FM
1
SAKA YERIMA
1
Radio SAKA Yerima 100.1
1","Deeman FM
168456.2
Radio Parakou
40994.2
Tchaourou FM
32029.8
SAKA YERIMA FM
30966.4
Radio SAKA Yerima 100.1 FM
17341.2
FM nonsina
14921.3
Radio Nonsina de Bembereke 90.8 FM
11840.6
Je ne sais pas : Un tuùn ǎ
10676.6
Radio Tchaourou 104.7 FM
8897.2
Solidarité FM
7557.1
ORTB FM
4318.3
Radio tchaorou 104.7 FM
3558.9
Radio Nonsina de Bembereke 90.8 FM et de Ndali 103.5 FM
3433.4
Nonsina de Bembereke 90.8 FM
3345.2
Radio Tchaourou 104.7 FM.
1779.4
Radio Nonsina 90.8 FM
1716.7
FM nonsima 90.8
1716.7
FM soutisoua
1716.7
Su tii sua de Ndali 103.5 FM
1628.5
SAKA YERIMA
1238.7
Radio SAKA Yerima 100.1
1238.7","Couffo FM
22.2
ORTB FM
22.0
Radio Tonnasse
12.6
Lalo FM
9.9
Radio Carrefour
9.7
Radio Lalo
6.3
Je ne sais pas : Un tuùn ǎ
4.7
ALAFIA FM
2.9
Lalo FM et GASSOU FM
1.8
LALO FM
1.8
Radio bénin Alafia
1.0
Gassui FM
1.0
GAMELI
1.0
Lalo FM et ALAFIA FM
0.9
Radio Tonion zogbodomey
0.9
Frisson
0.9
ALAFIA
0.5","Couffo FM
18
ORTB FM
20
Radio Tonnasse
3
Lalo FM
11
Radio Carrefour
3
Radio Lalo
5
Je ne sais pas : Un tuùn ǎ
5
ALAFIA FM
2
Lalo FM et GASSOU FM
2
LALO FM
2
Radio bénin Alafia
1
Gassui FM
1
GAMELI
1
Lalo FM et ALAFIA FM
1
Radio Tonion zogbodomey
1
Frisson
1
ALAFIA
1","Couffo FM
831.5
ORTB FM
824.3
Radio Tonnasse
470.9
Lalo FM
372.9
Radio Carrefour
362.2
Radio Lalo
237.3
Je ne sais pas : Un tuùn ǎ
176.5
ALAFIA FM
108.7
Lalo FM et GASSOU FM
67.8
LALO FM
67.8
Radio bénin Alafia
36.2
Gassui FM
36.2
GAMELI
36.2
Lalo FM et ALAFIA FM
33.9
Radio Tonion zogbodomey
33.9
Frisson
33.9
ALAFIA
18.1","Solidarité FM
87.7
Radio Parakou
11.5
ORTB FM
0.8","Solidarité FM
50
Radio Parakou
14
ORTB FM
1","Solidarité FM
173838.2
Radio Parakou
22796.8
ORTB FM
1506.7","La Voix de la Vallée
34.2
ADJA OUERE FM
15.6
Capp FM
15.4
ORTB FM
9.9
Alléluia FM
4.5
Radio wekê
3.4
Je ne sais pas : Un tuùn ǎ
2.9
Maranatha FM
1.5
Radio wêkè
1.4
Radio wêkè Alléluia FM
1.4
Radio wekê Peace fm
1.3
Tokpa FM
1.3
Radio Adja wéré
0.8
Radio Bénin Culture
0.7
Radio Sedohoun
0.6
Nanto FM
0.6
Radio weke
0.6
Radio wêkè Alliance FM Radio protectante
0.6
Radio Wèkè
0.6
Bip Radio
0.5
DIASPORA 102.3 FM.
0.4
Radio Tonnasse
0.3
Radio Alléluia FM
0.3
Radio wêkè Radio Attakè
0.3
Gerdes FM
0.3
Alléluia Fm
0.3
Radio Dispora
0.2
Radio Immaculée
0.1
Radio Weke
0.1
Allohado 104.1 FM
0.1","La Voix de la Vallée
58
ADJA OUERE FM
26
Capp FM
21
ORTB FM
12
Alléluia FM
8
Radio wekê
5
Je ne sais pas : Un tuùn ǎ
4
Maranatha FM
2
Radio wêkè
2
Radio wêkè Alléluia FM
2
Radio wekê Peace fm
1
Tokpa FM
1
Radio Adja wéré
1
Radio Bénin Culture
1
Radio Sedohoun
1
Nanto FM
1
Radio weke
4
Radio wêkè Alliance FM Radio protectante
1
Radio Wèkè
4
Bip Radio
1
DIASPORA 102.3 FM.
1
Radio Tonnasse
1
Radio Alléluia FM
2
Radio wêkè Radio Attakè
1
Gerdes FM
1
Alléluia Fm
2
Radio Dispora
1
Radio Immaculée
1
Radio Weke
1
Allohado 104.1 FM
1","La Voix de la Vallée
9442.9
ADJA OUERE FM
4324.9
Capp FM
4260.2
ORTB FM
2722.7
Alléluia FM
1254.8
Radio wekê
945.5
Je ne sais pas : Un tuùn ǎ
812.1
Maranatha FM
414.3
Radio wêkè
397.5
Radio wêkè Alléluia FM
384.6
Radio wekê Peace fm
346.2
Tokpa FM
346.2
Radio Adja wéré
223.3
Radio Bénin Culture
179.9
Radio Sedohoun
159.9
Nanto FM
159.9
Radio weke
153.9
Radio wêkè Alliance FM Radio protectante
153.9
Radio Wèkè
153.9
Bip Radio
127.9
DIASPORA 102.3 FM.
111.6
Radio Tonnasse
90.0
Radio Alléluia FM
76.9
Radio wêkè Radio Attakè
76.9
Gerdes FM
75.3
Alléluia Fm
71.9
Radio Dispora
62.8
Radio Immaculée
40.0
Radio Weke
38.5
Allohado 104.1 FM
27.9","Ala ketou FM
20.8
ALAFIA FM
18.7
Je ne sais pas : Un tuùn ǎ
16.7
Radio Tonnasse
14.6
ORTB FM
10.4
FM Alakétou
6.2
Radio bénin Alafia
4.2
Ketou FM
2.1
Radio Alakétou
2.1
Radio bénin Alafia et radio FM Alakétou
2.1
radio pobe
2.1","Ala ketou FM
10
ALAFIA FM
9
Je ne sais pas : Un tuùn ǎ
5
Radio Tonnasse
7
ORTB FM
5
FM Alakétou
3
Radio bénin Alafia
2
Ketou FM
1
Radio Alakétou
1
Radio bénin Alafia et radio FM Alakétou
1
radio pobe
1","Ala ketou FM
148514.9
ALAFIA FM
133663.4
Je ne sais pas : Un tuùn ǎ
118811.9
Radio Tonnasse
103960.4
ORTB FM
74257.4
FM Alakétou
44554.5
Radio bénin Alafia
29703.0
Ketou FM
14851.5
Radio Alakétou
14851.5
Radio bénin Alafia et radio FM Alakétou
14851.5
radio pobe
14851.5","Royale FM
16.4
Radio Carrefour
15.8
Je ne sais pas : Un tuùn ǎ
13.6
ALAFIA FM
7.7
ORTB FM
7.7
ALLOHADO FM
6.5
TRAIT-D'UNION
5.7
Royal FM
5.2
Radio Tonnasse
3.9
Radio Tonignon
3.7
Immaculée
2.7
Radio aloxado
1.8
ROYALE FM
1.1
Immaculée FM
1.1
Royal FM et radio aloxado
1.1
Royal FM et radio immaculée
1.1
Capp FM
1.1
Radio Leeman
0.9
Radio trait d'union
0.9
radio Gbanamè
0.9
royal FM
0.9","Royale FM
16
Radio Carrefour
16
Je ne sais pas : Un tuùn ǎ
13
ALAFIA FM
8
ORTB FM
8
ALLOHADO FM
6
TRAIT-D'UNION
6
Royal FM
5
Radio Tonnasse
4
Radio Tonignon
4
Immaculée
3
Radio aloxado
2
ROYALE FM
1
Immaculée FM
1
Royal FM et radio aloxado
1
Royal FM et radio immaculée
1
Capp FM
1
Radio Leeman
1
Radio trait d'union
1
radio Gbanamè
1
royal FM
1","Royale FM
132.2
Radio Carrefour
127.1
Je ne sais pas : Un tuùn ǎ
109.5
ALAFIA FM
62.5
ORTB FM
62.5
ALLOHADO FM
52.7
TRAIT-D'UNION
46.0
Royal FM
42.0
Radio Tonnasse
31.2
Radio Tonignon
29.5
Immaculée
22.2
Radio aloxado
14.8
ROYALE FM
9.1
Immaculée FM
9.1
Royal FM et radio aloxado
9.1
Royal FM et radio immaculée
9.1
Capp FM
9.1
Radio Leeman
7.4
Radio trait d'union
7.4
radio Gbanamè
7.4
royal FM
7.4"
Media Type,"Radio / Radio
41.1
Whatsapp/ WhatsApp
26.8
Réseaux sociaux/ xójlawema
19.2
Télévision/ televiziɔn /nùjlɛ́jlɛ́ nùjlɛ́jlɛ́
11.1
Autre : veuillez préciser/ Ðevo: kɛnklɛn bo ɖɔ
1.4
SMS/ SMS/ wɛn ɖe sɛ́dó mɛ
0.3
Aucun/ Ðebǔ
0.0","Radio / Radio
237
Whatsapp/ WhatsApp
126
Réseaux sociaux/ xójlawema
82
Télévision/ televiziɔn /nùjlɛ́jlɛ́ nùjlɛ́jlɛ́
54
Autre : veuillez préciser/ Ðevo: kɛnklɛn bo ɖɔ
18
SMS/ SMS/ wɛn ɖe sɛ́dó mɛ
4
Aucun/ Ðebǔ
1","Radio / Radio
142094.1
Whatsapp/ WhatsApp
92464.6
Réseaux sociaux/ xójlawema
66424.0
Télévision/ televiziɔn /nùjlɛ́jlɛ́ nùjlɛ́jlɛ́
38447.8
Autre : veuillez préciser/ Ðevo: kɛnklɛn bo ɖɔ
4871.0
SMS/ SMS/ wɛn ɖe sɛ́dó mɛ
1065.4
Aucun/ Ðebǔ
130.5","Radio / Radio
83.1
Whatsapp/ WhatsApp
9.3
Télévision/ televiziɔn /nùjlɛ́jlɛ́ nùjlɛ́jlɛ́
3.4
SMS/ SMS/ wɛn ɖe sɛ́dó mɛ
2.2
Réseaux sociaux/ xójlawema
1.6
Presse écrite/ xójlawema
0.4","Radio / Radio
159
Whatsapp/ WhatsApp
17
Télévision/ televiziɔn /nùjlɛ́jlɛ́ nùjlɛ́jlɛ́
9
SMS/ SMS/ wɛn ɖe sɛ́dó mɛ
2
Réseaux sociaux/ xójlawema
4
Presse écrite/ xójlawema
1","Radio / Radio
333257.9
Whatsapp/ WhatsApp
37112.0
Télévision/ televiziɔn /nùjlɛ́jlɛ́ nùjlɛ́jlɛ́
13750.7
SMS/ SMS/ wɛn ɖe sɛ́dó mɛ
8636.7
Réseaux sociaux/ xójlawema
6417.9
Presse écrite/ xójlawema
1779.4","Radio / Radio
47.1
Télévision/ televiziɔn /nùjlɛ́jlɛ́ nùjlɛ́jlɛ́
23.9
Whatsapp/ WhatsApp
18.3
Réseaux sociaux/ xójlawema
9.9
SMS/ SMS/ wɛn ɖe sɛ́dó mɛ
0.7","Radio / Radio
48
Télévision/ televiziɔn /nùjlɛ́jlɛ́ nùjlɛ́jlɛ́
29
Whatsapp/ WhatsApp
15
Réseaux sociaux/ xójlawema
8
SMS/ SMS/ wɛn ɖe sɛ́dó mɛ
1","Radio / Radio
2186.2
Télévision/ televiziɔn /nùjlɛ́jlɛ́ nùjlɛ́jlɛ́
1111.3
Whatsapp/ WhatsApp
850.8
Réseaux sociaux/ xójlawema
461.6
SMS/ SMS/ wɛn ɖe sɛ́dó mɛ
33.9","Radio / Radio
61.9
Télévision/ televiziɔn /nùjlɛ́jlɛ́ nùjlɛ́jlɛ́
17.3
Whatsapp/ WhatsApp
14.7
Réseaux sociaux/ xójlawema
5.4
SMS/ SMS/ wɛn ɖe sɛ́dó mɛ
0.6","Radio / Radio
47
Télévision/ televiziɔn /nùjlɛ́jlɛ́ nùjlɛ́jlɛ́
24
Whatsapp/ WhatsApp
22
Réseaux sociaux/ xójlawema
6
SMS/ SMS/ wɛn ɖe sɛ́dó mɛ
1","Radio / Radio
169069.1
Télévision/ televiziɔn /nùjlɛ́jlɛ́ nùjlɛ́jlɛ́
47311.6
Whatsapp/ WhatsApp
40027.5
Réseaux sociaux/ xójlawema
14805.7
SMS/ SMS/ wɛn ɖe sɛ́dó mɛ
1755.8","Radio / Radio
38.2
Whatsapp/ WhatsApp
27.6
Réseaux sociaux/ xójlawema
21.4
Télévision/ televiziɔn /nùjlɛ́jlɛ́ nùjlɛ́jlɛ́
10.7
Autre : veuillez préciser/ Ðevo: kɛnklɛn bo ɖɔ
0.9
Aucun/ Ðebǔ
0.5
SMS/ SMS/ wɛn ɖe sɛ́dó mɛ
0.5
Presse écrite/ xójlawema
0.1","Radio / Radio
100
Whatsapp/ WhatsApp
63
Réseaux sociaux/ xójlawema
47
Télévision/ televiziɔn /nùjlɛ́jlɛ́ nùjlɛ́jlɛ́
22
Autre : veuillez préciser/ Ðevo: kɛnklɛn bo ɖɔ
3
Aucun/ Ðebǔ
1
SMS/ SMS/ wɛn ɖe sɛ́dó mɛ
1
Presse écrite/ xójlawema
1","Radio / Radio
15682.7
Whatsapp/ WhatsApp
11331.6
Réseaux sociaux/ xójlawema
8786.3
Télévision/ televiziɔn /nùjlɛ́jlɛ́ nùjlɛ́jlɛ́
4383.2
Autre : veuillez préciser/ Ðevo: kɛnklɛn bo ɖɔ
362.2
Aucun/ Ðebǔ
223.3
SMS/ SMS/ wɛn ɖe sɛ́dó mɛ
223.3
Presse écrite/ xójlawema
53.3","Radio / Radio
39.7
Whatsapp/ WhatsApp
28.6
Télévision/ televiziɔn /nùjlɛ́jlɛ́ nùjlɛ́jlɛ́
17.5
Réseaux sociaux/ xójlawema
12.7
Aucun/ Ðebǔ
1.6","Radio / Radio
22
Whatsapp/ WhatsApp
15
Télévision/ televiziɔn /nùjlɛ́jlɛ́ nùjlɛ́jlɛ́
11
Réseaux sociaux/ xójlawema
5
Aucun/ Ðebǔ
1","Radio / Radio
371287.2
Whatsapp/ WhatsApp
267326.8
Télévision/ televiziɔn /nùjlɛ́jlɛ́ nùjlɛ́jlɛ́
163366.4
Réseaux sociaux/ xójlawema
118811.9
Aucun/ Ðebǔ
14851.5","Radio / Radio
41.1
Télévision/ televiziɔn /nùjlɛ́jlɛ́ nùjlɛ́jlɛ́
26.7
Whatsapp/ WhatsApp
21.9
Réseaux sociaux/ xójlawema
10.3","Radio / Radio
52
Télévision/ televiziɔn /nùjlɛ́jlɛ́ nùjlɛ́jlɛ́
34
Whatsapp/ WhatsApp
28
Réseaux sociaux/ xójlawema
13","Radio / Radio
423.4
Télévision/ televiziɔn /nùjlɛ́jlɛ́ nùjlɛ́jlɛ́
275.2
Whatsapp/ WhatsApp
225.9
Réseaux sociaux/ xójlawema
106.1"
Radio Consumption Method,"Via un poste de radio à la maison/ Gbɔn hladio jí ɖò xwégbe
47.5
Via mon téléphone portable, utilisé comme un poste de radio/ Gbɔn alokan ce jí, un nɔ zán ɖi hladio ɖɔhun/
22.8
Via un poste de radio au travail/ Gbɔn hladio jí ɖò azɔ̌mɛ
11.1
Via un poste de radio dans les lieux publics/ Gbɔn hladio jí ɖò fí e mɛ lɛ nɔ kplé ɖè lɛ é
6.9
Via un poste de radio ou un téléphone portable appartenant à un proche/ Gbɔn hladio jí alǒ alokan e nyí mɛvívɛ́ ce tɔn é jí
5.2
Via une application mobile : Whatsapp/ Gbɔn alokan ɖé jí: Whatsapp/ é dó ɖɔ xóƉò nùxíwómɛ wèmá tɔn jí: Whatsapp
2.2
Via un poste de radio dans les transports/ Gbɔn hladio jí ɖò mɔ̌to mɛ
1.8
Via une application mobile : FM ou application radio/ Gbɔn application mobile jí Ðevo/ Ɖò nùjlajla jí: FM alǒ radio
1.1
Via une application mobile : Facebook/ Gbɔn alokan Facebook jí:/ Xò nùjlajla jí: Facebook
0.9
Autre : veuillez préciser/ Ðevo: kɛnklɛn bo ɖɔ
0.3
Via une application mobile : Autre/ Gbɔn alokan  ɖevo jí
0.2","Via un poste de radio à la maison/ Gbɔn hladio jí ɖò xwégbe
211
Via mon téléphone portable, utilisé comme un poste de radio/ Gbɔn alokan ce jí, un nɔ zán ɖi hladio ɖɔhun/
89
Via un poste de radio au travail/ Gbɔn hladio jí ɖò azɔ̌mɛ
24
Via un poste de radio dans les lieux publics/ Gbɔn hladio jí ɖò fí e mɛ lɛ nɔ kplé ɖè lɛ é
36
Via un poste de radio ou un téléphone portable appartenant à un proche/ Gbɔn hladio jí alǒ alokan e nyí mɛvívɛ́ ce tɔn é jí
34
Via une application mobile : Whatsapp/ Gbɔn alokan ɖé jí: Whatsapp/ é dó ɖɔ xóƉò nùxíwómɛ wèmá tɔn jí: Whatsapp
9
Via un poste de radio dans les transports/ Gbɔn hladio jí ɖò mɔ̌to mɛ
14
Via une application mobile : FM ou application radio/ Gbɔn application mobile jí Ðevo/ Ɖò nùjlajla jí: FM alǒ radio
6
Via une application mobile : Facebook/ Gbɔn alokan Facebook jí:/ Xò nùjlajla jí: Facebook
2
Autre : veuillez préciser/ Ðevo: kɛnklɛn bo ɖɔ
3
Via une application mobile : Autre/ Gbɔn alokan  ɖevo jí
1","Via un poste de radio à la maison/ Gbɔn hladio jí ɖò xwégbe
119425.7
Via mon téléphone portable, utilisé comme un poste de radio/ Gbɔn alokan ce jí, un nɔ zán ɖi hladio ɖɔhun/
57236.8
Via un poste de radio au travail/ Gbɔn hladio jí ɖò azɔ̌mɛ
27977.5
Via un poste de radio dans les lieux publics/ Gbɔn hladio jí ɖò fí e mɛ lɛ nɔ kplé ɖè lɛ é
17239.4
Via un poste de radio ou un téléphone portable appartenant à un proche/ Gbɔn hladio jí alǒ alokan e nyí mɛvívɛ́ ce tɔn é jí
13054.9
Via une application mobile : Whatsapp/ Gbɔn alokan ɖé jí: Whatsapp/ é dó ɖɔ xóƉò nùxíwómɛ wèmá tɔn jí: Whatsapp
5455.0
Via un poste de radio dans les transports/ Gbɔn hladio jí ɖò mɔ̌to mɛ
4583.1
Via une application mobile : FM ou application radio/ Gbɔn application mobile jí Ðevo/ Ɖò nùjlajla jí: FM alǒ radio
2774.2
Via une application mobile : Facebook/ Gbɔn alokan Facebook jí:/ Xò nùjlajla jí: Facebook
2178.2
Autre : veuillez préciser/ Ðevo: kɛnklɛn bo ɖɔ
721.2
Via une application mobile : Autre/ Gbɔn alokan  ɖevo jí
620.6","Via un poste de radio à la maison/ Gbɔn hladio jí ɖò xwégbe
39.7
Via mon téléphone portable, utilisé comme un poste de radio/ Gbɔn alokan ce jí, un nɔ zán ɖi hladio ɖɔhun/
27.8
Via un poste de radio ou un téléphone portable appartenant à un proche/ Gbɔn hladio jí alǒ alokan e nyí mɛvívɛ́ ce tɔn é jí
8.9
Via une application mobile : FM ou application radio/ Gbɔn application mobile jí Ðevo/ Ɖò nùjlajla jí: FM alǒ radio
8.0
Via une application mobile : Whatsapp/ Gbɔn alokan ɖé jí: Whatsapp/ é dó ɖɔ xóƉò nùxíwómɛ wèmá tɔn jí: Whatsapp
5.5
Via une application mobile : Autre/ Gbɔn alokan  ɖevo jí
3.4
Via un poste de radio au travail/ Gbɔn hladio jí ɖò azɔ̌mɛ
2.9
Via un poste de radio dans les lieux publics/ Gbɔn hladio jí ɖò fí e mɛ lɛ nɔ kplé ɖè lɛ é
1.7
Via un poste de radio dans les transports/ Gbɔn hladio jí ɖò mɔ̌to mɛ
1.4
Via une application mobile : Facebook/ Gbɔn alokan Facebook jí:/ Xò nùjlajla jí: Facebook
0.8","Via un poste de radio à la maison/ Gbɔn hladio jí ɖò xwégbe
71
Via mon téléphone portable, utilisé comme un poste de radio/ Gbɔn alokan ce jí, un nɔ zán ɖi hladio ɖɔhun/
54
Via un poste de radio ou un téléphone portable appartenant à un proche/ Gbɔn hladio jí alǒ alokan e nyí mɛvívɛ́ ce tɔn é jí
27
Via une application mobile : FM ou application radio/ Gbɔn application mobile jí Ðevo/ Ɖò nùjlajla jí: FM alǒ radio
12
Via une application mobile : Whatsapp/ Gbɔn alokan ɖé jí: Whatsapp/ é dó ɖɔ xóƉò nùxíwómɛ wèmá tɔn jí: Whatsapp
11
Via une application mobile : Autre/ Gbɔn alokan  ɖevo jí
6
Via un poste de radio au travail/ Gbɔn hladio jí ɖò azɔ̌mɛ
4
Via un poste de radio dans les lieux publics/ Gbɔn hladio jí ɖò fí e mɛ lɛ nɔ kplé ɖè lɛ é
3
Via un poste de radio dans les transports/ Gbɔn hladio jí ɖò mɔ̌to mɛ
4
Via une application mobile : Facebook/ Gbɔn alokan Facebook jí:/ Xò nùjlajla jí: Facebook
2","Via un poste de radio à la maison/ Gbɔn hladio jí ɖò xwégbe
160716.9
Via mon téléphone portable, utilisé comme un poste de radio/ Gbɔn alokan ce jí, un nɔ zán ɖi hladio ɖɔhun/
112570.6
Via un poste de radio ou un téléphone portable appartenant à un proche/ Gbɔn hladio jí alǒ alokan e nyí mɛvívɛ́ ce tɔn é jí
35897.0
Via une application mobile : FM ou application radio/ Gbɔn application mobile jí Ðevo/ Ɖò nùjlajla jí: FM alǒ radio
32360.1
Via une application mobile : Whatsapp/ Gbɔn alokan ɖé jí: Whatsapp/ é dó ɖɔ xóƉò nùxíwómɛ wèmá tɔn jí: Whatsapp
22297.1
Via une application mobile : Autre/ Gbɔn alokan  ɖevo jí
13857.9
Via un poste de radio au travail/ Gbɔn hladio jí ɖò azɔ̌mɛ
11605.3
Via un poste de radio dans les lieux publics/ Gbɔn hladio jí ɖò fí e mɛ lɛ nɔ kplé ɖè lɛ é
6992.3
Via un poste de radio dans les transports/ Gbɔn hladio jí ɖò mɔ̌to mɛ
5575.3
Via une application mobile : Facebook/ Gbɔn alokan Facebook jí:/ Xò nùjlajla jí: Facebook
3345.2","Via un poste de radio à la maison/ Gbɔn hladio jí ɖò xwégbe
52.8
Via mon téléphone portable, utilisé comme un poste de radio/ Gbɔn alokan ce jí, un nɔ zán ɖi hladio ɖɔhun/
31.4
Via un poste de radio ou un téléphone portable appartenant à un proche/ Gbɔn hladio jí alǒ alokan e nyí mɛvívɛ́ ce tɔn é jí
6.2
Via une application mobile : Facebook/ Gbɔn alokan Facebook jí:/ Xò nùjlajla jí: Facebook
4.8
Via une application mobile : Whatsapp/ Gbɔn alokan ɖé jí: Whatsapp/ é dó ɖɔ xóƉò nùxíwómɛ wèmá tɔn jí: Whatsapp
4.8","Via un poste de radio à la maison/ Gbɔn hladio jí ɖò xwégbe
32
Via mon téléphone portable, utilisé comme un poste de radio/ Gbɔn alokan ce jí, un nɔ zán ɖi hladio ɖɔhun/
22
Via un poste de radio ou un téléphone portable appartenant à un proche/ Gbɔn hladio jí alǒ alokan e nyí mɛvívɛ́ ce tɔn é jí
6
Via une application mobile : Facebook/ Gbɔn alokan Facebook jí:/ Xò nùjlajla jí: Facebook
1
Via une application mobile : Whatsapp/ Gbɔn alokan ɖé jí: Whatsapp/ é dó ɖɔ xóƉò nùxíwómɛ wèmá tɔn jí: Whatsapp
1","Via un poste de radio à la maison/ Gbɔn hladio jí ɖò xwégbe
1595.9
Via mon téléphone portable, utilisé comme un poste de radio/ Gbɔn alokan ce jí, un nɔ zán ɖi hladio ɖɔhun/
947.9
Via un poste de radio ou un téléphone portable appartenant à un proche/ Gbɔn hladio jí alǒ alokan e nyí mɛvívɛ́ ce tɔn é jí
188.5
Via une application mobile : Facebook/ Gbɔn alokan Facebook jí:/ Xò nùjlajla jí: Facebook
144.9
Via une application mobile : Whatsapp/ Gbɔn alokan ɖé jí: Whatsapp/ é dó ɖɔ xóƉò nùxíwómɛ wèmá tɔn jí: Whatsapp
144.9","Via un poste de radio à la maison/ Gbɔn hladio jí ɖò xwégbe
38.6
Via un poste de radio ou un téléphone portable appartenant à un proche/ Gbɔn hladio jí alǒ alokan e nyí mɛvívɛ́ ce tɔn é jí
22.3
Via mon téléphone portable, utilisé comme un poste de radio/ Gbɔn alokan ce jí, un nɔ zán ɖi hladio ɖɔhun/
14.2
Via un poste de radio au travail/ Gbɔn hladio jí ɖò azɔ̌mɛ
12.0
Via un poste de radio dans les transports/ Gbɔn hladio jí ɖò mɔ̌to mɛ
6.5
Via un poste de radio dans les lieux publics/ Gbɔn hladio jí ɖò fí e mɛ lɛ nɔ kplé ɖè lɛ é
2.8
Je ne sais pas/ Un tuùn ǎ
1.7
Via une application mobile : FM ou application radio/ Gbɔn application mobile jí Ðevo/ Ɖò nùjlajla jí: FM alǒ radio
1.7","Via un poste de radio à la maison/ Gbɔn hladio jí ɖò xwégbe
28
Via un poste de radio ou un téléphone portable appartenant à un proche/ Gbɔn hladio jí alǒ alokan e nyí mɛvívɛ́ ce tɔn é jí
8
Via mon téléphone portable, utilisé comme un poste de radio/ Gbɔn alokan ce jí, un nɔ zán ɖi hladio ɖɔhun/
14
Via un poste de radio au travail/ Gbɔn hladio jí ɖò azɔ̌mɛ
5
Via un poste de radio dans les transports/ Gbɔn hladio jí ɖò mɔ̌to mɛ
3
Via un poste de radio dans les lieux publics/ Gbɔn hladio jí ɖò fí e mɛ lɛ nɔ kplé ɖè lɛ é
4
Je ne sais pas/ Un tuùn ǎ
1
Via une application mobile : FM ou application radio/ Gbɔn application mobile jí Ðevo/ Ɖò nùjlajla jí: FM alǒ radio
2","Via un poste de radio à la maison/ Gbɔn hladio jí ɖò xwégbe
78140.0
Via un poste de radio ou un téléphone portable appartenant à un proche/ Gbɔn hladio jí alǒ alokan e nyí mɛvívɛ́ ce tɔn é jí
45195.8
Via mon téléphone portable, utilisé comme un poste de radio/ Gbɔn alokan ce jí, un nɔ zán ɖi hladio ɖɔhun/
28741.3
Via un poste de radio au travail/ Gbɔn hladio jí ɖò azɔ̌mɛ
24332.2
Via un poste de radio dans les transports/ Gbɔn hladio jí ɖò mɔ̌to mɛ
13246.9
Via un poste de radio dans les lieux publics/ Gbɔn hladio jí ɖò fí e mɛ lɛ nɔ kplé ɖè lɛ é
5647.0
Je ne sais pas/ Un tuùn ǎ
3511.6
Via une application mobile : FM ou application radio/ Gbɔn application mobile jí Ðevo/ Ɖò nùjlajla jí: FM alǒ radio
3511.6","Via un poste de radio à la maison/ Gbɔn hladio jí ɖò xwégbe
43.9
Via mon téléphone portable, utilisé comme un poste de radio/ Gbɔn alokan ce jí, un nɔ zán ɖi hladio ɖɔhun/
16.0
Via un poste de radio ou un téléphone portable appartenant à un proche/ Gbɔn hladio jí alǒ alokan e nyí mɛvívɛ́ ce tɔn é jí
11.2
Via un poste de radio dans les lieux publics/ Gbɔn hladio jí ɖò fí e mɛ lɛ nɔ kplé ɖè lɛ é
9.1
Via un poste de radio au travail/ Gbɔn hladio jí ɖò azɔ̌mɛ
8.6
Via une application mobile : Whatsapp/ Gbɔn alokan ɖé jí: Whatsapp/ é dó ɖɔ xóƉò nùxíwómɛ wèmá tɔn jí: Whatsapp
5.3
Via une application mobile : FM ou application radio/ Gbɔn application mobile jí Ðevo/ Ɖò nùjlajla jí: FM alǒ radio
2.7
Via un poste de radio dans les transports/ Gbɔn hladio jí ɖò mɔ̌to mɛ
2.2
Via une application mobile : Facebook/ Gbɔn alokan Facebook jí:/ Xò nùjlajla jí: Facebook
0.8
Via une application mobile : Autre/ Gbɔn alokan  ɖevo jí
0.1","Via un poste de radio à la maison/ Gbɔn hladio jí ɖò xwégbe
80
Via mon téléphone portable, utilisé comme un poste de radio/ Gbɔn alokan ce jí, un nɔ zán ɖi hladio ɖɔhun/
28
Via un poste de radio ou un téléphone portable appartenant à un proche/ Gbɔn hladio jí alǒ alokan e nyí mɛvívɛ́ ce tɔn é jí
13
Via un poste de radio dans les lieux publics/ Gbɔn hladio jí ɖò fí e mɛ lɛ nɔ kplé ɖè lɛ é
16
Via un poste de radio au travail/ Gbɔn hladio jí ɖò azɔ̌mɛ
10
Via une application mobile : Whatsapp/ Gbɔn alokan ɖé jí: Whatsapp/ é dó ɖɔ xóƉò nùxíwómɛ wèmá tɔn jí: Whatsapp
7
Via une application mobile : FM ou application radio/ Gbɔn application mobile jí Ðevo/ Ɖò nùjlajla jí: FM alǒ radio
4
Via un poste de radio dans les transports/ Gbɔn hladio jí ɖò mɔ̌to mɛ
3
Via une application mobile : Facebook/ Gbɔn alokan Facebook jí:/ Xò nùjlajla jí: Facebook
1
Via une application mobile : Autre/ Gbɔn alokan  ɖevo jí
1","Via un poste de radio à la maison/ Gbɔn hladio jí ɖò xwégbe
12730.6
Via mon téléphone portable, utilisé comme un poste de radio/ Gbɔn alokan ce jí, un nɔ zán ɖi hladio ɖɔhun/
4649.6
Via un poste de radio ou un téléphone portable appartenant à un proche/ Gbɔn hladio jí alǒ alokan e nyí mɛvívɛ́ ce tɔn é jí
3242.5
Via un poste de radio dans les lieux publics/ Gbɔn hladio jí ɖò fí e mɛ lɛ nɔ kplé ɖè lɛ é
2647.8
Via un poste de radio au travail/ Gbɔn hladio jí ɖò azɔ̌mɛ
2505.9
Via une application mobile : Whatsapp/ Gbɔn alokan ɖé jí: Whatsapp/ é dó ɖɔ xóƉò nùxíwómɛ wèmá tɔn jí: Whatsapp
1522.9
Via une application mobile : FM ou application radio/ Gbɔn application mobile jí Ðevo/ Ɖò nùjlajla jí: FM alǒ radio
777.5
Via un poste de radio dans les transports/ Gbɔn hladio jí ɖò mɔ̌to mɛ
646.4
Via une application mobile : Facebook/ Gbɔn alokan Facebook jí:/ Xò nùjlajla jí: Facebook
223.3
Via une application mobile : Autre/ Gbɔn alokan  ɖevo jí
38.5","Via mon téléphone portable, utilisé comme un poste de radio/ Gbɔn alokan ce jí, un nɔ zán ɖi hladio ɖɔhun/
54.1
Via un poste de radio à la maison/ Gbɔn hladio jí ɖò xwégbe
40.5
Via un poste de radio au travail/ Gbɔn hladio jí ɖò azɔ̌mɛ
2.7
Via un poste de radio ou un téléphone portable appartenant à un proche/ Gbɔn hladio jí alǒ alokan e nyí mɛvívɛ́ ce tɔn é jí
2.7","Via mon téléphone portable, utilisé comme un poste de radio/ Gbɔn alokan ce jí, un nɔ zán ɖi hladio ɖɔhun/
17
Via un poste de radio à la maison/ Gbɔn hladio jí ɖò xwégbe
15
Via un poste de radio au travail/ Gbɔn hladio jí ɖò azɔ̌mɛ
1
Via un poste de radio ou un téléphone portable appartenant à un proche/ Gbɔn hladio jí alǒ alokan e nyí mɛvívɛ́ ce tɔn é jí
1","Via mon téléphone portable, utilisé comme un poste de radio/ Gbɔn alokan ce jí, un nɔ zán ɖi hladio ɖɔhun/
297029.8
Via un poste de radio à la maison/ Gbɔn hladio jí ɖò xwégbe
222772.3
Via un poste de radio au travail/ Gbɔn hladio jí ɖò azɔ̌mɛ
14851.5
Via un poste de radio ou un téléphone portable appartenant à un proche/ Gbɔn hladio jí alǒ alokan e nyí mɛvívɛ́ ce tɔn é jí
14851.5","Via un poste de radio à la maison/ Gbɔn hladio jí ɖò xwégbe
52.5
Via mon téléphone portable, utilisé comme un poste de radio/ Gbɔn alokan ce jí, un nɔ zán ɖi hladio ɖɔhun/
28.0
Via un poste de radio ou un téléphone portable appartenant à un proche/ Gbɔn hladio jí alǒ alokan e nyí mɛvívɛ́ ce tɔn é jí
11.5
Via un poste de radio au travail/ Gbɔn hladio jí ɖò azɔ̌mɛ
4.3
Via une application mobile : FM ou application radio/ Gbɔn application mobile jí Ðevo/ Ɖò nùjlajla jí: FM alǒ radio
1.4
Via un poste de radio dans les lieux publics/ Gbɔn hladio jí ɖò fí e mɛ lɛ nɔ kplé ɖè lɛ é
1.2
Via une application mobile : Whatsapp/ Gbɔn alokan ɖé jí: Whatsapp/ é dó ɖɔ xóƉò nùxíwómɛ wèmá tɔn jí: Whatsapp
1.2","Via un poste de radio à la maison/ Gbɔn hladio jí ɖò xwégbe
41
Via mon téléphone portable, utilisé comme un poste de radio/ Gbɔn alokan ce jí, un nɔ zán ɖi hladio ɖɔhun/
22
Via un poste de radio ou un téléphone portable appartenant à un proche/ Gbɔn hladio jí alǒ alokan e nyí mɛvívɛ́ ce tɔn é jí
9
Via un poste de radio au travail/ Gbɔn hladio jí ɖò azɔ̌mɛ
3
Via une application mobile : FM ou application radio/ Gbɔn application mobile jí Ðevo/ Ɖò nùjlajla jí: FM alǒ radio
1
Via un poste de radio dans les lieux publics/ Gbɔn hladio jí ɖò fí e mɛ lɛ nɔ kplé ɖè lɛ é
1
Via une application mobile : Whatsapp/ Gbɔn alokan ɖé jí: Whatsapp/ é dó ɖɔ xóƉò nùxíwómɛ wèmá tɔn jí: Whatsapp
1","Via un poste de radio à la maison/ Gbɔn hladio jí ɖò xwégbe
333.7
Via mon téléphone portable, utilisé comme un poste de radio/ Gbɔn alokan ce jí, un nɔ zán ɖi hladio ɖɔhun/
177.7
Via un poste de radio ou un téléphone portable appartenant à un proche/ Gbɔn hladio jí alǒ alokan e nyí mɛvívɛ́ ce tɔn é jí
73.2
Via un poste de radio au travail/ Gbɔn hladio jí ɖò azɔ̌mɛ
27.2
Via une application mobile : FM ou application radio/ Gbɔn application mobile jí Ðevo/ Ɖò nùjlajla jí: FM alǒ radio
9.1
Via un poste de radio dans les lieux publics/ Gbɔn hladio jí ɖò fí e mɛ lɛ nɔ kplé ɖè lɛ é
7.4
Via une application mobile : Whatsapp/ Gbɔn alokan ɖé jí: Whatsapp/ é dó ɖɔ xóƉò nùxíwómɛ wèmá tɔn jí: Whatsapp
7.4"
Favourite Radio Format,"Émission avec appels téléphoniques (le public appelle et des experts répondent à leurs questions)/ Nǔ e è nɔ ylɔ mɛ lɛ é (mɛ e ɖò kplé ɔ tɛnmɛ lɛ é nɔ ylɔ mɛ lɛ bɔ mɛ e tuùn nǔ lɛ é nɔ na xósin nú nǔkanbyɔ yetɔn lɛ)
39.5
Témoignages (des personnes réelles partagent leur vie personnelle)/ Kúnnuɖenú lɛ (mɛ nǔgbo lɛ nɔ má gbɛzán yeɖesunɔ tɔn lɛ)
29.6
Interview (un animateur interviewe un ou plusieurs experts) / Xóɖɔɖókpɔ́ (mɛ e nɔ kpé nukún dó nǔ lɛ wu é ɖé nɔ kàn nǔ byɔ mɛ e tuùn nǔ ganji lɛ é ɖokpo alǒ hú mɔ̌)
16.9
Narration (lorsqu'un ou plusieurs personnages fictifs racontent leur histoire dans un monologue, c'est-à-dire lorsqu'une seule personne parle). Tan kpikpa (hwenu e mɛ e è lin ɖɔ é ɖò tan yetɔn mɛ é ɖokpo alǒ hú mɔ̌ ɖɔ tan yetɔn ɖò xóɖɔɖókpɔ́ mɛɖokponɔ tɔn mɛ é, enɛ wɛ nyí ɖɔ mɛ ɖokpo géé wɛ ɖɔ xó).
7.0
Fiction unitaire (chaque programme est une histoire complète, avec des acteurs incarnant des personnages)/ Xɛxó e è nɔ bló ɖò akpáxwé ɖokpo jí é (tuto ɖokpo ɖokpo nyí tan bǔnɔ ɖé, bɔ nǔjlɛdonǔwutɔ́ lɛ nɔ ɖè mɛ e ɖ’emɛ lɛ é xlɛ́)
3.3
Série fictionnelle (des acteurs jouent les mêmes personnages dans plusieurs épisodes)/ Nǔ e è nɔ xò ɖò nǔjlɛdonǔwu mɛ lɛ é (mɛ e nɔ xò nǔ kpɔ́n lɛ é nɔ xò nǔ ɖokpo ɔ lɛ ɖò xóɖiɖɔ gègě mɛ)
1.8
Je ne sais pas/ Un tuùn ǎ
1.6
Autre : veuillez préciser/ Ɖevo: kɛnklɛn ɖɔ
0.2","Émission avec appels téléphoniques (le public appelle et des experts répondent à leurs questions)/ Nǔ e è nɔ ylɔ mɛ lɛ é (mɛ e ɖò kplé ɔ tɛnmɛ lɛ é nɔ ylɔ mɛ lɛ bɔ mɛ e tuùn nǔ lɛ é nɔ na xósin nú nǔkanbyɔ yetɔn lɛ)
203
Témoignages (des personnes réelles partagent leur vie personnelle)/ Kúnnuɖenú lɛ (mɛ nǔgbo lɛ nɔ má gbɛzán yeɖesunɔ tɔn lɛ)
162
Interview (un animateur interviewe un ou plusieurs experts) / Xóɖɔɖókpɔ́ (mɛ e nɔ kpé nukún dó nǔ lɛ wu é ɖé nɔ kàn nǔ byɔ mɛ e tuùn nǔ ganji lɛ é ɖokpo alǒ hú mɔ̌)
100
Narration (lorsqu'un ou plusieurs personnages fictifs racontent leur histoire dans un monologue, c'est-à-dire lorsqu'une seule personne parle). Tan kpikpa (hwenu e mɛ e è lin ɖɔ é ɖò tan yetɔn mɛ é ɖokpo alǒ hú mɔ̌ ɖɔ tan yetɔn ɖò xóɖɔɖókpɔ́ mɛɖokponɔ tɔn mɛ é, enɛ wɛ nyí ɖɔ mɛ ɖokpo géé wɛ ɖɔ xó).
42
Fiction unitaire (chaque programme est une histoire complète, avec des acteurs incarnant des personnages)/ Xɛxó e è nɔ bló ɖò akpáxwé ɖokpo jí é (tuto ɖokpo ɖokpo nyí tan bǔnɔ ɖé, bɔ nǔjlɛdonǔwutɔ́ lɛ nɔ ɖè mɛ e ɖ’emɛ lɛ é xlɛ́)
28
Série fictionnelle (des acteurs jouent les mêmes personnages dans plusieurs épisodes)/ Nǔ e è nɔ xò ɖò nǔjlɛdonǔwu mɛ lɛ é (mɛ e nɔ xò nǔ kpɔ́n lɛ é nɔ xò nǔ ɖokpo ɔ lɛ ɖò xóɖiɖɔ gègě mɛ)
20
Je ne sais pas/ Un tuùn ǎ
8
Autre : veuillez préciser/ Ɖevo: kɛnklɛn ɖɔ
3","Émission avec appels téléphoniques (le public appelle et des experts répondent à leurs questions)/ Nǔ e è nɔ ylɔ mɛ lɛ é (mɛ e ɖò kplé ɔ tɛnmɛ lɛ é nɔ ylɔ mɛ lɛ bɔ mɛ e tuùn nǔ lɛ é nɔ na xósin nú nǔkanbyɔ yetɔn lɛ)
121580.1
Témoignages (des personnes réelles partagent leur vie personnelle)/ Kúnnuɖenú lɛ (mɛ nǔgbo lɛ nɔ má gbɛzán yeɖesunɔ tɔn lɛ)
90867.8
Interview (un animateur interviewe un ou plusieurs experts) / Xóɖɔɖókpɔ́ (mɛ e nɔ kpé nukún dó nǔ lɛ wu é ɖé nɔ kàn nǔ byɔ mɛ e tuùn nǔ ganji lɛ é ɖokpo alǒ hú mɔ̌)
52080.8
Narration (lorsqu'un ou plusieurs personnages fictifs racontent leur histoire dans un monologue, c'est-à-dire lorsqu'une seule personne parle). Tan kpikpa (hwenu e mɛ e è lin ɖɔ é ɖò tan yetɔn mɛ é ɖokpo alǒ hú mɔ̌ ɖɔ tan yetɔn ɖò xóɖɔɖókpɔ́ mɛɖokponɔ tɔn mɛ é, enɛ wɛ nyí ɖɔ mɛ ɖokpo géé wɛ ɖɔ xó).
21422.5
Fiction unitaire (chaque programme est une histoire complète, avec des acteurs incarnant des personnages)/ Xɛxó e è nɔ bló ɖò akpáxwé ɖokpo jí é (tuto ɖokpo ɖokpo nyí tan bǔnɔ ɖé, bɔ nǔjlɛdonǔwutɔ́ lɛ nɔ ɖè mɛ e ɖ’emɛ lɛ é xlɛ́)
10082.7
Série fictionnelle (des acteurs jouent les mêmes personnages dans plusieurs épisodes)/ Nǔ e è nɔ xò ɖò nǔjlɛdonǔwu mɛ lɛ é (mɛ e nɔ xò nǔ kpɔ́n lɛ é nɔ xò nǔ ɖokpo ɔ lɛ ɖò xóɖiɖɔ gègě mɛ)
5686.1
Je ne sais pas/ Un tuùn ǎ
4968.6
Autre : veuillez préciser/ Ɖevo: kɛnklɛn ɖɔ
727.7","Émission avec appels téléphoniques (le public appelle et des experts répondent à leurs questions)/ Nǔ e è nɔ ylɔ mɛ lɛ é (mɛ e ɖò kplé ɔ tɛnmɛ lɛ é nɔ ylɔ mɛ lɛ bɔ mɛ e tuùn nǔ lɛ é nɔ na xósin nú nǔkanbyɔ yetɔn lɛ)
30.4
Narration (lorsqu'un ou plusieurs personnages fictifs racontent leur histoire dans un monologue, c'est-à-dire lorsqu'une seule personne parle). Tan kpikpa (hwenu e mɛ e è lin ɖɔ é ɖò tan yetɔn mɛ é ɖokpo alǒ hú mɔ̌ ɖɔ tan yetɔn ɖò xóɖɔɖókpɔ́ mɛɖokponɔ tɔn mɛ é, enɛ wɛ nyí ɖɔ mɛ ɖokpo géé wɛ ɖɔ xó).
26.2
Témoignages (des personnes réelles partagent leur vie personnelle)/ Kúnnuɖenú lɛ (mɛ nǔgbo lɛ nɔ má gbɛzán yeɖesunɔ tɔn lɛ)
20.1
Interview (un animateur interviewe un ou plusieurs experts) / Xóɖɔɖókpɔ́ (mɛ e nɔ kpé nukún dó nǔ lɛ wu é ɖé nɔ kàn nǔ byɔ mɛ e tuùn nǔ ganji lɛ é ɖokpo alǒ hú mɔ̌)
16.7
Fiction unitaire (chaque programme est une histoire complète, avec des acteurs incarnant des personnages)/ Xɛxó e è nɔ bló ɖò akpáxwé ɖokpo jí é (tuto ɖokpo ɖokpo nyí tan bǔnɔ ɖé, bɔ nǔjlɛdonǔwutɔ́ lɛ nɔ ɖè mɛ e ɖ’emɛ lɛ é xlɛ́)
3.9
Série fictionnelle (des acteurs jouent les mêmes personnages dans plusieurs épisodes)/ Nǔ e è nɔ xò ɖò nǔjlɛdonǔwu mɛ lɛ é (mɛ e nɔ xò nǔ kpɔ́n lɛ é nɔ xò nǔ ɖokpo ɔ lɛ ɖò xóɖiɖɔ gègě mɛ)
2.2
Autre : veuillez préciser/ Ɖevo: kɛnklɛn ɖɔ
0.5","Émission avec appels téléphoniques (le public appelle et des experts répondent à leurs questions)/ Nǔ e è nɔ ylɔ mɛ lɛ é (mɛ e ɖò kplé ɔ tɛnmɛ lɛ é nɔ ylɔ mɛ lɛ bɔ mɛ e tuùn nǔ lɛ é nɔ na xósin nú nǔkanbyɔ yetɔn lɛ)
112
Narration (lorsqu'un ou plusieurs personnages fictifs racontent leur histoire dans un monologue, c'est-à-dire lorsqu'une seule personne parle). Tan kpikpa (hwenu e mɛ e è lin ɖɔ é ɖò tan yetɔn mɛ é ɖokpo alǒ hú mɔ̌ ɖɔ tan yetɔn ɖò xóɖɔɖókpɔ́ mɛɖokponɔ tɔn mɛ é, enɛ wɛ nyí ɖɔ mɛ ɖokpo géé wɛ ɖɔ xó).
93
Témoignages (des personnes réelles partagent leur vie personnelle)/ Kúnnuɖenú lɛ (mɛ nǔgbo lɛ nɔ má gbɛzán yeɖesunɔ tɔn lɛ)
70
Interview (un animateur interviewe un ou plusieurs experts) / Xóɖɔɖókpɔ́ (mɛ e nɔ kpé nukún dó nǔ lɛ wu é ɖé nɔ kàn nǔ byɔ mɛ e tuùn nǔ ganji lɛ é ɖokpo alǒ hú mɔ̌)
46
Fiction unitaire (chaque programme est une histoire complète, avec des acteurs incarnant des personnages)/ Xɛxó e è nɔ bló ɖò akpáxwé ɖokpo jí é (tuto ɖokpo ɖokpo nyí tan bǔnɔ ɖé, bɔ nǔjlɛdonǔwutɔ́ lɛ nɔ ɖè mɛ e ɖ’emɛ lɛ é xlɛ́)
15
Série fictionnelle (des acteurs jouent les mêmes personnages dans plusieurs épisodes)/ Nǔ e è nɔ xò ɖò nǔjlɛdonǔwu mɛ lɛ é (mɛ e nɔ xò nǔ kpɔ́n lɛ é nɔ xò nǔ ɖokpo ɔ lɛ ɖò xóɖiɖɔ gègě mɛ)
9
Autre : veuillez préciser/ Ɖevo: kɛnklɛn ɖɔ
2","Émission avec appels téléphoniques (le public appelle et des experts répondent à leurs questions)/ Nǔ e è nɔ ylɔ mɛ lɛ é (mɛ e ɖò kplé ɔ tɛnmɛ lɛ é nɔ ylɔ mɛ lɛ bɔ mɛ e tuùn nǔ lɛ é nɔ na xósin nú nǔkanbyɔ yetɔn lɛ)
210144.2
Narration (lorsqu'un ou plusieurs personnages fictifs racontent leur histoire dans un monologue, c'est-à-dire lorsqu'une seule personne parle). Tan kpikpa (hwenu e mɛ e è lin ɖɔ é ɖò tan yetɔn mɛ é ɖokpo alǒ hú mɔ̌ ɖɔ tan yetɔn ɖò xóɖɔɖókpɔ́ mɛɖokponɔ tɔn mɛ é, enɛ wɛ nyí ɖɔ mɛ ɖokpo géé wɛ ɖɔ xó).
181244.3
Témoignages (des personnes réelles partagent leur vie personnelle)/ Kúnnuɖenú lɛ (mɛ nǔgbo lɛ nɔ má gbɛzán yeɖesunɔ tɔn lɛ)
138727.3
Interview (un animateur interviewe un ou plusieurs experts) / Xóɖɔɖókpɔ́ (mɛ e nɔ kpé nukún dó nǔ lɛ wu é ɖé nɔ kàn nǔ byɔ mɛ e tuùn nǔ ganji lɛ é ɖokpo alǒ hú mɔ̌)
115396.1
Fiction unitaire (chaque programme est une histoire complète, avec des acteurs incarnant des personnages)/ Xɛxó e è nɔ bló ɖò akpáxwé ɖokpo jí é (tuto ɖokpo ɖokpo nyí tan bǔnɔ ɖé, bɔ nǔjlɛdonǔwutɔ́ lɛ nɔ ɖè mɛ e ɖ’emɛ lɛ é xlɛ́)
27195.1
Série fictionnelle (des acteurs jouent les mêmes personnages dans plusieurs épisodes)/ Nǔ e è nɔ xò ɖò nǔjlɛdonǔwu mɛ lɛ é (mɛ e nɔ xò nǔ kpɔ́n lɛ é nɔ xò nǔ ɖokpo ɔ lɛ ɖò xóɖiɖɔ gègě mɛ)
15117.6
Autre : veuillez préciser/ Ɖevo: kɛnklɛn ɖɔ
3558.9","Émission avec appels téléphoniques (le public appelle et des experts répondent à leurs questions)/ Nǔ e è nɔ ylɔ mɛ lɛ é (mɛ e ɖò kplé ɔ tɛnmɛ lɛ é nɔ ylɔ mɛ lɛ bɔ mɛ e tuùn nǔ lɛ é nɔ na xósin nú nǔkanbyɔ yetɔn lɛ)
49.3
Témoignages (des personnes réelles partagent leur vie personnelle)/ Kúnnuɖenú lɛ (mɛ nǔgbo lɛ nɔ má gbɛzán yeɖesunɔ tɔn lɛ)
22.6
Interview (un animateur interviewe un ou plusieurs experts) / Xóɖɔɖókpɔ́ (mɛ e nɔ kpé nukún dó nǔ lɛ wu é ɖé nɔ kàn nǔ byɔ mɛ e tuùn nǔ ganji lɛ é ɖokpo alǒ hú mɔ̌)
22.1
Narration (lorsqu'un ou plusieurs personnages fictifs racontent leur histoire dans un monologue, c'est-à-dire lorsqu'une seule personne parle). Tan kpikpa (hwenu e mɛ e è lin ɖɔ é ɖò tan yetɔn mɛ é ɖokpo alǒ hú mɔ̌ ɖɔ tan yetɔn ɖò xóɖɔɖókpɔ́ mɛɖokponɔ tɔn mɛ é, enɛ wɛ nyí ɖɔ mɛ ɖokpo géé wɛ ɖɔ xó).
5.3
Série fictionnelle (des acteurs jouent les mêmes personnages dans plusieurs épisodes)/ Nǔ e è nɔ xò ɖò nǔjlɛdonǔwu mɛ lɛ é (mɛ e nɔ xò nǔ kpɔ́n lɛ é nɔ xò nǔ ɖokpo ɔ lɛ ɖò xóɖiɖɔ gègě mɛ)
0.8","Émission avec appels téléphoniques (le public appelle et des experts répondent à leurs questions)/ Nǔ e è nɔ ylɔ mɛ lɛ é (mɛ e ɖò kplé ɔ tɛnmɛ lɛ é nɔ ylɔ mɛ lɛ bɔ mɛ e tuùn nǔ lɛ é nɔ na xósin nú nǔkanbyɔ yetɔn lɛ)
50
Témoignages (des personnes réelles partagent leur vie personnelle)/ Kúnnuɖenú lɛ (mɛ nǔgbo lɛ nɔ má gbɛzán yeɖesunɔ tɔn lɛ)
28
Interview (un animateur interviewe un ou plusieurs experts) / Xóɖɔɖókpɔ́ (mɛ e nɔ kpé nukún dó nǔ lɛ wu é ɖé nɔ kàn nǔ byɔ mɛ e tuùn nǔ ganji lɛ é ɖokpo alǒ hú mɔ̌)
26
Narration (lorsqu'un ou plusieurs personnages fictifs racontent leur histoire dans un monologue, c'est-à-dire lorsqu'une seule personne parle). Tan kpikpa (hwenu e mɛ e è lin ɖɔ é ɖò tan yetɔn mɛ é ɖokpo alǒ hú mɔ̌ ɖɔ tan yetɔn ɖò xóɖɔɖókpɔ́ mɛɖokponɔ tɔn mɛ é, enɛ wɛ nyí ɖɔ mɛ ɖokpo géé wɛ ɖɔ xó).
3
Série fictionnelle (des acteurs jouent les mêmes personnages dans plusieurs épisodes)/ Nǔ e è nɔ xò ɖò nǔjlɛdonǔwu mɛ lɛ é (mɛ e nɔ xò nǔ kpɔ́n lɛ é nɔ xò nǔ ɖokpo ɔ lɛ ɖò xóɖiɖɔ gègě mɛ)
1","Émission avec appels téléphoniques (le public appelle et des experts répondent à leurs questions)/ Nǔ e è nɔ ylɔ mɛ lɛ é (mɛ e ɖò kplé ɔ tɛnmɛ lɛ é nɔ ylɔ mɛ lɛ bɔ mɛ e tuùn nǔ lɛ é nɔ na xósin nú nǔkanbyɔ yetɔn lɛ)
2367.3
Témoignages (des personnes réelles partagent leur vie personnelle)/ Kúnnuɖenú lɛ (mɛ nǔgbo lɛ nɔ má gbɛzán yeɖesunɔ tɔn lɛ)
1086.7
Interview (un animateur interviewe un ou plusieurs experts) / Xóɖɔɖókpɔ́ (mɛ e nɔ kpé nukún dó nǔ lɛ wu é ɖé nɔ kàn nǔ byɔ mɛ e tuùn nǔ ganji lɛ é ɖokpo alǒ hú mɔ̌)
1061.9
Narration (lorsqu'un ou plusieurs personnages fictifs racontent leur histoire dans un monologue, c'est-à-dire lorsqu'une seule personne parle). Tan kpikpa (hwenu e mɛ e è lin ɖɔ é ɖò tan yetɔn mɛ é ɖokpo alǒ hú mɔ̌ ɖɔ tan yetɔn ɖò xóɖɔɖókpɔ́ mɛɖokponɔ tɔn mɛ é, enɛ wɛ nyí ɖɔ mɛ ɖokpo géé wɛ ɖɔ xó).
253.6
Série fictionnelle (des acteurs jouent les mêmes personnages dans plusieurs épisodes)/ Nǔ e è nɔ xò ɖò nǔjlɛdonǔwu mɛ lɛ é (mɛ e nɔ xò nǔ kpɔ́n lɛ é nɔ xò nǔ ɖokpo ɔ lɛ ɖò xóɖiɖɔ gègě mɛ)
36.2","Témoignages (des personnes réelles partagent leur vie personnelle)/ Kúnnuɖenú lɛ (mɛ nǔgbo lɛ nɔ má gbɛzán yeɖesunɔ tɔn lɛ)
36.3
Émission avec appels téléphoniques (le public appelle et des experts répondent à leurs questions)/ Nǔ e è nɔ ylɔ mɛ lɛ é (mɛ e ɖò kplé ɔ tɛnmɛ lɛ é nɔ ylɔ mɛ lɛ bɔ mɛ e tuùn nǔ lɛ é nɔ na xósin nú nǔkanbyɔ yetɔn lɛ)
33.7
Narration (lorsqu'un ou plusieurs personnages fictifs racontent leur histoire dans un monologue, c'est-à-dire lorsqu'une seule personne parle). Tan kpikpa (hwenu e mɛ e è lin ɖɔ é ɖò tan yetɔn mɛ é ɖokpo alǒ hú mɔ̌ ɖɔ tan yetɔn ɖò xóɖɔɖókpɔ́ mɛɖokponɔ tɔn mɛ é, enɛ wɛ nyí ɖɔ mɛ ɖokpo géé wɛ ɖɔ xó).
20.1
Interview (un animateur interviewe un ou plusieurs experts) / Xóɖɔɖókpɔ́ (mɛ e nɔ kpé nukún dó nǔ lɛ wu é ɖé nɔ kàn nǔ byɔ mɛ e tuùn nǔ ganji lɛ é ɖokpo alǒ hú mɔ̌)
7.9
Fiction unitaire (chaque programme est une histoire complète, avec des acteurs incarnant des personnages)/ Xɛxó e è nɔ bló ɖò akpáxwé ɖokpo jí é (tuto ɖokpo ɖokpo nyí tan bǔnɔ ɖé, bɔ nǔjlɛdonǔwutɔ́ lɛ nɔ ɖè mɛ e ɖ’emɛ lɛ é xlɛ́)
1.2
Série fictionnelle (des acteurs jouent les mêmes personnages dans plusieurs épisodes)/ Nǔ e è nɔ xò ɖò nǔjlɛdonǔwu mɛ lɛ é (mɛ e nɔ xò nǔ kpɔ́n lɛ é nɔ xò nǔ ɖokpo ɔ lɛ ɖò xóɖiɖɔ gègě mɛ)
0.8","Témoignages (des personnes réelles partagent leur vie personnelle)/ Kúnnuɖenú lɛ (mɛ nǔgbo lɛ nɔ má gbɛzán yeɖesunɔ tɔn lɛ)
42
Émission avec appels téléphoniques (le public appelle et des experts répondent à leurs questions)/ Nǔ e è nɔ ylɔ mɛ lɛ é (mɛ e ɖò kplé ɔ tɛnmɛ lɛ é nɔ ylɔ mɛ lɛ bɔ mɛ e tuùn nǔ lɛ é nɔ na xósin nú nǔkanbyɔ yetɔn lɛ)
40
Narration (lorsqu'un ou plusieurs personnages fictifs racontent leur histoire dans un monologue, c'est-à-dire lorsqu'une seule personne parle). Tan kpikpa (hwenu e mɛ e è lin ɖɔ é ɖò tan yetɔn mɛ é ɖokpo alǒ hú mɔ̌ ɖɔ tan yetɔn ɖò xóɖɔɖókpɔ́ mɛɖokponɔ tɔn mɛ é, enɛ wɛ nyí ɖɔ mɛ ɖokpo géé wɛ ɖɔ xó).
28
Interview (un animateur interviewe un ou plusieurs experts) / Xóɖɔɖókpɔ́ (mɛ e nɔ kpé nukún dó nǔ lɛ wu é ɖé nɔ kàn nǔ byɔ mɛ e tuùn nǔ ganji lɛ é ɖokpo alǒ hú mɔ̌)
16
Fiction unitaire (chaque programme est une histoire complète, avec des acteurs incarnant des personnages)/ Xɛxó e è nɔ bló ɖò akpáxwé ɖokpo jí é (tuto ɖokpo ɖokpo nyí tan bǔnɔ ɖé, bɔ nǔjlɛdonǔwutɔ́ lɛ nɔ ɖè mɛ e ɖ’emɛ lɛ é xlɛ́)
3
Série fictionnelle (des acteurs jouent les mêmes personnages dans plusieurs épisodes)/ Nǔ e è nɔ xò ɖò nǔjlɛdonǔwu mɛ lɛ é (mɛ e nɔ xò nǔ kpɔ́n lɛ é nɔ xò nǔ ɖokpo ɔ lɛ ɖò xóɖiɖɔ gègě mɛ)
2","Témoignages (des personnes réelles partagent leur vie personnelle)/ Kúnnuɖenú lɛ (mɛ nǔgbo lɛ nɔ má gbɛzán yeɖesunɔ tɔn lɛ)
150539.2
Émission avec appels téléphoniques (le public appelle et des experts répondent à leurs questions)/ Nǔ e è nɔ ylɔ mɛ lɛ é (mɛ e ɖò kplé ɔ tɛnmɛ lɛ é nɔ ylɔ mɛ lɛ bɔ mɛ e tuùn nǔ lɛ é nɔ na xósin nú nǔkanbyɔ yetɔn lɛ)
139469.4
Narration (lorsqu'un ou plusieurs personnages fictifs racontent leur histoire dans un monologue, c'est-à-dire lorsqu'une seule personne parle). Tan kpikpa (hwenu e mɛ e è lin ɖɔ é ɖò tan yetɔn mɛ é ɖokpo alǒ hú mɔ̌ ɖɔ tan yetɔn ɖò xóɖɔɖókpɔ́ mɛɖokponɔ tɔn mɛ é, enɛ wɛ nyí ɖɔ mɛ ɖokpo géé wɛ ɖɔ xó).
83288.8
Interview (un animateur interviewe un ou plusieurs experts) / Xóɖɔɖókpɔ́ (mɛ e nɔ kpé nukún dó nǔ lɛ wu é ɖé nɔ kàn nǔ byɔ mɛ e tuùn nǔ ganji lɛ é ɖokpo alǒ hú mɔ̌)
32885.5
Fiction unitaire (chaque programme est une histoire complète, avec des acteurs incarnant des personnages)/ Xɛxó e è nɔ bló ɖò akpáxwé ɖokpo jí é (tuto ɖokpo ɖokpo nyí tan bǔnɔ ɖé, bɔ nǔjlɛdonǔwutɔ́ lɛ nɔ ɖè mɛ e ɖ’emɛ lɛ é xlɛ́)
4769.1
Série fictionnelle (des acteurs jouent les mêmes personnages dans plusieurs épisodes)/ Nǔ e è nɔ xò ɖò nǔjlɛdonǔwu mɛ lɛ é (mɛ e nɔ xò nǔ kpɔ́n lɛ é nɔ xò nǔ ɖokpo ɔ lɛ ɖò xóɖiɖɔ gègě mɛ)
3262.5","Émission avec appels téléphoniques (le public appelle et des experts répondent à leurs questions)/ Nǔ e è nɔ ylɔ mɛ lɛ é (mɛ e ɖò kplé ɔ tɛnmɛ lɛ é nɔ ylɔ mɛ lɛ bɔ mɛ e tuùn nǔ lɛ é nɔ na xósin nú nǔkanbyɔ yetɔn lɛ)
29.7
Témoignages (des personnes réelles partagent leur vie personnelle)/ Kúnnuɖenú lɛ (mɛ nǔgbo lɛ nɔ má gbɛzán yeɖesunɔ tɔn lɛ)
25.6
Interview (un animateur interviewe un ou plusieurs experts) / Xóɖɔɖókpɔ́ (mɛ e nɔ kpé nukún dó nǔ lɛ wu é ɖé nɔ kàn nǔ byɔ mɛ e tuùn nǔ ganji lɛ é ɖokpo alǒ hú mɔ̌)
24.4
Narration (lorsqu'un ou plusieurs personnages fictifs racontent leur histoire dans un monologue, c'est-à-dire lorsqu'une seule personne parle). Tan kpikpa (hwenu e mɛ e è lin ɖɔ é ɖò tan yetɔn mɛ é ɖokpo alǒ hú mɔ̌ ɖɔ tan yetɔn ɖò xóɖɔɖókpɔ́ mɛɖokponɔ tɔn mɛ é, enɛ wɛ nyí ɖɔ mɛ ɖokpo géé wɛ ɖɔ xó).
8.4
Série fictionnelle (des acteurs jouent les mêmes personnages dans plusieurs épisodes)/ Nǔ e è nɔ xò ɖò nǔjlɛdonǔwu mɛ lɛ é (mɛ e nɔ xò nǔ kpɔ́n lɛ é nɔ xò nǔ ɖokpo ɔ lɛ ɖò xóɖiɖɔ gègě mɛ)
4.9
Autre : veuillez préciser/ Ɖevo: kɛnklɛn ɖɔ
4.3
Fiction unitaire (chaque programme est une histoire complète, avec des acteurs incarnant des personnages)/ Xɛxó e è nɔ bló ɖò akpáxwé ɖokpo jí é (tuto ɖokpo ɖokpo nyí tan bǔnɔ ɖé, bɔ nǔjlɛdonǔwutɔ́ lɛ nɔ ɖè mɛ e ɖ’emɛ lɛ é xlɛ́)
2.7","Émission avec appels téléphoniques (le public appelle et des experts répondent à leurs questions)/ Nǔ e è nɔ ylɔ mɛ lɛ é (mɛ e ɖò kplé ɔ tɛnmɛ lɛ é nɔ ylɔ mɛ lɛ bɔ mɛ e tuùn nǔ lɛ é nɔ na xósin nú nǔkanbyɔ yetɔn lɛ)
76
Témoignages (des personnes réelles partagent leur vie personnelle)/ Kúnnuɖenú lɛ (mɛ nǔgbo lɛ nɔ má gbɛzán yeɖesunɔ tɔn lɛ)
55
Interview (un animateur interviewe un ou plusieurs experts) / Xóɖɔɖókpɔ́ (mɛ e nɔ kpé nukún dó nǔ lɛ wu é ɖé nɔ kàn nǔ byɔ mɛ e tuùn nǔ ganji lɛ é ɖokpo alǒ hú mɔ̌)
53
Narration (lorsqu'un ou plusieurs personnages fictifs racontent leur histoire dans un monologue, c'est-à-dire lorsqu'une seule personne parle). Tan kpikpa (hwenu e mɛ e è lin ɖɔ é ɖò tan yetɔn mɛ é ɖokpo alǒ hú mɔ̌ ɖɔ tan yetɔn ɖò xóɖɔɖókpɔ́ mɛɖokponɔ tɔn mɛ é, enɛ wɛ nyí ɖɔ mɛ ɖokpo géé wɛ ɖɔ xó).
23
Série fictionnelle (des acteurs jouent les mêmes personnages dans plusieurs épisodes)/ Nǔ e è nɔ xò ɖò nǔjlɛdonǔwu mɛ lɛ é (mɛ e nɔ xò nǔ kpɔ́n lɛ é nɔ xò nǔ ɖokpo ɔ lɛ ɖò xóɖiɖɔ gègě mɛ)
14
Autre : veuillez préciser/ Ɖevo: kɛnklɛn ɖɔ
10
Fiction unitaire (chaque programme est une histoire complète, avec des acteurs incarnant des personnages)/ Xɛxó e è nɔ bló ɖò akpáxwé ɖokpo jí é (tuto ɖokpo ɖokpo nyí tan bǔnɔ ɖé, bɔ nǔjlɛdonǔwutɔ́ lɛ nɔ ɖè mɛ e ɖ’emɛ lɛ é xlɛ́)
12","Émission avec appels téléphoniques (le public appelle et des experts répondent à leurs questions)/ Nǔ e è nɔ ylɔ mɛ lɛ é (mɛ e ɖò kplé ɔ tɛnmɛ lɛ é nɔ ylɔ mɛ lɛ bɔ mɛ e tuùn nǔ lɛ é nɔ na xósin nú nǔkanbyɔ yetɔn lɛ)
11444.7
Témoignages (des personnes réelles partagent leur vie personnelle)/ Kúnnuɖenú lɛ (mɛ nǔgbo lɛ nɔ má gbɛzán yeɖesunɔ tɔn lɛ)
9861.6
Interview (un animateur interviewe un ou plusieurs experts) / Xóɖɔɖókpɔ́ (mɛ e nɔ kpé nukún dó nǔ lɛ wu é ɖé nɔ kàn nǔ byɔ mɛ e tuùn nǔ ganji lɛ é ɖokpo alǒ hú mɔ̌)
9430.6
Narration (lorsqu'un ou plusieurs personnages fictifs racontent leur histoire dans un monologue, c'est-à-dire lorsqu'une seule personne parle). Tan kpikpa (hwenu e mɛ e è lin ɖɔ é ɖò tan yetɔn mɛ é ɖokpo alǒ hú mɔ̌ ɖɔ tan yetɔn ɖò xóɖɔɖókpɔ́ mɛɖokponɔ tɔn mɛ é, enɛ wɛ nyí ɖɔ mɛ ɖokpo géé wɛ ɖɔ xó).
3248.1
Série fictionnelle (des acteurs jouent les mêmes personnages dans plusieurs épisodes)/ Nǔ e è nɔ xò ɖò nǔjlɛdonǔwu mɛ lɛ é (mɛ e nɔ xò nǔ kpɔ́n lɛ é nɔ xò nǔ ɖokpo ɔ lɛ ɖò xóɖiɖɔ gègě mɛ)
1908.9
Autre : veuillez préciser/ Ɖevo: kɛnklɛn ɖɔ
1669.9
Fiction unitaire (chaque programme est une histoire complète, avec des acteurs incarnant des personnages)/ Xɛxó e è nɔ bló ɖò akpáxwé ɖokpo jí é (tuto ɖokpo ɖokpo nyí tan bǔnɔ ɖé, bɔ nǔjlɛdonǔwutɔ́ lɛ nɔ ɖè mɛ e ɖ’emɛ lɛ é xlɛ́)
1025.5","Émission avec appels téléphoniques (le public appelle et des experts répondent à leurs questions)/ Nǔ e è nɔ ylɔ mɛ lɛ é (mɛ e ɖò kplé ɔ tɛnmɛ lɛ é nɔ ylɔ mɛ lɛ bɔ mɛ e tuùn nǔ lɛ é nɔ na xósin nú nǔkanbyɔ yetɔn lɛ)
46.6
Témoignages (des personnes réelles partagent leur vie personnelle)/ Kúnnuɖenú lɛ (mɛ nǔgbo lɛ nɔ má gbɛzán yeɖesunɔ tɔn lɛ)
25.9
Interview (un animateur interviewe un ou plusieurs experts) / Xóɖɔɖókpɔ́ (mɛ e nɔ kpé nukún dó nǔ lɛ wu é ɖé nɔ kàn nǔ byɔ mɛ e tuùn nǔ ganji lɛ é ɖokpo alǒ hú mɔ̌)
24.1
Narration (lorsqu'un ou plusieurs personnages fictifs racontent leur histoire dans un monologue, c'est-à-dire lorsqu'une seule personne parle). Tan kpikpa (hwenu e mɛ e è lin ɖɔ é ɖò tan yetɔn mɛ é ɖokpo alǒ hú mɔ̌ ɖɔ tan yetɔn ɖò xóɖɔɖókpɔ́ mɛɖokponɔ tɔn mɛ é, enɛ wɛ nyí ɖɔ mɛ ɖokpo géé wɛ ɖɔ xó).
3.4","Émission avec appels téléphoniques (le public appelle et des experts répondent à leurs questions)/ Nǔ e è nɔ ylɔ mɛ lɛ é (mɛ e ɖò kplé ɔ tɛnmɛ lɛ é nɔ ylɔ mɛ lɛ bɔ mɛ e tuùn nǔ lɛ é nɔ na xósin nú nǔkanbyɔ yetɔn lɛ)
24
Témoignages (des personnes réelles partagent leur vie personnelle)/ Kúnnuɖenú lɛ (mɛ nǔgbo lɛ nɔ má gbɛzán yeɖesunɔ tɔn lɛ)
15
Interview (un animateur interviewe un ou plusieurs experts) / Xóɖɔɖókpɔ́ (mɛ e nɔ kpé nukún dó nǔ lɛ wu é ɖé nɔ kàn nǔ byɔ mɛ e tuùn nǔ ganji lɛ é ɖokpo alǒ hú mɔ̌)
14
Narration (lorsqu'un ou plusieurs personnages fictifs racontent leur histoire dans un monologue, c'est-à-dire lorsqu'une seule personne parle). Tan kpikpa (hwenu e mɛ e è lin ɖɔ é ɖò tan yetɔn mɛ é ɖokpo alǒ hú mɔ̌ ɖɔ tan yetɔn ɖò xóɖɔɖókpɔ́ mɛɖokponɔ tɔn mɛ é, enɛ wɛ nyí ɖɔ mɛ ɖokpo géé wɛ ɖɔ xó).
2","Émission avec appels téléphoniques (le public appelle et des experts répondent à leurs questions)/ Nǔ e è nɔ ylɔ mɛ lɛ é (mɛ e ɖò kplé ɔ tɛnmɛ lɛ é nɔ ylɔ mɛ lɛ bɔ mɛ e tuùn nǔ lɛ é nɔ na xósin nú nǔkanbyɔ yetɔn lɛ)
400990.2
Témoignages (des personnes réelles partagent leur vie personnelle)/ Kúnnuɖenú lɛ (mɛ nǔgbo lɛ nɔ má gbɛzán yeɖesunɔ tɔn lɛ)
222772.3
Interview (un animateur interviewe un ou plusieurs experts) / Xóɖɔɖókpɔ́ (mɛ e nɔ kpé nukún dó nǔ lɛ wu é ɖé nɔ kàn nǔ byɔ mɛ e tuùn nǔ ganji lɛ é ɖokpo alǒ hú mɔ̌)
207920.9
Narration (lorsqu'un ou plusieurs personnages fictifs racontent leur histoire dans un monologue, c'est-à-dire lorsqu'une seule personne parle). Tan kpikpa (hwenu e mɛ e è lin ɖɔ é ɖò tan yetɔn mɛ é ɖokpo alǒ hú mɔ̌ ɖɔ tan yetɔn ɖò xóɖɔɖókpɔ́ mɛɖokponɔ tɔn mɛ é, enɛ wɛ nyí ɖɔ mɛ ɖokpo géé wɛ ɖɔ xó).
29703.0","Émission avec appels téléphoniques (le public appelle et des experts répondent à leurs questions)/ Nǔ e è nɔ ylɔ mɛ lɛ é (mɛ e ɖò kplé ɔ tɛnmɛ lɛ é nɔ ylɔ mɛ lɛ bɔ mɛ e tuùn nǔ lɛ é nɔ na xósin nú nǔkanbyɔ yetɔn lɛ)
42.1
Interview (un animateur interviewe un ou plusieurs experts) / Xóɖɔɖókpɔ́ (mɛ e nɔ kpé nukún dó nǔ lɛ wu é ɖé nɔ kàn nǔ byɔ mɛ e tuùn nǔ ganji lɛ é ɖokpo alǒ hú mɔ̌)
26.8
Témoignages (des personnes réelles partagent leur vie personnelle)/ Kúnnuɖenú lɛ (mɛ nǔgbo lɛ nɔ má gbɛzán yeɖesunɔ tɔn lɛ)
26.2
Série fictionnelle (des acteurs jouent les mêmes personnages dans plusieurs épisodes)/ Nǔ e è nɔ xò ɖò nǔjlɛdonǔwu mɛ lɛ é (mɛ e nɔ xò nǔ kpɔ́n lɛ é nɔ xò nǔ ɖokpo ɔ lɛ ɖò xóɖiɖɔ gègě mɛ)
3.3
Narration (lorsqu'un ou plusieurs personnages fictifs racontent leur histoire dans un monologue, c'est-à-dire lorsqu'une seule personne parle). Tan kpikpa (hwenu e mɛ e è lin ɖɔ é ɖò tan yetɔn mɛ é ɖokpo alǒ hú mɔ̌ ɖɔ tan yetɔn ɖò xóɖɔɖókpɔ́ mɛɖokponɔ tɔn mɛ é, enɛ wɛ nyí ɖɔ mɛ ɖokpo géé wɛ ɖɔ xó).
1.6","Émission avec appels téléphoniques (le public appelle et des experts répondent à leurs questions)/ Nǔ e è nɔ ylɔ mɛ lɛ é (mɛ e ɖò kplé ɔ tɛnmɛ lɛ é nɔ ylɔ mɛ lɛ bɔ mɛ e tuùn nǔ lɛ é nɔ na xósin nú nǔkanbyɔ yetɔn lɛ)
52
Interview (un animateur interviewe un ou plusieurs experts) / Xóɖɔɖókpɔ́ (mɛ e nɔ kpé nukún dó nǔ lɛ wu é ɖé nɔ kàn nǔ byɔ mɛ e tuùn nǔ ganji lɛ é ɖokpo alǒ hú mɔ̌)
34
Témoignages (des personnes réelles partagent leur vie personnelle)/ Kúnnuɖenú lɛ (mɛ nǔgbo lɛ nɔ má gbɛzán yeɖesunɔ tɔn lɛ)
32
Série fictionnelle (des acteurs jouent les mêmes personnages dans plusieurs épisodes)/ Nǔ e è nɔ xò ɖò nǔjlɛdonǔwu mɛ lɛ é (mɛ e nɔ xò nǔ kpɔ́n lɛ é nɔ xò nǔ ɖokpo ɔ lɛ ɖò xóɖiɖɔ gègě mɛ)
4
Narration (lorsqu'un ou plusieurs personnages fictifs racontent leur histoire dans un monologue, c'est-à-dire lorsqu'une seule personne parle). Tan kpikpa (hwenu e mɛ e è lin ɖɔ é ɖò tan yetɔn mɛ é ɖokpo alǒ hú mɔ̌ ɖɔ tan yetɔn ɖò xóɖɔɖókpɔ́ mɛɖokponɔ tɔn mɛ é, enɛ wɛ nyí ɖɔ mɛ ɖokpo géé wɛ ɖɔ xó).
2","Émission avec appels téléphoniques (le public appelle et des experts répondent à leurs questions)/ Nǔ e è nɔ ylɔ mɛ lɛ é (mɛ e ɖò kplé ɔ tɛnmɛ lɛ é nɔ ylɔ mɛ lɛ bɔ mɛ e tuùn nǔ lɛ é nɔ na xósin nú nǔkanbyɔ yetɔn lɛ)
423.4
Interview (un animateur interviewe un ou plusieurs experts) / Xóɖɔɖókpɔ́ (mɛ e nɔ kpé nukún dó nǔ lɛ wu é ɖé nɔ kàn nǔ byɔ mɛ e tuùn nǔ ganji lɛ é ɖokpo alǒ hú mɔ̌)
270.2
Témoignages (des personnes réelles partagent leur vie personnelle)/ Kúnnuɖenú lɛ (mɛ nǔgbo lɛ nɔ má gbɛzán yeɖesunɔ tɔn lɛ)
263.9
Série fictionnelle (des acteurs jouent les mêmes personnages dans plusieurs épisodes)/ Nǔ e è nɔ xò ɖò nǔjlɛdonǔwu mɛ lɛ é (mɛ e nɔ xò nǔ kpɔ́n lɛ é nɔ xò nǔ ɖokpo ɔ lɛ ɖò xóɖiɖɔ gègě mɛ)
32.9
Narration (lorsqu'un ou plusieurs personnages fictifs racontent leur histoire dans un monologue, c'est-à-dire lorsqu'une seule personne parle). Tan kpikpa (hwenu e mɛ e è lin ɖɔ é ɖò tan yetɔn mɛ é ɖokpo alǒ hú mɔ̌ ɖɔ tan yetɔn ɖò xóɖɔɖókpɔ́ mɛɖokponɔ tɔn mɛ é, enɛ wɛ nyí ɖɔ mɛ ɖokpo géé wɛ ɖɔ xó).
16.5"
Radio Ad Saturation,"Après l'avoir entendue 3 à 5 fois/ Un se azɔn atɔɔn jɛ atɔɔn gudo
42.0
Cela ne me dérange pas, peu importe le nombre de fois que je l'entends/ Un na bo se azɔn nabi ɔ, e nɔ doya nu mi a
31.9
Après l'avoir entendue 1 à 2 fois/ Un se azɔn ɖokpo jɛ we gudo
12.6
Après l'avoir entendue 6 à 10 fois/ Un se azɔn ayizɛn jɛ wo gudo
10.2
Je préfère ne pas répondre/ Un nɔ yí wǎn nú xósin ǎ
1.5
Je ne sais pas/ Un tuùn ǎ
1.5
Après l'avoir entendue plus de 10 fois/ Un se hu azɔn wo gudo ɔ
0.4","Après l'avoir entendue 3 à 5 fois/ Un se azɔn atɔɔn jɛ atɔɔn gudo
117
Cela ne me dérange pas, peu importe le nombre de fois que je l'entends/ Un na bo se azɔn nabi ɔ, e nɔ doya nu mi a
74
Après l'avoir entendue 1 à 2 fois/ Un se azɔn ɖokpo jɛ we gudo
49
Après l'avoir entendue 6 à 10 fois/ Un se azɔn ayizɛn jɛ wo gudo
12
Je préfère ne pas répondre/ Un nɔ yí wǎn nú xósin ǎ
2
Je ne sais pas/ Un tuùn ǎ
2
Après l'avoir entendue plus de 10 fois/ Un se hu azɔn wo gudo ɔ
2","Après l'avoir entendue 3 à 5 fois/ Un se azɔn atɔɔn jɛ atɔɔn gudo
61861.3
Cela ne me dérange pas, peu importe le nombre de fois que je l'entends/ Un na bo se azɔn nabi ɔ, e nɔ doya nu mi a
46908.2
Après l'avoir entendue 1 à 2 fois/ Un se azɔn ɖokpo jɛ we gudo
18560.7
Après l'avoir entendue 6 à 10 fois/ Un se azɔn ayizɛn jɛ wo gudo
14955.4
Je préfère ne pas répondre/ Un nɔ yí wǎn nú xósin ǎ
2179.5
Je ne sais pas/ Un tuùn ǎ
2159.2
Après l'avoir entendue plus de 10 fois/ Un se hu azɔn wo gudo ɔ
633.6","Cela ne me dérange pas, peu importe le nombre de fois que je l'entends/ Un na bo se azɔn nabi ɔ, e nɔ doya nu mi a
84.0
Après l'avoir entendue 1 à 2 fois/ Un se azɔn ɖokpo jɛ we gudo
9.9
Après l'avoir entendue 3 à 5 fois/ Un se azɔn atɔɔn jɛ atɔɔn gudo
5.7
Après l'avoir entendue 6 à 10 fois/ Un se azɔn ayizɛn jɛ wo gudo
0.5","Cela ne me dérange pas, peu importe le nombre de fois que je l'entends/ Un na bo se azɔn nabi ɔ, e nɔ doya nu mi a
127
Après l'avoir entendue 1 à 2 fois/ Un se azɔn ɖokpo jɛ we gudo
19
Après l'avoir entendue 3 à 5 fois/ Un se azɔn atɔɔn jɛ atɔɔn gudo
12
Après l'avoir entendue 6 à 10 fois/ Un se azɔn ayizɛn jɛ wo gudo
1","Cela ne me dérange pas, peu importe le nombre de fois que je l'entends/ Un na bo se azɔn nabi ɔ, e nɔ doya nu mi a
279799.4
Après l'avoir entendue 1 à 2 fois/ Un se azɔn ɖokpo jɛ we gudo
32912.4
Après l'avoir entendue 3 à 5 fois/ Un se azɔn atɔɔn jɛ atɔɔn gudo
18829.3
Après l'avoir entendue 6 à 10 fois/ Un se azɔn ayizɛn jɛ wo gudo
1716.7","Cela ne me dérange pas, peu importe le nombre de fois que je l'entends/ Un na bo se azɔn nabi ɔ, e nɔ doya nu mi a
88.2
Après l'avoir entendue 3 à 5 fois/ Un se azɔn atɔɔn jɛ atɔɔn gudo
7.4
Après l'avoir entendue 1 à 2 fois/ Un se azɔn ɖokpo jɛ we gudo
4.5","Cela ne me dérange pas, peu importe le nombre de fois que je l'entends/ Un na bo se azɔn nabi ɔ, e nɔ doya nu mi a
42
Après l'avoir entendue 3 à 5 fois/ Un se azɔn atɔɔn jɛ atɔɔn gudo
5
Après l'avoir entendue 1 à 2 fois/ Un se azɔn ɖokpo jɛ we gudo
3","Cela ne me dérange pas, peu importe le nombre de fois que je l'entends/ Un na bo se azɔn nabi ɔ, e nɔ doya nu mi a
2086.8
Après l'avoir entendue 3 à 5 fois/ Un se azɔn atɔɔn jɛ atɔɔn gudo
174.2
Après l'avoir entendue 1 à 2 fois/ Un se azɔn ɖokpo jɛ we gudo
106.3","Cela ne me dérange pas, peu importe le nombre de fois que je l'entends/ Un na bo se azɔn nabi ɔ, e nɔ doya nu mi a
87.1
Après l'avoir entendue 1 à 2 fois/ Un se azɔn ɖokpo jɛ we gudo
10.3
Je ne sais pas/ Un tuùn ǎ
2.6","Cela ne me dérange pas, peu importe le nombre de fois que je l'entends/ Un na bo se azɔn nabi ɔ, e nɔ doya nu mi a
36
Après l'avoir entendue 1 à 2 fois/ Un se azɔn ɖokpo jɛ we gudo
11
Je ne sais pas/ Un tuùn ǎ
3","Cela ne me dérange pas, peu importe le nombre de fois que je l'entends/ Un na bo se azɔn nabi ɔ, e nɔ doya nu mi a
151499.3
Après l'avoir entendue 1 à 2 fois/ Un se azɔn ɖokpo jɛ we gudo
17819.0
Je ne sais pas/ Un tuùn ǎ
4520.0","Après l'avoir entendue 3 à 5 fois/ Un se azɔn atɔɔn jɛ atɔɔn gudo
41.6
Cela ne me dérange pas, peu importe le nombre de fois que je l'entends/ Un na bo se azɔn nabi ɔ, e nɔ doya nu mi a
31.0
Après l'avoir entendue 1 à 2 fois/ Un se azɔn ɖokpo jɛ we gudo
23.3
Je préfère ne pas répondre/ Un nɔ yí wǎn nú xósin ǎ
3.1
Après l'avoir entendue 6 à 10 fois/ Un se azɔn ayizɛn jɛ wo gudo
0.9","Après l'avoir entendue 3 à 5 fois/ Un se azɔn atɔɔn jɛ atɔɔn gudo
35
Cela ne me dérange pas, peu importe le nombre de fois que je l'entends/ Un na bo se azɔn nabi ɔ, e nɔ doya nu mi a
31
Après l'avoir entendue 1 à 2 fois/ Un se azɔn ɖokpo jɛ we gudo
31
Je préfère ne pas répondre/ Un nɔ yí wǎn nú xósin ǎ
3
Après l'avoir entendue 6 à 10 fois/ Un se azɔn ayizɛn jɛ wo gudo
3","Après l'avoir entendue 3 à 5 fois/ Un se azɔn atɔɔn jɛ atɔɔn gudo
6719.2
Cela ne me dérange pas, peu importe le nombre de fois que je l'entends/ Un na bo se azɔn nabi ɔ, e nɔ doya nu mi a
5019.7
Après l'avoir entendue 1 à 2 fois/ Un se azɔn ɖokpo jɛ we gudo
3769.4
Je préfère ne pas répondre/ Un nɔ yí wǎn nú xósin ǎ
507.2
Après l'avoir entendue 6 à 10 fois/ Un se azɔn ayizɛn jɛ wo gudo
152.3","Cela ne me dérange pas, peu importe le nombre de fois que je l'entends/ Un na bo se azɔn nabi ɔ, e nɔ doya nu mi a
96.3
Après l'avoir entendue 3 à 5 fois/ Un se azɔn atɔɔn jɛ atɔɔn gudo
3.7","Cela ne me dérange pas, peu importe le nombre de fois que je l'entends/ Un na bo se azɔn nabi ɔ, e nɔ doya nu mi a
23
Après l'avoir entendue 3 à 5 fois/ Un se azɔn atɔɔn jɛ atɔɔn gudo
1","Cela ne me dérange pas, peu importe le nombre de fois que je l'entends/ Un na bo se azɔn nabi ɔ, e nɔ doya nu mi a
386138.7
Après l'avoir entendue 3 à 5 fois/ Un se azɔn atɔɔn jɛ atɔɔn gudo
14851.5","Cela ne me dérange pas, peu importe le nombre de fois que je l'entends/ Un na bo se azɔn nabi ɔ, e nɔ doya nu mi a
81.9
Après l'avoir entendue 3 à 5 fois/ Un se azɔn atɔɔn jɛ atɔɔn gudo
10.1
Après l'avoir entendue 1 à 2 fois/ Un se azɔn ɖokpo jɛ we gudo
8.0","Cela ne me dérange pas, peu importe le nombre de fois que je l'entends/ Un na bo se azɔn nabi ɔ, e nɔ doya nu mi a
44
Après l'avoir entendue 3 à 5 fois/ Un se azɔn atɔɔn jɛ atɔɔn gudo
5
Après l'avoir entendue 1 à 2 fois/ Un se azɔn ɖokpo jɛ we gudo
4","Cela ne me dérange pas, peu importe le nombre de fois que je l'entends/ Un na bo se azɔn nabi ɔ, e nɔ doya nu mi a
354.2
Après l'avoir entendue 3 à 5 fois/ Un se azɔn atɔɔn jɛ atɔɔn gudo
43.7
Après l'avoir entendue 1 à 2 fois/ Un se azɔn ɖokpo jɛ we gudo
34.6"
Radio Language,"Fon/ Fongbe
46.8
Français/ Flanségbe
24.1
Ayizo/Ayizo gbè
11.9
Autre : veuillez préciser/ Ðevo: kɛnklɛn bo ɖɔ
6.4
Adja/ Adja gbè
3.7
Goun/ Gun gbè
2.6
Anglais/ Glɛnsigbe
1.3
Yoruba/ Yoruba gbè
1.0
Ditamari/ Ditamari gbè
0.7
Bariba/Baliba gbè
0.6
Dendi/Dendi gbè
0.5
Nago/ Nago gbè
0.4","Fon/ Fongbe
253
Français/ Flanségbe
100
Ayizo/Ayizo gbè
69
Autre : veuillez préciser/ Ðevo: kɛnklɛn bo ɖɔ
29
Adja/ Adja gbè
25
Goun/ Gun gbè
14
Anglais/ Glɛnsigbe
6
Yoruba/ Yoruba gbè
5
Ditamari/ Ditamari gbè
1
Bariba/Baliba gbè
2
Dendi/Dendi gbè
2
Nago/ Nago gbè
1","Fon/ Fongbe
145951.0
Français/ Flanségbe
75256.0
Ayizo/Ayizo gbè
37030.4
Autre : veuillez préciser/ Ðevo: kɛnklɛn bo ɖɔ
19855.7
Adja/ Adja gbè
11636.7
Goun/ Gun gbè
8239.6
Anglais/ Glɛnsigbe
4002.2
Yoruba/ Yoruba gbè
2977.4
Ditamari/ Ditamari gbè
2288.7
Bariba/Baliba gbè
1833.3
Dendi/Dendi gbè
1658.5
Nago/ Nago gbè
1396.3","Bariba/Baliba gbè
71.2
Français/ Flanségbe
14.4
Nago/ Nago gbè
8.8
Autre : veuillez préciser/ Ðevo: kɛnklɛn bo ɖɔ
2.9
Yoruba/ Yoruba gbè
1.1
Dendi/Dendi gbè
0.8
Ditamari/ Ditamari gbè
0.2
Fulfulde/Fulfulde gbè
0.2
Yom/ Yom gbè
0.2","Bariba/Baliba gbè
159
Français/ Flanségbe
32
Nago/ Nago gbè
18
Autre : veuillez préciser/ Ðevo: kɛnklɛn bo ɖɔ
3
Yoruba/ Yoruba gbè
3
Dendi/Dendi gbè
3
Ditamari/ Ditamari gbè
1
Fulfulde/Fulfulde gbè
1
Yom/ Yom gbè
1","Bariba/Baliba gbè
333257.9
Français/ Flanségbe
67554.2
Nago/ Nago gbè
41046.2
Autre : veuillez préciser/ Ðevo: kɛnklɛn bo ɖɔ
13477.7
Yoruba/ Yoruba gbè
5338.3
Dendi/Dendi gbè
3938.6
Ditamari/ Ditamari gbè
1079.6
Fulfulde/Fulfulde gbè
1079.6
Yom/ Yom gbè
1079.6","Fon/ Fongbe
55.7
Adja/ Adja gbè
23.0
Français/ Flanségbe
17.9
Yoruba/ Yoruba gbè
1.8
Autre : veuillez préciser/ Ðevo: kɛnklɛn bo ɖɔ
0.9
Ayizo/Ayizo gbè
0.8","Fon/ Fongbe
48
Adja/ Adja gbè
24
Français/ Flanségbe
16
Yoruba/ Yoruba gbè
2
Autre : veuillez préciser/ Ðevo: kɛnklɛn bo ɖɔ
1
Ayizo/Ayizo gbè
1","Fon/ Fongbe
2294.9
Adja/ Adja gbè
946.5
Français/ Flanségbe
737.5
Yoruba/ Yoruba gbè
72.4
Autre : veuillez préciser/ Ðevo: kɛnklɛn bo ɖɔ
36.2
Ayizo/Ayizo gbè
33.9","Yom/ Yom gbè
41.1
Dendi/Dendi gbè
40.6
Français/ Flanségbe
16.5
Adja/ Adja gbè
0.5
Bariba/Baliba gbè
0.5
Fon/ Fongbe
0.5
Yoruba/ Yoruba gbè
0.5","Yom/ Yom gbè
46
Dendi/Dendi gbè
43
Français/ Flanségbe
28
Adja/ Adja gbè
1
Bariba/Baliba gbè
1
Fon/ Fongbe
1
Yoruba/ Yoruba gbè
1","Yom/ Yom gbè
159791.7
Dendi/Dendi gbè
157905.5
Français/ Flanségbe
64331.0
Adja/ Adja gbè
1755.8
Bariba/Baliba gbè
1755.8
Fon/ Fongbe
1755.8
Yoruba/ Yoruba gbè
1755.8","Fon/ Fongbe
35.6
Goun/ Gun gbè
31.1
Français/ Flanségbe
17.2
Yoruba/ Yoruba gbè
7.1
Anglais/ Glɛnsigbe
4.0
Ayizo/Ayizo gbè
1.9
Autre : veuillez préciser/ Ðevo: kɛnklɛn bo ɖɔ
1.7
Nago/ Nago gbè
1.4
Tem/Tem gbè
0.1","Fon/ Fongbe
86
Goun/ Gun gbè
85
Français/ Flanségbe
45
Yoruba/ Yoruba gbè
19
Anglais/ Glɛnsigbe
8
Ayizo/Ayizo gbè
5
Autre : veuillez préciser/ Ðevo: kɛnklɛn bo ɖɔ
7
Nago/ Nago gbè
2
Tem/Tem gbè
1","Fon/ Fongbe
14982.0
Goun/ Gun gbè
13118.7
Français/ Flanségbe
7240.4
Yoruba/ Yoruba gbè
2981.9
Anglais/ Glɛnsigbe
1675.1
Ayizo/Ayizo gbè
796.2
Autre : veuillez préciser/ Ðevo: kɛnklɛn bo ɖɔ
714.8
Nago/ Nago gbè
585.8
Tem/Tem gbè
25.1","Fon/ Fongbe
47.3
Nago/ Nago gbè
20.0
Français/ Flanségbe
16.4
Yoruba/ Yoruba gbè
12.7
Adja/ Adja gbè
1.8
Goun/ Gun gbè
1.8","Fon/ Fongbe
23
Nago/ Nago gbè
8
Français/ Flanségbe
9
Yoruba/ Yoruba gbè
7
Adja/ Adja gbè
1
Goun/ Gun gbè
1","Fon/ Fongbe
386138.7
Nago/ Nago gbè
163366.4
Français/ Flanségbe
133663.4
Yoruba/ Yoruba gbè
103960.4
Adja/ Adja gbè
14851.5
Goun/ Gun gbè
14851.5","Fon/ Fongbe
63.0
Français/ Flanségbe
30.0
Anglais/ Glɛnsigbe
2.6
Nago/ Nago gbè
1.3
Yoruba/ Yoruba gbè
1.3
Bariba/Baliba gbè
1.1
Autre : veuillez préciser/ Ðevo: kɛnklɛn bo ɖɔ
0.7","Fon/ Fongbe
53
Français/ Flanségbe
26
Anglais/ Glɛnsigbe
2
Nago/ Nago gbè
1
Yoruba/ Yoruba gbè
1
Bariba/Baliba gbè
1
Autre : veuillez préciser/ Ðevo: kɛnklɛn bo ɖɔ
1","Fon/ Fongbe
432.4
Français/ Flanségbe
206.0
Anglais/ Glɛnsigbe
18.1
Nago/ Nago gbè
9.1
Yoruba/ Yoruba gbè
9.1
Bariba/Baliba gbè
7.4
Autre : veuillez préciser/ Ðevo: kɛnklɛn bo ɖɔ
4.5"
Radio When,"Entre 6 h et 9 h du matin/ Ðò gan ayizɛ́n kpo gan ayizɛ́n kpo tɛntin zǎnzǎn
22.2
Entre 18 h et 21 h/ Ðò gan ayizɛn mɛ kpo Gan ayizɛn mɛ gbadanu
21.8
Entre 21 h et minuit /Ðò gan xwè kanɖé ɖokpó do djè zǎn gan wěwe mɛ
15.2
Entre midi et 14 h/ Ðò gan wěwe mɛ kpo gan wè mɛ gbadanu kpo tɛntin ɔ
15.2
Entre 14 h et 18 h/Ðò gan wè mɛ  kpo Gan ayizɛn mɛ gbadanu
13.5
Entre 9 h du matin et midi/ Ðò gan ayizɛ́n mɛ zǎnzǎn kpo gan wěwe mɛ kpo tɛntin
10.3
Entre minuit et 6 h/ Ðò gan wěwe mɛ do djè gan ayizɛ́n zǎnzǎn
1.5
Uniquement en cas d'actualité/ Enyi nǔ e jɛ ɖò xójlawema ɖé mɛ é kɛɖɛ wɛ .
0.2
Je préfère ne pas répondre/ Un yí wǎn nú xósin ma yí gbe ǎ.
0.1","Entre 6 h et 9 h du matin/ Ðò gan ayizɛ́n kpo gan ayizɛ́n kpo tɛntin zǎnzǎn
141
Entre 18 h et 21 h/ Ðò gan ayizɛn mɛ kpo Gan ayizɛn mɛ gbadanu
160
Entre 21 h et minuit /Ðò gan xwè kanɖé ɖokpó do djè zǎn gan wěwe mɛ
115
Entre midi et 14 h/ Ðò gan wěwe mɛ kpo gan wè mɛ gbadanu kpo tɛntin ɔ
104
Entre 14 h et 18 h/Ðò gan wè mɛ  kpo Gan ayizɛn mɛ gbadanu
84
Entre 9 h du matin et midi/ Ðò gan ayizɛ́n mɛ zǎnzǎn kpo gan wěwe mɛ kpo tɛntin
84
Entre minuit et 6 h/ Ðò gan wěwe mɛ do djè gan ayizɛ́n zǎnzǎn
5
Uniquement en cas d'actualité/ Enyi nǔ e jɛ ɖò xójlawema ɖé mɛ é kɛɖɛ wɛ .
3
Je préfère ne pas répondre/ Un yí wǎn nú xósin ma yí gbe ǎ.
1","Entre 6 h et 9 h du matin/ Ðò gan ayizɛ́n kpo gan ayizɛ́n kpo tɛntin zǎnzǎn
101982.6
Entre 18 h et 21 h/ Ðò gan ayizɛn mɛ kpo Gan ayizɛn mɛ gbadanu
100158.5
Entre 21 h et minuit /Ðò gan xwè kanɖé ɖokpó do djè zǎn gan wěwe mɛ
69629.0
Entre midi et 14 h/ Ðò gan wěwe mɛ kpo gan wè mɛ gbadanu kpo tɛntin ɔ
69627.1
Entre 14 h et 18 h/Ðò gan wè mɛ  kpo Gan ayizɛn mɛ gbadanu
61723.9
Entre 9 h du matin et midi/ Ðò gan ayizɛ́n mɛ zǎnzǎn kpo gan wěwe mɛ kpo tɛntin
47092.6
Entre minuit et 6 h/ Ðò gan wěwe mɛ do djè gan ayizɛ́n zǎnzǎn
7040.6
Uniquement en cas d'actualité/ Enyi nǔ e jɛ ɖò xójlawema ɖé mɛ é kɛɖɛ wɛ .
1060.2
Je préfère ne pas répondre/ Un yí wǎn nú xósin ma yí gbe ǎ.
572.2","Entre 6 h et 9 h du matin/ Ðò gan ayizɛ́n kpo gan ayizɛ́n kpo tɛntin zǎnzǎn
43.0
Entre 18 h et 21 h/ Ðò gan ayizɛn mɛ kpo Gan ayizɛn mɛ gbadanu
22.7
Entre 21 h et minuit /Ðò gan xwè kanɖé ɖokpó do djè zǎn gan wěwe mɛ
19.0
Entre midi et 14 h/ Ðò gan wěwe mɛ kpo gan wè mɛ gbadanu kpo tɛntin ɔ
7.1
Entre 14 h et 18 h/Ðò gan wè mɛ  kpo Gan ayizɛn mɛ gbadanu
4.3
Entre 9 h du matin et midi/ Ðò gan ayizɛ́n mɛ zǎnzǎn kpo gan wěwe mɛ kpo tɛntin
3.8","Entre 6 h et 9 h du matin/ Ðò gan ayizɛ́n kpo gan ayizɛ́n kpo tɛntin zǎnzǎn
138
Entre 18 h et 21 h/ Ðò gan ayizɛn mɛ kpo Gan ayizɛn mɛ gbadanu
86
Entre 21 h et minuit /Ðò gan xwè kanɖé ɖokpó do djè zǎn gan wěwe mɛ
55
Entre midi et 14 h/ Ðò gan wěwe mɛ kpo gan wè mɛ gbadanu kpo tɛntin ɔ
29
Entre 14 h et 18 h/Ðò gan wè mɛ  kpo Gan ayizɛn mɛ gbadanu
13
Entre 9 h du matin et midi/ Ðò gan ayizɛ́n mɛ zǎnzǎn kpo gan wěwe mɛ kpo tɛntin
9","Entre 6 h et 9 h du matin/ Ðò gan ayizɛ́n kpo gan ayizɛ́n kpo tɛntin zǎnzǎn
295399.4
Entre 18 h et 21 h/ Ðò gan ayizɛn mɛ kpo Gan ayizɛn mɛ gbadanu
155635.4
Entre 21 h et minuit /Ðò gan xwè kanɖé ɖokpó do djè zǎn gan wěwe mɛ
130474.3
Entre midi et 14 h/ Ðò gan wěwe mɛ kpo gan wè mɛ gbadanu kpo tɛntin ɔ
48796.8
Entre 14 h et 18 h/Ðò gan wè mɛ  kpo Gan ayizɛn mɛ gbadanu
29653.0
Entre 9 h du matin et midi/ Ðò gan ayizɛ́n mɛ zǎnzǎn kpo gan wěwe mɛ kpo tɛntin
26305.6","Entre 21 h et minuit /Ðò gan xwè kanɖé ɖokpó do djè zǎn gan wěwe mɛ
38.9
Entre 6 h et 9 h du matin/ Ðò gan ayizɛ́n kpo gan ayizɛ́n kpo tɛntin zǎnzǎn
20.1
Entre 18 h et 21 h/ Ðò gan ayizɛn mɛ kpo Gan ayizɛn mɛ gbadanu
17.3
Entre midi et 14 h/ Ðò gan wěwe mɛ kpo gan wè mɛ gbadanu kpo tɛntin ɔ
11.4
Entre minuit et 6 h/ Ðò gan wěwe mɛ do djè gan ayizɛ́n zǎnzǎn
6.2
Entre 9 h du matin et midi/ Ðò gan ayizɛ́n mɛ zǎnzǎn kpo gan wěwe mɛ kpo tɛntin
3.4
Entre 14 h et 18 h/Ðò gan wè mɛ  kpo Gan ayizɛn mɛ gbadanu
2.8","Entre 21 h et minuit /Ðò gan xwè kanɖé ɖokpó do djè zǎn gan wěwe mɛ
41
Entre 6 h et 9 h du matin/ Ðò gan ayizɛ́n kpo gan ayizɛ́n kpo tɛntin zǎnzǎn
27
Entre 18 h et 21 h/ Ðò gan ayizɛn mɛ kpo Gan ayizɛn mɛ gbadanu
21
Entre midi et 14 h/ Ðò gan wěwe mɛ kpo gan wè mɛ gbadanu kpo tɛntin ɔ
17
Entre minuit et 6 h/ Ðò gan wěwe mɛ do djè gan ayizɛ́n zǎnzǎn
9
Entre 9 h du matin et midi/ Ðò gan ayizɛ́n mɛ zǎnzǎn kpo gan wěwe mɛ kpo tɛntin
5
Entre 14 h et 18 h/Ðò gan wè mɛ  kpo Gan ayizɛn mɛ gbadanu
4","Entre 21 h et minuit /Ðò gan xwè kanɖé ɖokpó do djè zǎn gan wěwe mɛ
1946.6
Entre 6 h et 9 h du matin/ Ðò gan ayizɛ́n kpo gan ayizɛ́n kpo tɛntin zǎnzǎn
1005.0
Entre 18 h et 21 h/ Ðò gan ayizɛn mɛ kpo Gan ayizɛn mɛ gbadanu
864.7
Entre midi et 14 h/ Ðò gan wěwe mɛ kpo gan wè mɛ gbadanu kpo tɛntin ɔ
568.4
Entre minuit et 6 h/ Ðò gan wěwe mɛ do djè gan ayizɛ́n zǎnzǎn
312.1
Entre 9 h du matin et midi/ Ðò gan ayizɛ́n mɛ zǎnzǎn kpo gan wěwe mɛ kpo tɛntin
171.8
Entre 14 h et 18 h/Ðò gan wè mɛ  kpo Gan ayizɛn mɛ gbadanu
137.9","Entre 6 h et 9 h du matin/ Ðò gan ayizɛ́n kpo gan ayizɛ́n kpo tɛntin zǎnzǎn
36.8
Entre 18 h et 21 h/ Ðò gan ayizɛn mɛ kpo Gan ayizɛn mɛ gbadanu
19.3
Entre midi et 14 h/ Ðò gan wěwe mɛ kpo gan wè mɛ gbadanu kpo tɛntin ɔ
18.5
Entre 9 h du matin et midi/ Ðò gan ayizɛ́n mɛ zǎnzǎn kpo gan wěwe mɛ kpo tɛntin
8.5
Entre 21 h et minuit /Ðò gan xwè kanɖé ɖokpó do djè zǎn gan wěwe mɛ
7.8
Entre 14 h et 18 h/Ðò gan wè mɛ  kpo Gan ayizɛn mɛ gbadanu
5.6
Uniquement en cas d'actualité/ Enyi nǔ e jɛ ɖò xójlawema ɖé mɛ é kɛɖɛ wɛ .
3.5","Entre 6 h et 9 h du matin/ Ðò gan ayizɛ́n kpo gan ayizɛ́n kpo tɛntin zǎnzǎn
29
Entre 18 h et 21 h/ Ðò gan ayizɛn mɛ kpo Gan ayizɛn mɛ gbadanu
19
Entre midi et 14 h/ Ðò gan wěwe mɛ kpo gan wè mɛ gbadanu kpo tɛntin ɔ
11
Entre 9 h du matin et midi/ Ðò gan ayizɛ́n mɛ zǎnzǎn kpo gan wěwe mɛ kpo tɛntin
5
Entre 21 h et minuit /Ðò gan xwè kanɖé ɖokpó do djè zǎn gan wěwe mɛ
8
Entre 14 h et 18 h/Ðò gan wè mɛ  kpo Gan ayizɛn mɛ gbadanu
9
Uniquement en cas d'actualité/ Enyi nǔ e jɛ ɖò xójlawema ɖé mɛ é kɛɖɛ wɛ .
6","Entre 6 h et 9 h du matin/ Ðò gan ayizɛ́n kpo gan ayizɛ́n kpo tɛntin zǎnzǎn
103570.6
Entre 18 h et 21 h/ Ðò gan ayizɛn mɛ kpo Gan ayizɛn mɛ gbadanu
54350.5
Entre midi et 14 h/ Ðò gan wěwe mɛ kpo gan wè mɛ gbadanu kpo tɛntin ɔ
52211.2
Entre 9 h du matin et midi/ Ðò gan ayizɛ́n mɛ zǎnzǎn kpo gan wěwe mɛ kpo tɛntin
23833.9
Entre 21 h et minuit /Ðò gan xwè kanɖé ɖokpó do djè zǎn gan wěwe mɛ
22033.7
Entre 14 h et 18 h/Ðò gan wè mɛ  kpo Gan ayizɛn mɛ gbadanu
15761.9
Uniquement en cas d'actualité/ Enyi nǔ e jɛ ɖò xójlawema ɖé mɛ é kɛɖɛ wɛ .
9787.4","Entre 18 h et 21 h/ Ðò gan ayizɛn mɛ kpo Gan ayizɛn mɛ gbadanu
29.0
Entre 6 h et 9 h du matin/ Ðò gan ayizɛ́n kpo gan ayizɛ́n kpo tɛntin zǎnzǎn
27.1
Entre midi et 14 h/ Ðò gan wěwe mɛ kpo gan wè mɛ gbadanu kpo tɛntin ɔ
17.6
Entre 14 h et 18 h/Ðò gan wè mɛ  kpo Gan ayizɛn mɛ gbadanu
8.9
Entre 21 h et minuit /Ðò gan xwè kanɖé ɖokpó do djè zǎn gan wěwe mɛ
8.5
Entre 9 h du matin et midi/ Ðò gan ayizɛ́n mɛ zǎnzǎn kpo gan wěwe mɛ kpo tɛntin
8.5
Entre minuit et 6 h/ Ðò gan wěwe mɛ do djè gan ayizɛ́n zǎnzǎn
0.5","Entre 18 h et 21 h/ Ðò gan ayizɛn mɛ kpo Gan ayizɛn mɛ gbadanu
66
Entre 6 h et 9 h du matin/ Ðò gan ayizɛ́n kpo gan ayizɛ́n kpo tɛntin zǎnzǎn
74
Entre midi et 14 h/ Ðò gan wěwe mɛ kpo gan wè mɛ gbadanu kpo tɛntin ɔ
39
Entre 14 h et 18 h/Ðò gan wè mɛ  kpo Gan ayizɛn mɛ gbadanu
27
Entre 21 h et minuit /Ðò gan xwè kanɖé ɖokpó do djè zǎn gan wěwe mɛ
31
Entre 9 h du matin et midi/ Ðò gan ayizɛ́n mɛ zǎnzǎn kpo gan wěwe mɛ kpo tɛntin
22
Entre minuit et 6 h/ Ðò gan wěwe mɛ do djè gan ayizɛ́n zǎnzǎn
1","Entre 18 h et 21 h/ Ðò gan ayizɛn mɛ kpo Gan ayizɛn mɛ gbadanu
12665.7
Entre 6 h et 9 h du matin/ Ðò gan ayizɛ́n kpo gan ayizɛ́n kpo tɛntin zǎnzǎn
11838.5
Entre midi et 14 h/ Ðò gan wěwe mɛ kpo gan wè mɛ gbadanu kpo tɛntin ɔ
7705.8
Entre 14 h et 18 h/Ðò gan wè mɛ  kpo Gan ayizɛn mɛ gbadanu
3885.9
Entre 21 h et minuit /Ðò gan xwè kanɖé ɖokpó do djè zǎn gan wěwe mɛ
3708.3
Entre 9 h du matin et midi/ Ðò gan ayizɛ́n mɛ zǎnzǎn kpo gan wěwe mɛ kpo tɛntin
3696.0
Entre minuit et 6 h/ Ðò gan wěwe mɛ do djè gan ayizɛ́n zǎnzǎn
223.3","Entre 18 h et 21 h/ Ðò gan ayizɛn mɛ kpo Gan ayizɛn mɛ gbadanu
27.1
Entre 21 h et minuit /Ðò gan xwè kanɖé ɖokpó do djè zǎn gan wěwe mɛ
20.0
Entre 6 h et 9 h du matin/ Ðò gan ayizɛ́n kpo gan ayizɛ́n kpo tɛntin zǎnzǎn
20.0
Entre midi et 14 h/ Ðò gan wěwe mɛ kpo gan wè mɛ gbadanu kpo tɛntin ɔ
20.0
Entre minuit et 6 h/ Ðò gan wěwe mɛ do djè gan ayizɛ́n zǎnzǎn
7.1
Entre 14 h et 18 h/Ðò gan wè mɛ  kpo Gan ayizɛn mɛ gbadanu
3.5
Entre 9 h du matin et midi/ Ðò gan ayizɛ́n mɛ zǎnzǎn kpo gan wěwe mɛ kpo tɛntin
2.4","Entre 18 h et 21 h/ Ðò gan ayizɛn mɛ kpo Gan ayizɛn mɛ gbadanu
20
Entre 21 h et minuit /Ðò gan xwè kanɖé ɖokpó do djè zǎn gan wěwe mɛ
17
Entre 6 h et 9 h du matin/ Ðò gan ayizɛ́n kpo gan ayizɛ́n kpo tɛntin zǎnzǎn
17
Entre midi et 14 h/ Ðò gan wěwe mɛ kpo gan wè mɛ gbadanu kpo tɛntin ɔ
14
Entre minuit et 6 h/ Ðò gan wěwe mɛ do djè gan ayizɛ́n zǎnzǎn
6
Entre 14 h et 18 h/Ðò gan wè mɛ  kpo Gan ayizɛn mɛ gbadanu
3
Entre 9 h du matin et midi/ Ðò gan ayizɛ́n mɛ zǎnzǎn kpo gan wěwe mɛ kpo tɛntin
2","Entre 18 h et 21 h/ Ðò gan ayizɛn mɛ kpo Gan ayizɛn mɛ gbadanu
341584.3
Entre 21 h et minuit /Ðò gan xwè kanɖé ɖokpó do djè zǎn gan wěwe mɛ
252475.3
Entre 6 h et 9 h du matin/ Ðò gan ayizɛ́n kpo gan ayizɛ́n kpo tɛntin zǎnzǎn
252475.3
Entre midi et 14 h/ Ðò gan wěwe mɛ kpo gan wè mɛ gbadanu kpo tɛntin ɔ
252475.3
Entre minuit et 6 h/ Ðò gan wěwe mɛ do djè gan ayizɛ́n zǎnzǎn
89108.9
Entre 14 h et 18 h/Ðò gan wè mɛ  kpo Gan ayizɛn mɛ gbadanu
44554.5
Entre 9 h du matin et midi/ Ðò gan ayizɛ́n mɛ zǎnzǎn kpo gan wěwe mɛ kpo tɛntin
29703.0","Entre 18 h et 21 h/ Ðò gan ayizɛn mɛ kpo Gan ayizɛn mɛ gbadanu
26.6
Entre 21 h et minuit /Ðò gan xwè kanɖé ɖokpó do djè zǎn gan wěwe mɛ
20.8
Entre 6 h et 9 h du matin/ Ðò gan ayizɛ́n kpo gan ayizɛ́n kpo tɛntin zǎnzǎn
20.7
Entre midi et 14 h/ Ðò gan wěwe mɛ kpo gan wè mɛ gbadanu kpo tɛntin ɔ
12.6
Entre 14 h et 18 h/Ðò gan wè mɛ  kpo Gan ayizɛn mɛ gbadanu
7.1
Entre minuit et 6 h/ Ðò gan wěwe mɛ do djè gan ayizɛ́n zǎnzǎn
6.3
Entre 9 h du matin et midi/ Ðò gan ayizɛ́n mɛ zǎnzǎn kpo gan wěwe mɛ kpo tɛntin
5.9","Entre 18 h et 21 h/ Ðò gan ayizɛn mɛ kpo Gan ayizɛn mɛ gbadanu
46
Entre 21 h et minuit /Ðò gan xwè kanɖé ɖokpó do djè zǎn gan wěwe mɛ
36
Entre 6 h et 9 h du matin/ Ðò gan ayizɛ́n kpo gan ayizɛ́n kpo tɛntin zǎnzǎn
36
Entre midi et 14 h/ Ðò gan wěwe mɛ kpo gan wè mɛ gbadanu kpo tɛntin ɔ
22
Entre 14 h et 18 h/Ðò gan wè mɛ  kpo Gan ayizɛn mɛ gbadanu
12
Entre minuit et 6 h/ Ðò gan wěwe mɛ do djè gan ayizɛ́n zǎnzǎn
10
Entre 9 h du matin et midi/ Ðò gan ayizɛ́n mɛ zǎnzǎn kpo gan wěwe mɛ kpo tɛntin
10","Entre 18 h et 21 h/ Ðò gan ayizɛn mɛ kpo Gan ayizɛn mɛ gbadanu
375.7
Entre 21 h et minuit /Ðò gan xwè kanɖé ɖokpó do djè zǎn gan wěwe mɛ
293.4
Entre 6 h et 9 h du matin/ Ðò gan ayizɛ́n kpo gan ayizɛ́n kpo tɛntin zǎnzǎn
292.9
Entre midi et 14 h/ Ðò gan wěwe mɛ kpo gan wè mɛ gbadanu kpo tɛntin ɔ
177.7
Entre 14 h et 18 h/Ðò gan wè mɛ  kpo Gan ayizɛn mɛ gbadanu
100.4
Entre minuit et 6 h/ Ðò gan wěwe mɛ do djè gan ayizɛ́n zǎnzǎn
89.0
Entre 9 h du matin et midi/ Ðò gan ayizɛ́n mɛ zǎnzǎn kpo gan wěwe mɛ kpo tɛntin
84.0"
Radio What,"Je me repose / me détends/ Un ɖò gbɔjɛ wɛ/ɖò gbɔjɛ wɛ
26.6
Working
12.1
Je passe du temps avec des amis/ Un ɖò hwenu zán wɛ xá mɛ xɔ́ntɔn lɛ
10.9
Je me prépare pour le travail/ Un ɖo nu sɔ wɛ bo na yi azɔmɛ
10.3
Je suis sur mon téléphone/ Un ɖò alokan ce jí
9.9
Je fais des tâches ménagères (par exemple, le ménage, la lessive, la vaisselle)/ Un ɖò xwégbezɔ́ lɛ wà wɛ (e.g., nǔsisɔ, nǔnya, agbán klɔ́)
9.8
Rien, je n'écoute que la radio/ Nǔɖe ǎ, un nɔ ɖótó hladio kɛɖɛ
8.9
Je cuisine/ Un ɖò nǔ ɖa wɛ
7.9
Je fais de la couture/ Un nɔ tɔ avɔ
0.8
Autre : veuillez préciser/ Ɖevo: kɛnklɛn ɖɔ
0.8
Je conduis/ Un ɖò hùn kun wɛ
0.6
Je prie/ Un ɖò ɖɛ xò wɛ
0.5
Caring for animals
0.4
Je lis (livres, journaux ou autres documents)/ Un ɖò nǔ xà wɛ (wema lɛ, xójlawema lɛ, alǒ nǔ ɖevo lɛ)
0.3
J’écris/ Un nɔ wlan nǔ
0.2
Je fais ou me fais faire ma coiffure ou des soins esthétiques/ Un ɖò ɖa ce bló wɛ alǒ ɖò ɖa ce lɛ bló wɛ
0.2","Je me repose / me détends/ Un ɖò gbɔjɛ wɛ/ɖò gbɔjɛ wɛ
151
Working
54
Je passe du temps avec des amis/ Un ɖò hwenu zán wɛ xá mɛ xɔ́ntɔn lɛ
53
Je me prépare pour le travail/ Un ɖo nu sɔ wɛ bo na yi azɔmɛ
44
Je suis sur mon téléphone/ Un ɖò alokan ce jí
30
Je fais des tâches ménagères (par exemple, le ménage, la lessive, la vaisselle)/ Un ɖò xwégbezɔ́ lɛ wà wɛ (e.g., nǔsisɔ, nǔnya, agbán klɔ́)
107
Rien, je n'écoute que la radio/ Nǔɖe ǎ, un nɔ ɖótó hladio kɛɖɛ
39
Je cuisine/ Un ɖò nǔ ɖa wɛ
97
Je fais de la couture/ Un nɔ tɔ avɔ
10
Autre : veuillez préciser/ Ɖevo: kɛnklɛn ɖɔ
5
Je conduis/ Un ɖò hùn kun wɛ
5
Je prie/ Un ɖò ɖɛ xò wɛ
6
Caring for animals
1
Je lis (livres, journaux ou autres documents)/ Un ɖò nǔ xà wɛ (wema lɛ, xójlawema lɛ, alǒ nǔ ɖevo lɛ)
1
J’écris/ Un nɔ wlan nǔ
2
Je fais ou me fais faire ma coiffure ou des soins esthétiques/ Un ɖò ɖa ce bló wɛ alǒ ɖò ɖa ce lɛ bló wɛ
5","Je me repose / me détends/ Un ɖò gbɔjɛ wɛ/ɖò gbɔjɛ wɛ
102963.0
Working
46797.3
Je passe du temps avec des amis/ Un ɖò hwenu zán wɛ xá mɛ xɔ́ntɔn lɛ
42001.9
Je me prépare pour le travail/ Un ɖo nu sɔ wɛ bo na yi azɔmɛ
39710.8
Je suis sur mon téléphone/ Un ɖò alokan ce jí
38131.0
Je fais des tâches ménagères (par exemple, le ménage, la lessive, la vaisselle)/ Un ɖò xwégbezɔ́ lɛ wà wɛ (e.g., nǔsisɔ, nǔnya, agbán klɔ́)
37804.3
Rien, je n'écoute que la radio/ Nǔɖe ǎ, un nɔ ɖótó hladio kɛɖɛ
34443.4
Je cuisine/ Un ɖò nǔ ɖa wɛ
30545.6
Je fais de la couture/ Un nɔ tɔ avɔ
3166.1
Autre : veuillez préciser/ Ɖevo: kɛnklɛn ɖɔ
2994.1
Je conduis/ Un ɖò hùn kun wɛ
2140.6
Je prie/ Un ɖò ɖɛ xò wɛ
1829.4
Caring for animals
1396.3
Je lis (livres, journaux ou autres documents)/ Un ɖò nǔ xà wɛ (wema lɛ, xójlawema lɛ, alǒ nǔ ɖevo lɛ)
1144.3
J’écris/ Un nɔ wlan nǔ
739.0
Je fais ou me fais faire ma coiffure ou des soins esthétiques/ Un ɖò ɖa ce bló wɛ alǒ ɖò ɖa ce lɛ bló wɛ
694.9","Rien, je n'écoute que la radio/ Nǔɖe ǎ, un nɔ ɖótó hladio kɛɖɛ
20.9
Je me repose / me détends/ Un ɖò gbɔjɛ wɛ/ɖò gbɔjɛ wɛ
20.1
Je fais des tâches ménagères (par exemple, le ménage, la lessive, la vaisselle)/ Un ɖò xwégbezɔ́ lɛ wà wɛ (e.g., nǔsisɔ, nǔnya, agbán klɔ́)
19.9
Je cuisine/ Un ɖò nǔ ɖa wɛ
14.6
Working
9.8
Je passe du temps avec des amis/ Un ɖò hwenu zán wɛ xá mɛ xɔ́ntɔn lɛ
6.2
Je suis sur mon téléphone/ Un ɖò alokan ce jí
5.6
Je fais de la couture/ Un nɔ tɔ avɔ
1.8
Je me prépare pour le travail/ Un ɖo nu sɔ wɛ bo na yi azɔmɛ
0.6
Je lis (livres, journaux ou autres documents)/ Un ɖò nǔ xà wɛ (wema lɛ, xójlawema lɛ, alǒ nǔ ɖevo lɛ)
0.4
Caring for animals
0.2","Rien, je n'écoute que la radio/ Nǔɖe ǎ, un nɔ ɖótó hladio kɛɖɛ
50
Je me repose / me détends/ Un ɖò gbɔjɛ wɛ/ɖò gbɔjɛ wɛ
41
Je fais des tâches ménagères (par exemple, le ménage, la lessive, la vaisselle)/ Un ɖò xwégbezɔ́ lɛ wà wɛ (e.g., nǔsisɔ, nǔnya, agbán klɔ́)
50
Je cuisine/ Un ɖò nǔ ɖa wɛ
26
Working
27
Je passe du temps avec des amis/ Un ɖò hwenu zán wɛ xá mɛ xɔ́ntɔn lɛ
20
Je suis sur mon téléphone/ Un ɖò alokan ce jí
14
Je fais de la couture/ Un nɔ tɔ avɔ
4
Je me prépare pour le travail/ Un ɖo nu sɔ wɛ bo na yi azɔmɛ
2
Je lis (livres, journaux ou autres documents)/ Un ɖò nǔ xà wɛ (wema lɛ, xójlawema lɛ, alǒ nǔ ɖevo lɛ)
1
Caring for animals
1","Rien, je n'écoute que la radio/ Nǔɖe ǎ, un nɔ ɖótó hladio kɛɖɛ
99363.7
Je me repose / me détends/ Un ɖò gbɔjɛ wɛ/ɖò gbɔjɛ wɛ
95754.4
Je fais des tâches ménagères (par exemple, le ménage, la lessive, la vaisselle)/ Un ɖò xwégbezɔ́ lɛ wà wɛ (e.g., nǔsisɔ, nǔnya, agbán klɔ́)
94753.4
Je cuisine/ Un ɖò nǔ ɖa wɛ
69317.0
Working
46511.5
Je passe du temps avec des amis/ Un ɖò hwenu zán wɛ xá mɛ xɔ́ntɔn lɛ
29428.0
Je suis sur mon téléphone/ Un ɖò alokan ce jí
26522.2
Je fais de la couture/ Un nɔ tɔ avɔ
8709.0
Je me prépare pour le travail/ Un ɖo nu sɔ wɛ bo na yi azɔmɛ
2708.1
Je lis (livres, journaux ou autres documents)/ Un ɖò nǔ xà wɛ (wema lɛ, xójlawema lɛ, alǒ nǔ ɖevo lɛ)
1779.4
Caring for animals
1079.6","Je me repose / me détends/ Un ɖò gbɔjɛ wɛ/ɖò gbɔjɛ wɛ
75.3
Je cuisine/ Un ɖò nǔ ɖa wɛ
9.9
Je fais des tâches ménagères (par exemple, le ménage, la lessive, la vaisselle)/ Un ɖò xwégbezɔ́ lɛ wà wɛ (e.g., nǔsisɔ, nǔnya, agbán klɔ́)
9.8
Je suis sur mon téléphone/ Un ɖò alokan ce jí
2.5
Je fais de la couture/ Un nɔ tɔ avɔ
1.3
Rien, je n'écoute que la radio/ Nǔɖe ǎ, un nɔ ɖótó hladio kɛɖɛ
1.2","Je me repose / me détends/ Un ɖò gbɔjɛ wɛ/ɖò gbɔjɛ wɛ
42
Je cuisine/ Un ɖò nǔ ɖa wɛ
8
Je fais des tâches ménagères (par exemple, le ménage, la lessive, la vaisselle)/ Un ɖò xwégbezɔ́ lɛ wà wɛ (e.g., nǔsisɔ, nǔnya, agbán klɔ́)
8
Je suis sur mon téléphone/ Un ɖò alokan ce jí
2
Je fais de la couture/ Un nɔ tɔ avɔ
1
Rien, je n'écoute que la radio/ Nǔɖe ǎ, un nɔ ɖótó hladio kɛɖɛ
1","Je me repose / me détends/ Un ɖò gbɔjɛ wɛ/ɖò gbɔjɛ wɛ
2093.8
Je cuisine/ Un ɖò nǔ ɖa wɛ
275.9
Je fais des tâches ménagères (par exemple, le ménage, la lessive, la vaisselle)/ Un ɖò xwégbezɔ́ lɛ wà wɛ (e.g., nǔsisɔ, nǔnya, agbán klɔ́)
271.2
Je suis sur mon téléphone/ Un ɖò alokan ce jí
70.1
Je fais de la couture/ Un nɔ tɔ avɔ
36.2
Rien, je n'écoute que la radio/ Nǔɖe ǎ, un nɔ ɖótó hladio kɛɖɛ
33.9","Je fais des tâches ménagères (par exemple, le ménage, la lessive, la vaisselle)/ Un ɖò xwégbezɔ́ lɛ wà wɛ (e.g., nǔsisɔ, nǔnya, agbán klɔ́)
38.0
Rien, je n'écoute que la radio/ Nǔɖe ǎ, un nɔ ɖótó hladio kɛɖɛ
24.1
Je me repose / me détends/ Un ɖò gbɔjɛ wɛ/ɖò gbɔjɛ wɛ
19.0
Working
6.8
Je me prépare pour le travail/ Un ɖo nu sɔ wɛ bo na yi azɔmɛ
4.5
Je passe du temps avec des amis/ Un ɖò hwenu zán wɛ xá mɛ xɔ́ntɔn lɛ
3.4
Je cuisine/ Un ɖò nǔ ɖa wɛ
2.7
Autre : veuillez préciser/ Ɖevo: kɛnklɛn ɖɔ
0.8
Je suis sur mon téléphone/ Un ɖò alokan ce jí
0.8","Je fais des tâches ménagères (par exemple, le ménage, la lessive, la vaisselle)/ Un ɖò xwégbezɔ́ lɛ wà wɛ (e.g., nǔsisɔ, nǔnya, agbán klɔ́)
14
Rien, je n'écoute que la radio/ Nǔɖe ǎ, un nɔ ɖótó hladio kɛɖɛ
12
Je me repose / me détends/ Un ɖò gbɔjɛ wɛ/ɖò gbɔjɛ wɛ
24
Working
10
Je me prépare pour le travail/ Un ɖo nu sɔ wɛ bo na yi azɔmɛ
3
Je passe du temps avec des amis/ Un ɖò hwenu zán wɛ xá mɛ xɔ́ntɔn lɛ
5
Je cuisine/ Un ɖò nǔ ɖa wɛ
1
Autre : veuillez préciser/ Ɖevo: kɛnklɛn ɖɔ
1
Je suis sur mon téléphone/ Un ɖò alokan ce jí
1","Je fais des tâches ménagères (par exemple, le ménage, la lessive, la vaisselle)/ Un ɖò xwégbezɔ́ lɛ wà wɛ (e.g., nǔsisɔ, nǔnya, agbán klɔ́)
85357.6
Rien, je n'écoute que la radio/ Nǔɖe ǎ, un nɔ ɖótó hladio kɛɖɛ
54218.8
Je me repose / me détends/ Un ɖò gbɔjɛ wɛ/ɖò gbɔjɛ wɛ
42791.7
Working
15185.3
Je me prépare pour le travail/ Un ɖo nu sɔ wɛ bo na yi azɔmɛ
10036.6
Je passe du temps avec des amis/ Un ɖò hwenu zán wɛ xá mɛ xɔ́ntɔn lɛ
7652.0
Je cuisine/ Un ɖò nǔ ɖa wɛ
6026.6
Autre : veuillez préciser/ Ɖevo: kɛnklɛn ɖɔ
1755.8
Je suis sur mon téléphone/ Un ɖò alokan ce jí
1755.8","Je me repose / me détends/ Un ɖò gbɔjɛ wɛ/ɖò gbɔjɛ wɛ
25.7
Je fais des tâches ménagères (par exemple, le ménage, la lessive, la vaisselle)/ Un ɖò xwégbezɔ́ lɛ wà wɛ (e.g., nǔsisɔ, nǔnya, agbán klɔ́)
16.6
Je cuisine/ Un ɖò nǔ ɖa wɛ
12.7
Working
10.3
Je me prépare pour le travail/ Un ɖo nu sɔ wɛ bo na yi azɔmɛ
9.2
Je passe du temps avec des amis/ Un ɖò hwenu zán wɛ xá mɛ xɔ́ntɔn lɛ
8.4
Je suis sur mon téléphone/ Un ɖò alokan ce jí
6.8
Rien, je n'écoute que la radio/ Nǔɖe ǎ, un nɔ ɖótó hladio kɛɖɛ
2.8
Je prie/ Un ɖò ɖɛ xò wɛ
2.5
Je conduis/ Un ɖò hùn kun wɛ
2.0
Autre : veuillez préciser/ Ɖevo: kɛnklɛn ɖɔ
1.5
Je fais de la couture/ Un nɔ tɔ avɔ
1.4
Je fais ou me fais faire ma coiffure ou des soins esthétiques/ Un ɖò ɖa ce bló wɛ alǒ ɖò ɖa ce lɛ bló wɛ
0.1","Je me repose / me détends/ Un ɖò gbɔjɛ wɛ/ɖò gbɔjɛ wɛ
56
Je fais des tâches ménagères (par exemple, le ménage, la lessive, la vaisselle)/ Un ɖò xwégbezɔ́ lɛ wà wɛ (e.g., nǔsisɔ, nǔnya, agbán klɔ́)
46
Je cuisine/ Un ɖò nǔ ɖa wɛ
30
Working
20
Je me prépare pour le travail/ Un ɖo nu sɔ wɛ bo na yi azɔmɛ
18
Je passe du temps avec des amis/ Un ɖò hwenu zán wɛ xá mɛ xɔ́ntɔn lɛ
13
Je suis sur mon téléphone/ Un ɖò alokan ce jí
9
Rien, je n'écoute que la radio/ Nǔɖe ǎ, un nɔ ɖótó hladio kɛɖɛ
8
Je prie/ Un ɖò ɖɛ xò wɛ
4
Je conduis/ Un ɖò hùn kun wɛ
3
Autre : veuillez préciser/ Ɖevo: kɛnklɛn ɖɔ
5
Je fais de la couture/ Un nɔ tɔ avɔ
4
Je fais ou me fais faire ma coiffure ou des soins esthétiques/ Un ɖò ɖa ce bló wɛ alǒ ɖò ɖa ce lɛ bló wɛ
1","Je me repose / me détends/ Un ɖò gbɔjɛ wɛ/ɖò gbɔjɛ wɛ
9852.5
Je fais des tâches ménagères (par exemple, le ménage, la lessive, la vaisselle)/ Un ɖò xwégbezɔ́ lɛ wà wɛ (e.g., nǔsisɔ, nǔnya, agbán klɔ́)
6352.1
Je cuisine/ Un ɖò nǔ ɖa wɛ
4840.9
Working
3938.7
Je me prépare pour le travail/ Un ɖo nu sɔ wɛ bo na yi azɔmɛ
3524.8
Je passe du temps avec des amis/ Un ɖò hwenu zán wɛ xá mɛ xɔ́ntɔn lɛ
3217.8
Je suis sur mon téléphone/ Un ɖò alokan ce jí
2602.8
Rien, je n'écoute que la radio/ Nǔɖe ǎ, un nɔ ɖótó hladio kɛɖɛ
1064.3
Je prie/ Un ɖò ɖɛ xò wɛ
961.2
Je conduis/ Un ɖò hùn kun wɛ
752.3
Autre : veuillez préciser/ Ɖevo: kɛnklɛn ɖɔ
566.2
Je fais de la couture/ Un nɔ tɔ avɔ
550.0
Je fais ou me fais faire ma coiffure ou des soins esthétiques/ Un ɖò ɖa ce bló wɛ alǒ ɖò ɖa ce lɛ bló wɛ
40.0","Je me repose / me détends/ Un ɖò gbɔjɛ wɛ/ɖò gbɔjɛ wɛ
37.5
Je fais des tâches ménagères (par exemple, le ménage, la lessive, la vaisselle)/ Un ɖò xwégbezɔ́ lɛ wà wɛ (e.g., nǔsisɔ, nǔnya, agbán klɔ́)
25.0
Je cuisine/ Un ɖò nǔ ɖa wɛ
18.7
Working
14.6
Rien, je n'écoute que la radio/ Nǔɖe ǎ, un nɔ ɖótó hladio kɛɖɛ
4.2","Je me repose / me détends/ Un ɖò gbɔjɛ wɛ/ɖò gbɔjɛ wɛ
18
Je fais des tâches ménagères (par exemple, le ménage, la lessive, la vaisselle)/ Un ɖò xwégbezɔ́ lɛ wà wɛ (e.g., nǔsisɔ, nǔnya, agbán klɔ́)
9
Je cuisine/ Un ɖò nǔ ɖa wɛ
6
Working
4
Rien, je n'écoute que la radio/ Nǔɖe ǎ, un nɔ ɖótó hladio kɛɖɛ
2","Je me repose / me détends/ Un ɖò gbɔjɛ wɛ/ɖò gbɔjɛ wɛ
267326.8
Je fais des tâches ménagères (par exemple, le ménage, la lessive, la vaisselle)/ Un ɖò xwégbezɔ́ lɛ wà wɛ (e.g., nǔsisɔ, nǔnya, agbán klɔ́)
178217.9
Je cuisine/ Un ɖò nǔ ɖa wɛ
133663.4
Working
103960.4
Rien, je n'écoute que la radio/ Nǔɖe ǎ, un nɔ ɖótó hladio kɛɖɛ
29703.0","Je me repose / me détends/ Un ɖò gbɔjɛ wɛ/ɖò gbɔjɛ wɛ
40.5
Je fais des tâches ménagères (par exemple, le ménage, la lessive, la vaisselle)/ Un ɖò xwégbezɔ́ lɛ wà wɛ (e.g., nǔsisɔ, nǔnya, agbán klɔ́)
19.1
Je cuisine/ Un ɖò nǔ ɖa wɛ
17.4
Working
9.2
Je me prépare pour le travail/ Un ɖo nu sɔ wɛ bo na yi azɔmɛ
4.6
Rien, je n'écoute que la radio/ Nǔɖe ǎ, un nɔ ɖótó hladio kɛɖɛ
4.6
Je fais de la couture/ Un nɔ tɔ avɔ
2.4
Je fais ou me fais faire ma coiffure ou des soins esthétiques/ Un ɖò ɖa ce bló wɛ alǒ ɖò ɖa ce lɛ bló wɛ
2.2","Je me repose / me détends/ Un ɖò gbɔjɛ wɛ/ɖò gbɔjɛ wɛ
38
Je fais des tâches ménagères (par exemple, le ménage, la lessive, la vaisselle)/ Un ɖò xwégbezɔ́ lɛ wà wɛ (e.g., nǔsisɔ, nǔnya, agbán klɔ́)
18
Je cuisine/ Un ɖò nǔ ɖa wɛ
16
Working
8
Je me prépare pour le travail/ Un ɖo nu sɔ wɛ bo na yi azɔmɛ
4
Rien, je n'écoute que la radio/ Nǔɖe ǎ, un nɔ ɖótó hladio kɛɖɛ
4
Je fais de la couture/ Un nɔ tɔ avɔ
2
Je fais ou me fais faire ma coiffure ou des soins esthétiques/ Un ɖò ɖa ce bló wɛ alǒ ɖò ɖa ce lɛ bló wɛ
2","Je me repose / me détends/ Un ɖò gbɔjɛ wɛ/ɖò gbɔjɛ wɛ
306.5
Je fais des tâches ménagères (par exemple, le ménage, la lessive, la vaisselle)/ Un ɖò xwégbezɔ́ lɛ wà wɛ (e.g., nǔsisɔ, nǔnya, agbán klɔ́)
144.7
Je cuisine/ Un ɖò nǔ ɖa wɛ
131.7
Working
69.2
Je me prépare pour le travail/ Un ɖo nu sɔ wɛ bo na yi azɔmɛ
34.6
Rien, je n'écoute que la radio/ Nǔɖe ǎ, un nɔ ɖótó hladio kɛɖɛ
34.6
Je fais de la couture/ Un nɔ tɔ avɔ
18.1
Je fais ou me fais faire ma coiffure ou des soins esthétiques/ Un ɖò ɖa ce bló wɛ alǒ ɖò ɖa ce lɛ bló wɛ
16.5"
Radio Trust,"Je fais toujours confiance/ Un nɔ ɖeji hwebinu
44.0
La plupart du temps, j'ai confiance/ Hwenu gege ɔ un nɔ ɖeji
43.4
Parfois, j'ai confiance/ Hweɖelɛnu ɔ un nɔ ɖeji
10.7
La plupart du temps, je ne fais pas confiance/ Hwenu gege ɔ un nɔ ɖeji ǎ
1.6
Je ne fais jamais confiance/ Un nɔ ɖeji gbeɖe a
0.2
Je ne sais pas/ Un ma tuùn ǎ
0.1","Je fais toujours confiance/ Un nɔ ɖeji hwebinu
128
La plupart du temps, j'ai confiance/ Hwenu gege ɔ un nɔ ɖeji
90
Parfois, j'ai confiance/ Hweɖelɛnu ɔ un nɔ ɖeji
32
La plupart du temps, je ne fais pas confiance/ Hwenu gege ɔ un nɔ ɖeji ǎ
4
Je ne fais jamais confiance/ Un nɔ ɖeji gbeɖe a
3
Je ne sais pas/ Un ma tuùn ǎ
1","Je fais toujours confiance/ Un nɔ ɖeji hwebinu
64822.0
La plupart du temps, j'ai confiance/ Hwenu gege ɔ un nɔ ɖeji
63945.3
Parfois, j'ai confiance/ Hweɖelɛnu ɔ un nɔ ɖeji
15761.5
La plupart du temps, je ne fais pas confiance/ Hwenu gege ɔ un nɔ ɖeji ǎ
2402.8
Je ne fais jamais confiance/ Un nɔ ɖeji gbeɖe a
244.9
Je ne sais pas/ Un ma tuùn ǎ
81.2","Je fais toujours confiance/ Un nɔ ɖeji hwebinu
73.2
La plupart du temps, j'ai confiance/ Hwenu gege ɔ un nɔ ɖeji
18.2
Parfois, j'ai confiance/ Hweɖelɛnu ɔ un nɔ ɖeji
8.6","Je fais toujours confiance/ Un nɔ ɖeji hwebinu
120
La plupart du temps, j'ai confiance/ Hwenu gege ɔ un nɔ ɖeji
27
Parfois, j'ai confiance/ Hweɖelɛnu ɔ un nɔ ɖeji
12","Je fais toujours confiance/ Un nɔ ɖeji hwebinu
244094.0
La plupart du temps, j'ai confiance/ Hwenu gege ɔ un nɔ ɖeji
60603.1
Parfois, j'ai confiance/ Hweɖelɛnu ɔ un nɔ ɖeji
28560.8","Je fais toujours confiance/ Un nɔ ɖeji hwebinu
63.1
Parfois, j'ai confiance/ Hweɖelɛnu ɔ un nɔ ɖeji
36.9","Je fais toujours confiance/ Un nɔ ɖeji hwebinu
28
Parfois, j'ai confiance/ Hweɖelɛnu ɔ un nɔ ɖeji
22","Je fais toujours confiance/ Un nɔ ɖeji hwebinu
1493.3
Parfois, j'ai confiance/ Hweɖelɛnu ɔ un nɔ ɖeji
874.0","Je fais toujours confiance/ Un nɔ ɖeji hwebinu
80.7
La plupart du temps, j'ai confiance/ Hwenu gege ɔ un nɔ ɖeji
12.1
Parfois, j'ai confiance/ Hweɖelɛnu ɔ un nɔ ɖeji
6.4
Je ne fais jamais confiance/ Un nɔ ɖeji gbeɖe a
0.9","Je fais toujours confiance/ Un nɔ ɖeji hwebinu
35
La plupart du temps, j'ai confiance/ Hwenu gege ɔ un nɔ ɖeji
10
Parfois, j'ai confiance/ Hweɖelɛnu ɔ un nɔ ɖeji
4
Je ne fais jamais confiance/ Un nɔ ɖeji gbeɖe a
1","Je fais toujours confiance/ Un nɔ ɖeji hwebinu
140216.9
La plupart du temps, j'ai confiance/ Hwenu gege ɔ un nɔ ɖeji
20951.0
Parfois, j'ai confiance/ Hweɖelɛnu ɔ un nɔ ɖeji
11163.6
Je ne fais jamais confiance/ Un nɔ ɖeji gbeɖe a
1506.7","Je fais toujours confiance/ Un nɔ ɖeji hwebinu
45.7
Parfois, j'ai confiance/ Hweɖelɛnu ɔ un nɔ ɖeji
27.2
La plupart du temps, j'ai confiance/ Hwenu gege ɔ un nɔ ɖeji
24.9
La plupart du temps, je ne fais pas confiance/ Hwenu gege ɔ un nɔ ɖeji ǎ
1.7
Je ne sais pas/ Un ma tuùn ǎ
0.2
Je préfère ne pas répondre/ Un nɔ yí wǎn nú xósin ǎ
0.2","Je fais toujours confiance/ Un nɔ ɖeji hwebinu
40
Parfois, j'ai confiance/ Hweɖelɛnu ɔ un nɔ ɖeji
29
La plupart du temps, j'ai confiance/ Hwenu gege ɔ un nɔ ɖeji
29
La plupart du temps, je ne fais pas confiance/ Hwenu gege ɔ un nɔ ɖeji ǎ
3
Je ne sais pas/ Un ma tuùn ǎ
1
Je préfère ne pas répondre/ Un nɔ yí wǎn nú xósin ǎ
1","Je fais toujours confiance/ Un nɔ ɖeji hwebinu
7390.4
Parfois, j'ai confiance/ Hweɖelɛnu ɔ un nɔ ɖeji
4393.6
La plupart du temps, j'ai confiance/ Hwenu gege ɔ un nɔ ɖeji
4025.5
La plupart du temps, je ne fais pas confiance/ Hwenu gege ɔ un nɔ ɖeji ǎ
281.3
Je ne sais pas/ Un ma tuùn ǎ
38.5
Je préfère ne pas répondre/ Un nɔ yí wǎn nú xósin ǎ
38.5","Parfois, j'ai confiance/ Hweɖelɛnu ɔ un nɔ ɖeji
77.8
Je fais toujours confiance/ Un nɔ ɖeji hwebinu
22.2","Parfois, j'ai confiance/ Hweɖelɛnu ɔ un nɔ ɖeji
18
Je fais toujours confiance/ Un nɔ ɖeji hwebinu
6","Parfois, j'ai confiance/ Hweɖelɛnu ɔ un nɔ ɖeji
311881.3
Je fais toujours confiance/ Un nɔ ɖeji hwebinu
89108.9","Parfois, j'ai confiance/ Hweɖelɛnu ɔ un nɔ ɖeji
64.4
Je fais toujours confiance/ Un nɔ ɖeji hwebinu
35.6","Parfois, j'ai confiance/ Hweɖelɛnu ɔ un nɔ ɖeji
34
Je fais toujours confiance/ Un nɔ ɖeji hwebinu
19","Parfois, j'ai confiance/ Hweɖelɛnu ɔ un nɔ ɖeji
278.6
Je fais toujours confiance/ Un nɔ ɖeji hwebinu
153.8"
Radio Influence,"Oui/ Ɛɛn
63.7
Cela dépend des auditeurs ; certains ne changeront pas d'avis/ É nɔ sín tóɖómɛtɔ́ lɛ wu; mɛɖe lɛ na ɖyɔ linlin yetɔn ǎ
22.4
Cela dépend de la qualité/du contenu des publicités ou des émissions radiophoniques/ É nɔ sín ɖagbe/nǔ e ɖò ajɔ̌jlájlá lɛ alǒ hladio jí lɛ é wu
7.2
Je ne sais pas/ Un tuùn ǎ
4.6
Non/ Éo
2.0","Oui/ Ɛɛn
152
Cela dépend des auditeurs ; certains ne changeront pas d'avis/ É nɔ sín tóɖómɛtɔ́ lɛ wu; mɛɖe lɛ na ɖyɔ linlin yetɔn ǎ
53
Cela dépend de la qualité/du contenu des publicités ou des émissions radiophoniques/ É nɔ sín ɖagbe/nǔ e ɖò ajɔ̌jlájlá lɛ alǒ hladio jí lɛ é wu
20
Je ne sais pas/ Un tuùn ǎ
21
Non/ Éo
12","Oui/ Ɛɛn
93818.0
Cela dépend des auditeurs ; certains ne changeront pas d'avis/ É nɔ sín tóɖómɛtɔ́ lɛ wu; mɛɖe lɛ na ɖyɔ linlin yetɔn ǎ
32992.3
Cela dépend de la qualité/du contenu des publicités ou des émissions radiophoniques/ É nɔ sín ɖagbe/nǔ e ɖò ajɔ̌jlájlá lɛ alǒ hladio jí lɛ é wu
10655.0
Je ne sais pas/ Un tuùn ǎ
6836.0
Non/ Éo
2956.5","Oui/ Ɛɛn
54.1
Cela dépend de la qualité/du contenu des publicités ou des émissions radiophoniques/ É nɔ sín ɖagbe/nǔ e ɖò ajɔ̌jlájlá lɛ alǒ hladio jí lɛ é wu
25.2
Cela dépend des auditeurs ; certains ne changeront pas d'avis/ É nɔ sín tóɖómɛtɔ́ lɛ wu; mɛɖe lɛ na ɖyɔ linlin yetɔn ǎ
20.2
Je ne sais pas/ Un tuùn ǎ
0.5","Oui/ Ɛɛn
87
Cela dépend de la qualité/du contenu des publicités ou des émissions radiophoniques/ É nɔ sín ɖagbe/nǔ e ɖò ajɔ̌jlájlá lɛ alǒ hladio jí lɛ é wu
40
Cela dépend des auditeurs ; certains ne changeront pas d'avis/ É nɔ sín tóɖómɛtɔ́ lɛ wu; mɛɖe lɛ na ɖyɔ linlin yetɔn ǎ
31
Je ne sais pas/ Un tuùn ǎ
1","Oui/ Ɛɛn
180283.4
Cela dépend de la qualité/du contenu des publicités ou des émissions radiophoniques/ É nɔ sín ɖagbe/nǔ e ɖò ajɔ̌jlájlá lɛ alǒ hladio jí lɛ é wu
83905.4
Cela dépend des auditeurs ; certains ne changeront pas d'avis/ É nɔ sín tóɖómɛtɔ́ lɛ wu; mɛɖe lɛ na ɖyɔ linlin yetɔn ǎ
67352.4
Je ne sais pas/ Un tuùn ǎ
1716.7","Oui/ Ɛɛn
44.2
Cela dépend de la qualité/du contenu des publicités ou des émissions radiophoniques/ É nɔ sín ɖagbe/nǔ e ɖò ajɔ̌jlájlá lɛ alǒ hladio jí lɛ é wu
42.8
Cela dépend des auditeurs ; certains ne changeront pas d'avis/ É nɔ sín tóɖómɛtɔ́ lɛ wu; mɛɖe lɛ na ɖyɔ linlin yetɔn ǎ
10.0
Je ne sais pas/ Un tuùn ǎ
1.5
Non/ Éo
1.4","Oui/ Ɛɛn
17
Cela dépend de la qualité/du contenu des publicités ou des émissions radiophoniques/ É nɔ sín ɖagbe/nǔ e ɖò ajɔ̌jlájlá lɛ alǒ hladio jí lɛ é wu
26
Cela dépend des auditeurs ; certains ne changeront pas d'avis/ É nɔ sín tóɖómɛtɔ́ lɛ wu; mɛɖe lɛ na ɖyɔ linlin yetɔn ǎ
5
Je ne sais pas/ Un tuùn ǎ
1
Non/ Éo
1","Oui/ Ɛɛn
1045.6
Cela dépend de la qualité/du contenu des publicités ou des émissions radiophoniques/ É nɔ sín ɖagbe/nǔ e ɖò ajɔ̌jlájlá lɛ alǒ hladio jí lɛ é wu
1014.3
Cela dépend des auditeurs ; certains ne changeront pas d'avis/ É nɔ sín tóɖómɛtɔ́ lɛ wu; mɛɖe lɛ na ɖyɔ linlin yetɔn ǎ
237.3
Je ne sais pas/ Un tuùn ǎ
36.2
Non/ Éo
33.9","Cela dépend des auditeurs ; certains ne changeront pas d'avis/ É nɔ sín tóɖómɛtɔ́ lɛ wu; mɛɖe lɛ na ɖyɔ linlin yetɔn ǎ
45.7
Oui/ Ɛɛn
34.8
Cela dépend de la qualité/du contenu des publicités ou des émissions radiophoniques/ É nɔ sín ɖagbe/nǔ e ɖò ajɔ̌jlájlá lɛ alǒ hladio jí lɛ é wu
17.2
Je ne sais pas/ Un tuùn ǎ
2.4","Cela dépend des auditeurs ; certains ne changeront pas d'avis/ É nɔ sín tóɖómɛtɔ́ lɛ wu; mɛɖe lɛ na ɖyɔ linlin yetɔn ǎ
18
Oui/ Ɛɛn
19
Cela dépend de la qualité/du contenu des publicités ou des émissions radiophoniques/ É nɔ sín ɖagbe/nǔ e ɖò ajɔ̌jlájlá lɛ alǒ hladio jí lɛ é wu
10
Je ne sais pas/ Un tuùn ǎ
3","Cela dépend des auditeurs ; certains ne changeront pas d'avis/ É nɔ sín tóɖómɛtɔ́ lɛ wu; mɛɖe lɛ na ɖyɔ linlin yetɔn ǎ
79378.0
Oui/ Ɛɛn
60499.8
Cela dépend de la qualité/du contenu des publicités ou des émissions radiophoniques/ É nɔ sín ɖagbe/nǔ e ɖò ajɔ̌jlájlá lɛ alǒ hladio jí lɛ é wu
29820.1
Je ne sais pas/ Un tuùn ǎ
4140.4","Oui/ Ɛɛn
75.1
Cela dépend des auditeurs ; certains ne changeront pas d'avis/ É nɔ sín tóɖómɛtɔ́ lɛ wu; mɛɖe lɛ na ɖyɔ linlin yetɔn ǎ
16.2
Cela dépend de la qualité/du contenu des publicités ou des émissions radiophoniques/ É nɔ sín ɖagbe/nǔ e ɖò ajɔ̌jlájlá lɛ alǒ hladio jí lɛ é wu
3.8
Je ne sais pas/ Un tuùn ǎ
3.6
Non/ Éo
1.4","Oui/ Ɛɛn
72
Cela dépend des auditeurs ; certains ne changeront pas d'avis/ É nɔ sín tóɖómɛtɔ́ lɛ wu; mɛɖe lɛ na ɖyɔ linlin yetɔn ǎ
17
Cela dépend de la qualité/du contenu des publicités ou des émissions radiophoniques/ É nɔ sín ɖagbe/nǔ e ɖò ajɔ̌jlájlá lɛ alǒ hladio jí lɛ é wu
6
Je ne sais pas/ Un tuùn ǎ
7
Non/ Éo
1","Oui/ Ɛɛn
12135.5
Cela dépend des auditeurs ; certains ne changeront pas d'avis/ É nɔ sín tóɖómɛtɔ́ lɛ wu; mɛɖe lɛ na ɖyɔ linlin yetɔn ǎ
2613.1
Cela dépend de la qualité/du contenu des publicités ou des émissions radiophoniques/ É nɔ sín ɖagbe/nǔ e ɖò ajɔ̌jlájlá lɛ alǒ hladio jí lɛ é wu
613.5
Je ne sais pas/ Un tuùn ǎ
579.6
Non/ Éo
226.0","Cela dépend de la qualité/du contenu des publicités ou des émissions radiophoniques/ É nɔ sín ɖagbe/nǔ e ɖò ajɔ̌jlájlá lɛ alǒ hladio jí lɛ é wu
44.4
Cela dépend des auditeurs ; certains ne changeront pas d'avis/ É nɔ sín tóɖómɛtɔ́ lɛ wu; mɛɖe lɛ na ɖyɔ linlin yetɔn ǎ
29.6
Oui/ Ɛɛn
25.9","Cela dépend de la qualité/du contenu des publicités ou des émissions radiophoniques/ É nɔ sín ɖagbe/nǔ e ɖò ajɔ̌jlájlá lɛ alǒ hladio jí lɛ é wu
12
Cela dépend des auditeurs ; certains ne changeront pas d'avis/ É nɔ sín tóɖómɛtɔ́ lɛ wu; mɛɖe lɛ na ɖyɔ linlin yetɔn ǎ
5
Oui/ Ɛɛn
7","Cela dépend de la qualité/du contenu des publicités ou des émissions radiophoniques/ É nɔ sín ɖagbe/nǔ e ɖò ajɔ̌jlájlá lɛ alǒ hladio jí lɛ é wu
178217.9
Cela dépend des auditeurs ; certains ne changeront pas d'avis/ É nɔ sín tóɖómɛtɔ́ lɛ wu; mɛɖe lɛ na ɖyɔ linlin yetɔn ǎ
118811.9
Oui/ Ɛɛn
103960.4","Cela dépend de la qualité/du contenu des publicités ou des émissions radiophoniques/ É nɔ sín ɖagbe/nǔ e ɖò ajɔ̌jlájlá lɛ alǒ hladio jí lɛ é wu
52.2
Oui/ Ɛɛn
26.6
Cela dépend des auditeurs ; certains ne changeront pas d'avis/ É nɔ sín tóɖómɛtɔ́ lɛ wu; mɛɖe lɛ na ɖyɔ linlin yetɔn ǎ
13.9
Je ne sais pas/ Un tuùn ǎ
3.8
Non/ Éo
3.4","Cela dépend de la qualité/du contenu des publicités ou des émissions radiophoniques/ É nɔ sín ɖagbe/nǔ e ɖò ajɔ̌jlájlá lɛ alǒ hladio jí lɛ é wu
28
Oui/ Ɛɛn
14
Cela dépend des auditeurs ; certains ne changeront pas d'avis/ É nɔ sín tóɖómɛtɔ́ lɛ wu; mɛɖe lɛ na ɖyɔ linlin yetɔn ǎ
7
Je ne sais pas/ Un tuùn ǎ
2
Non/ Éo
2","Cela dépend de la qualité/du contenu des publicités ou des émissions radiophoniques/ É nɔ sín ɖagbe/nǔ e ɖò ajɔ̌jlájlá lɛ alǒ hladio jí lɛ é wu
225.9
Oui/ Ɛɛn
115.2
Cela dépend des auditeurs ; certains ne changeront pas d'avis/ É nɔ sín tóɖómɛtɔ́ lɛ wu; mɛɖe lɛ na ɖyɔ linlin yetɔn ǎ
60.1
Je ne sais pas/ Un tuùn ǎ
16.5
Non/ Éo
14.8"
