Question,Atlantique,Atlantique_n,Atlantique_wn,Borgou,Borgou_n,Borgou_wn,Couffo,Couffo_n,Couffo_wn,Donga,Donga_n,Donga_wn,Oueme,Oueme_n,Oueme_wn,Plateau,Plateau_n,Plateau_wn,Zou,Zou_n,Zou_wn
Station Most Listened,"ORTB FM
14.1
Radio Sedohoun
12.7
Capp FM
8.3
La Voix de la Vallée
5.8
Gbeti
5.4
Kpassè
4.7
Bénin Alafia
4.1
Alliance FM
2.8
Maranatha FM
2.3
Tokpa FM
2.2
La voix de la lama
2.0
Immaculée Conception
1.9
Lama FM
1.8
Lama
1.5
kpassè
1.5
Alliance
1.3
Diaspora FM
1.1
Radio Carrefour
1.1
Lama fm
1.1
ADJA OUERE FM
1.0
RFI
1.0
Nanto FM
0.8
Radio LAMA
0.7
Bip Radio
0.7
Ahémé FM
0.7
la voix de la lama
0.6
Radio gbetin Radio kpasse
0.5
La voix de la lama Alliance fm
0.5
radio immaculée
0.5
Gbeti 88.7 FM
0.5
Alléluia FM
0.5
Radio Bénin Culture
0.4
Radio Tonignon
0.4
Radio Tonnasse
0.4
Radio Bénin alafia
0.4
Comé
0.4
Radio lalo
0.4
Immaculée
0.4
Radio Kpassè
0.4
Alliance fm
0.3
Gbetin
0.3
Radio Bénin alafia La voix de la lama
0.3
radio la voix de la lama
0.3
Radio immaculée
0.3
Soleil fm
0.3
Radio ALLIANCE
0.3
Gerdes FM
0.3
La voix de la lama Alliance FM
0.3
Lama FM.
0.3
Alafia
0.3
Royal
0.3
Radio Bénin alafia Radio lama
0.2
Radio Bénin alafia Lama fm
0.2
Radio kpasse Radio immaculée
0.2
Mono fm
0.2
Gbetie
0.2
Radio Bénin Alafia
0.2
Ocean FM
0.2
Immaculée conception
0.2
Ka voix de la lama
0.2
Radio Bénin alafia Alliance fm La voix de la lama
0.2
Voix de la lama
0.2
immaculée Alliance FM
0.2
Radio Bénin Alafia.
0.2
Radio lama Immaculée conception radio
0.2
Alliance fm Radio lama
0.2
Radio lama Alliance fm Golf fm
0.2
Golf fm
0.2
Ahémé
0.2
Benin alafia Lama fm
0.2
Radio Immaculée conception
0.2
Je ne sais pas : Un tuùn ǎ
0.1
Radio Benin alafia
0.1
Radio Immaculée
0.1
Royal Fm
0.1
Radio Agbotagon
0.1
Lama fm Benin alafia
0.1
Maranatha.
0.1
Radio la diaspora
0.1
radio Bénin alafia
0.1
Allodo FM
0.1
Trait-Union
0.1
radio Agbotagon
0.1
Lalo
0.1
La voix de la Lama
0.1
immaculée conception
0.1
Alliance FM La voix de la lama Immaculée conception
0.1
Lama fm Radio Bénin alafia
0.1
Radio Gbetin 88.1 Radio kpasse 93.8
0.1
Radio kpasse Radio gbetin Radio immaculée
0.1
Gbetin 98.fm
0.1
RadioGbetin 93.8 Radio Kpasse 98.8
0.1
Gbetin 93.8
0.1
Kiff FM
0.1
Frisson
0.1
Jakora FM Immaculée FM Alliance FM
0.1
Alliance FM Immaculée conception
0.1
Radio Kpassè Radio Gbètin
0.1
Je ne maîtrise pas le nom des chaînes Mais j'écoute la radio
0.1
Alliance fm Radio immaculée
0.1
Radio Cotonou
0.1
radio Alliance
0.1
Kpossotome
0.1
Radio Gbètin Ouidah
0.1
Comé FM.
0.1
Fm Aheme
0.1
Gbeti.
0.1
Mono Fm
0.1
Sauveur FM
0.1
Lama fm Immaculée conception
0.1
Radio lama Royal fm Tonignon
0.1
Radio lama Alliance fm
0.1
Radio lama Alliance Radio immaculée conception
0.1
Radio Gbètin Radio Kpassè Radio Bénin alafia
0.1
Allohado FM
0.1
Benin Alafia
0.1
Agbanyizoun
0.1
Radio Alliance
0.1
Benin alafia Alliance fm Radio lama
0.1
Lama fm Alliance fm
0.1
Alliance fm Lama fm
0.1
Radio la voix de la LAMA 103.8
0.0
immaculée
0.0
Radio la voix de la lama
0.0
108.3
0.0
Fm Aheme Kpasse
0.0
Mono FM.
0.0
Tado fm Sogema fm
0.0
Radio Parakou
0.0
radio alliance
0.0
alafia
0.0
Radio Gbéti
0.0
Radio Gbètin Radio Kpassè
0.0
radio Zogbodomey
0.0
Radio Alafia
0.0
radio Immaculée
0.0
La voix de la vallée et Radio LAMA
0.0
Radio LAMA 103.8
0.0
LAMA FM
0.0
Radia LAMA
0.0
radio Alliance fm
0.0
Radio Alliance et Radio LAMA
0.0
Radio possotome 97.7
0.0
Fm Aheme 87.7
0.0
Kpossotome Come
0.0
Fm 97.7
0.0
Radio possotome
0.0
Fm 98.09
0.0
Alliance Fm
0.0
radio Alafia
0.0
radio LAMA
0.0
Radio Kpassè fm
0.0
Radio GBÉTI
0.0
Radio Gbètin et Radio Kpassè
0.0
Radio Alafia fm
0.0
Radio Gbètin et radio Kpassè
0.0
Radio Kpassé et radio Gbéti
0.0
Radio Gbéti 88.1FM
0.0
Radio KPASSÉ
0.0
Radio Kpassè Radio Gbètin La voix de la lama
0.0","ORTB FM
75
Radio Sedohoun
96
Capp FM
61
La Voix de la Vallée
63
Gbeti
12
Kpassè
12
Bénin Alafia
18
Alliance FM
18
Maranatha FM
17
Tokpa FM
14
La voix de la lama
16
Immaculée Conception
4
Lama FM
6
Lama
14
kpassè
4
Alliance
6
Diaspora FM
4
Radio Carrefour
5
Lama fm
10
ADJA OUERE FM
9
RFI
3
Nanto FM
1
Radio LAMA
20
Bip Radio
5
Ahémé FM
10
la voix de la lama
6
Radio gbetin Radio kpasse
1
La voix de la lama Alliance fm
4
radio immaculée
3
Gbeti 88.7 FM
1
Alléluia FM
4
Radio Bénin Culture
4
Radio Tonignon
4
Radio Tonnasse
6
Radio Bénin alafia
2
Comé
5
Radio lalo
3
Immaculée
4
Radio Kpassè
5
Alliance fm
6
Gbetin
2
Radio Bénin alafia La voix de la lama
1
radio la voix de la lama
2
Radio immaculée
3
Soleil fm
3
Radio ALLIANCE
4
Gerdes FM
1
La voix de la lama Alliance FM
3
Lama FM.
1
Alafia
2
Royal
2
Radio Bénin alafia Radio lama
1
Radio Bénin alafia Lama fm
1
Radio kpasse Radio immaculée
1
Mono fm
1
Gbetie
1
Radio Bénin Alafia
1
Ocean FM
2
Immaculée conception
2
Ka voix de la lama
1
Radio Bénin alafia Alliance fm La voix de la lama
1
Voix de la lama
1
immaculée Alliance FM
1
Radio Bénin Alafia.
1
Radio lama Immaculée conception radio
1
Alliance fm Radio lama
1
Radio lama Alliance fm Golf fm
1
Golf fm
1
Ahémé
2
Benin alafia Lama fm
1
Radio Immaculée conception
1
Je ne sais pas : Un tuùn ǎ
3
Radio Benin alafia
1
Radio Immaculée
6
Royal Fm
1
Radio Agbotagon
1
Lama fm Benin alafia
1
Maranatha.
1
Radio la diaspora
1
radio Bénin alafia
1
Allodo FM
1
Trait-Union
1
radio Agbotagon
2
Lalo
1
La voix de la Lama
1
immaculée conception
1
Alliance FM La voix de la lama Immaculée conception
1
Lama fm Radio Bénin alafia
1
Radio Gbetin 88.1 Radio kpasse 93.8
1
Radio kpasse Radio gbetin Radio immaculée
1
Gbetin 98.fm
1
RadioGbetin 93.8 Radio Kpasse 98.8
1
Gbetin 93.8
1
Kiff FM
1
Frisson
2
Jakora FM Immaculée FM Alliance FM
1
Alliance FM Immaculée conception
1
Radio Kpassè Radio Gbètin
2
Je ne maîtrise pas le nom des chaînes Mais j'écoute la radio
1
Alliance fm Radio immaculée
1
Radio Cotonou
1
radio Alliance
3
Kpossotome
2
Radio Gbètin Ouidah
3
Comé FM.
1
Fm Aheme
3
Gbeti.
1
Mono Fm
1
Sauveur FM
1
Lama fm Immaculée conception
1
Radio lama Royal fm Tonignon
1
Radio lama Alliance fm
1
Radio lama Alliance Radio immaculée conception
1
Radio Gbètin Radio Kpassè Radio Bénin alafia
1
Allohado FM
1
Benin Alafia
1
Agbanyizoun
1
Radio Alliance
3
Benin alafia Alliance fm Radio lama
1
Lama fm Alliance fm
1
Alliance fm Lama fm
1
Radio la voix de la LAMA 103.8
1
immaculée
1
Radio la voix de la lama
1
108.3
1
Fm Aheme Kpasse
1
Mono FM.
1
Tado fm Sogema fm
1
Radio Parakou
1
radio alliance
2
alafia
1
Radio Gbéti
2
Radio Gbètin Radio Kpassè
1
radio Zogbodomey
1
Radio Alafia
1
radio Immaculée
1
La voix de la vallée et Radio LAMA
1
Radio LAMA 103.8
1
LAMA FM
1
Radia LAMA
1
radio Alliance fm
1
Radio Alliance et Radio LAMA
1
Radio possotome 97.7
1
Fm Aheme 87.7
1
Kpossotome Come
1
Fm 97.7
1
Radio possotome
1
Fm 98.09
1
Alliance Fm
1
radio Alafia
1
radio LAMA
1
Radio Kpassè fm
1
Radio GBÉTI
1
Radio Gbètin et Radio Kpassè
1
Radio Alafia fm
1
Radio Gbètin et radio Kpassè
1
Radio Kpassé et radio Gbéti
1
Radio Gbéti 88.1FM
1
Radio KPASSÉ
1
Radio Kpassè Radio Gbètin La voix de la lama
1","ORTB FM
72688.2
Radio Sedohoun
65557.6
Capp FM
42783.1
La Voix de la Vallée
30071.7
Gbeti
28051.5
Kpassè
24103.9
Bénin Alafia
21079.4
Alliance FM
14392.9
Maranatha FM
12094.0
Tokpa FM
11219.6
La voix de la lama
10405.8
Immaculée Conception
9768.5
Lama FM
9330.2
Lama
7554.9
kpassè
7471.1
Alliance
6586.1
Diaspora FM
5879.9
Radio Carrefour
5869.7
Lama fm
5704.4
ADJA OUERE FM
5238.2
RFI
5150.0
Nanto FM
4249.2
Radio LAMA
3517.6
Bip Radio
3477.4
Ahémé FM
3409.8
la voix de la lama
2990.8
Radio gbetin Radio kpasse
2832.6
La voix de la lama Alliance fm
2610.9
radio immaculée
2600.6
Gbeti 88.7 FM
2549.3
Alléluia FM
2449.8
Radio Bénin Culture
2198.8
Radio Tonignon
2162.6
Radio Tonnasse
2154.2
Radio Bénin alafia
2103.9
Comé
2045.9
Radio lalo
2008.1
Immaculée
1975.2
Radio Kpassè
1940.5
Alliance fm
1700.5
Gbetin
1699.5
Radio Bénin alafia La voix de la lama
1547.3
radio la voix de la lama
1462.1
Radio immaculée
1426.7
Soleil fm
1415.0
Radio ALLIANCE
1405.0
Gerdes FM
1390.2
La voix de la lama Alliance FM
1370.7
Lama FM.
1323.4
Alafia
1311.6
Royal
1311.6
Radio Bénin alafia Radio lama
1220.9
Radio Bénin alafia Lama fm
1220.9
Radio kpasse Radio immaculée
1133.0
Mono fm
1133.0
Gbetie
1133.0
Radio Bénin Alafia
1114.0
Ocean FM
1109.6
Immaculée conception
995.1
Ka voix de la lama
939.9
Radio Bénin alafia Alliance fm La voix de la lama
939.9
Voix de la lama
835.5
immaculée Alliance FM
835.5
Radio Bénin Alafia.
835.5
Radio lama Immaculée conception radio
835.5
Alliance fm Radio lama
835.5
Radio lama Alliance fm Golf fm
835.5
Golf fm
784.2
Ahémé
779.4
Benin alafia Lama fm
778.3
Radio Immaculée conception
778.3
Je ne sais pas : Un tuùn ǎ
733.9
Radio Benin alafia
727.7
Radio Immaculée
704.8
Royal Fm
693.7
Radio Agbotagon
693.7
Lama fm Benin alafia
693.7
Maranatha.
661.7
Radio la diaspora
626.6
radio Bénin alafia
626.6
Allodo FM
617.9
Trait-Union
617.9
radio Agbotagon
617.9
Lalo
617.9
La voix de la Lama
588.2
immaculée conception
587.5
Alliance FM La voix de la lama Immaculée conception
587.5
Lama fm Radio Bénin alafia
587.5
Radio Gbetin 88.1 Radio kpasse 93.8
566.5
Radio kpasse Radio gbetin Radio immaculée
566.5
Gbetin 98.fm
566.5
RadioGbetin 93.8 Radio Kpasse 98.8
566.5
Gbetin 93.8
566.5
Kiff FM
566.5
Frisson
551.2
Jakora FM Immaculée FM Alliance FM
542.6
Alliance FM Immaculée conception
542.6
Radio Kpassè Radio Gbètin
525.6
Je ne maîtrise pas le nom des chaînes Mais j'écoute la radio
522.2
Alliance fm Radio immaculée
520.3
Radio Cotonou
515.8
radio Alliance
504.2
Kpossotome
487.1
Radio Gbètin Ouidah
485.1
Comé FM.
389.7
Fm Aheme
389.7
Gbeti.
389.7
Mono Fm
389.7
Sauveur FM
389.7
Lama fm Immaculée conception
346.9
Radio lama Royal fm Tonignon
345.9
Radio lama Alliance fm
345.9
Radio lama Alliance Radio immaculée conception
345.9
Radio Gbètin Radio Kpassè Radio Bénin alafia
323.4
Allohado FM
308.9
Benin Alafia
308.9
Agbanyizoun
308.9
Radio Alliance
308.6
Benin alafia Alliance fm Radio lama
294.1
Lama fm Alliance fm
290.1
Alliance fm Lama fm
271.3
Radio la voix de la LAMA 103.8
208.9
immaculée
208.9
Radio la voix de la lama
208.9
108.3
208.9
Fm Aheme Kpasse
194.8
Mono FM.
194.8
Tado fm Sogema fm
193.4
Radio Parakou
173.4
radio alliance
173.0
alafia
173.0
Radio Gbéti
161.7
Radio Gbètin Radio Kpassè
161.7
radio Zogbodomey
154.5
Radio Alafia
154.5
radio Immaculée
147.0
La voix de la vallée et Radio LAMA
147.0
Radio LAMA 103.8
147.0
LAMA FM
130.5
Radia LAMA
130.5
radio Alliance fm
130.5
Radio Alliance et Radio LAMA
130.5
Radio possotome 97.7
97.4
Fm Aheme 87.7
97.4
Kpossotome Come
97.4
Fm 97.7
97.4
Radio possotome
97.4
Fm 98.09
97.4
Alliance Fm
86.5
radio Alafia
86.5
radio LAMA
86.5
Radio Kpassè fm
80.9
Radio GBÉTI
80.9
Radio Gbètin et Radio Kpassè
80.9
Radio Alafia fm
80.9
Radio Gbètin et radio Kpassè
80.9
Radio Kpassé et radio Gbéti
80.9
Radio Gbéti 88.1FM
80.9
Radio KPASSÉ
80.9
Radio Kpassè Radio Gbètin La voix de la lama
80.9","Deeman FM
43.9
Radio Parakou
12.1
Tchaourou FM
8.1
SAKA YERIMA FM
7.8
Radio SAKA Yerima 100.1 FM
4.7
Radio Nonsina de Bembereke 90.8 FM
3.9
Radio tchaorou 104.7 FM
3.6
Solidarité FM
3.4
FM nonsina
3.3
ORTB FM
2.7
Radio Tchaourou 104.7 FM
2.2
Nonsina de Bembereke 90.8 FM
1.7
Radio Tchaorou 104.7 FM
0.4
Radio Tchaourou 104.7 FM.
0.4
FM nonsima
0.4
FM nonsima 90.8
0.4
FM soutisoua
0.4
FM SAKA YERIMA
0.3","Deeman FM
80
Radio Parakou
18
Tchaourou FM
12
SAKA YERIMA FM
14
Radio SAKA Yerima 100.1 FM
15
Radio Nonsina de Bembereke 90.8 FM
7
Radio tchaorou 104.7 FM
5
Solidarité FM
6
FM nonsina
8
ORTB FM
4
Radio Tchaourou 104.7 FM
5
Nonsina de Bembereke 90.8 FM
4
Radio Tchaorou 104.7 FM
1
Radio Tchaourou 104.7 FM.
1
FM nonsima
1
FM nonsima 90.8
1
FM soutisoua
1
FM SAKA YERIMA
1","Deeman FM
171148.4
Radio Parakou
47352.9
Tchaourou FM
31580.3
SAKA YERIMA FM
30531.8
Radio SAKA Yerima 100.1 FM
18319.1
Radio Nonsina de Bembereke 90.8 FM
15102.6
Radio tchaorou 104.7 FM
14035.7
Solidarité FM
13305.4
FM nonsina
13031.5
ORTB FM
10644.4
Radio Tchaourou 104.7 FM
8772.3
Nonsina de Bembereke 90.8 FM
6608.8
Radio Tchaorou 104.7 FM
1754.5
Radio Tchaourou 104.7 FM.
1754.5
FM nonsima
1698.8
FM nonsima 90.8
1698.8
FM soutisoua
1698.8
FM SAKA YERIMA
1221.3","Couffo FM
19.2
ORTB FM
14.9
Lalo FM
14.8
Radio Carrefour
9.9
Radio Tonnasse
7.8
Radio bénin Alafia
4.9
Radio Tonignon
3.7
Alakétou FM
3.7
Radio Lalo
3.5
LALO FM
2.4
Atlantique FM
1.8
ALAFIA FM
1.3
Radio bénin Alafia Radio Lalo
1.3
Radio Sedohoun
0.9
ALAFIA FM Cotonou
0.9
Radio Lalo Coufo FM
0.8
GASSOU FM
0.7
radio Agbangnizou
0.6
Radio bénin Alafia Radio Alakétou
0.5
Lalo FM Radio bénin Alafia
0.5
Gassui FM toviklin
0.5
GAMELI FM Azove
0.5
Royal FM
0.5
Djakotomey
0.5
Tokpa FM
0.5
zogbodomey
0.4
Radio Tonion
0.4
GASSOU FM a Aplahoue
0.4
Frisson
0.4
Radio agbangnizoun
0.3
Radio Agbangnizou
0.3
Bénin ALAFIA
0.3
Agbangnizou FM
0.3
radio zogbodomey
0.3
ALAFIA
0.3","Couffo FM
29
ORTB FM
31
Lalo FM
27
Radio Carrefour
9
Radio Tonnasse
5
Radio bénin Alafia
5
Radio Tonignon
12
Alakétou FM
1
Radio Lalo
9
LALO FM
5
Atlantique FM
1
ALAFIA FM
3
Radio bénin Alafia Radio Lalo
3
Radio Sedohoun
3
ALAFIA FM Cotonou
1
Radio Lalo Coufo FM
1
GASSOU FM
2
radio Agbangnizou
2
Radio bénin Alafia Radio Alakétou
1
Lalo FM Radio bénin Alafia
1
Gassui FM toviklin
1
GAMELI FM Azove
1
Royal FM
1
Djakotomey
1
Tokpa FM
1
zogbodomey
1
Radio Tonion
1
GASSOU FM a Aplahoue
1
Frisson
1
Radio agbangnizoun
1
Radio Agbangnizou
1
Bénin ALAFIA
1
Agbangnizou FM
1
radio zogbodomey
1
ALAFIA
1","Couffo FM
1598.6
ORTB FM
1242.5
Lalo FM
1232.4
Radio Carrefour
824.6
Radio Tonnasse
651.1
Radio bénin Alafia
409.1
Radio Tonignon
312.5
Alakétou FM
306.4
Radio Lalo
288.5
LALO FM
203.1
Atlantique FM
153.2
ALAFIA FM
112.0
Radio bénin Alafia Radio Lalo
106.2
Radio Sedohoun
78.1
ALAFIA FM Cotonou
76.6
Radio Lalo Coufo FM
70.8
GASSOU FM
61.4
radio Agbangnizou
52.1
Radio bénin Alafia Radio Alakétou
38.3
Lalo FM Radio bénin Alafia
38.3
Gassui FM toviklin
38.3
GAMELI FM Azove
38.3
Royal FM
38.3
Djakotomey
38.3
Tokpa FM
38.3
zogbodomey
35.4
Radio Tonion
35.4
GASSOU FM a Aplahoue
35.4
Frisson
35.4
Radio agbangnizoun
26.0
Radio Agbangnizou
26.0
Bénin ALAFIA
26.0
Agbangnizou FM
26.0
radio zogbodomey
26.0
ALAFIA
26.0","Solidarité FM
83.4
Radio Parakou
12.8
Deeman FM
3.1
ORTB FM
0.7","Solidarité FM
50
Radio Parakou
15
Deeman FM
1
ORTB FM
1","Solidarité FM
186590.6
Radio Parakou
28716.0
Deeman FM
6924.7
ORTB FM
1485.5","La Voix de la Vallée
23.9
ORTB FM
14.8
Capp FM
13.8
ADJA OUERE FM
13.7
Alléluia FM
4.3
Radio wekê
3.3
Tokpa FM
2.2
Radio Tonnasse
1.8
Zomatchi
1.7
Radio misserrete
1.7
Radio wêkè Alléluia FM
1.4
RFI
1.2
Radio wêkè Hozanna
1.1
Alléluia fm
0.9
Radio weke
0.8
Gerdes FM
0.7
Radio Wèkè
0.7
Radio wekê Peace fm
0.7
Radio Sedohoun
0.6
Maranatha
0.6
Weke
0.6
Radio trait d'union (bohicon)
0.6
Bip Radio
0.5
Ocean FM
0.5
Radio wêkè
0.4
c'est quelque chose FM..
0.4
Trait d'union émettant depuis Bohicon
0.4
Radio weke (fréquence inconnue)
0.4
Il y a une autre radio que j: écoute mais j'ai oublié le nom
0.4
Nanto FM
0.4
Rfi
0.3
Radio Bénin Culture
0.3
mais j'ignore le nom des chaînes
0.3
J'écoute d'autres à part la vallée
0.3
Radio wêkè Alléluia FM Radio protestante
0.3
Radio wêkè Radio hozanna
0.3
Radio Attakè Radio wekê Benin alafia
0.3
Radio wekê Radio Attakè
0.3
Radio Immaculée
0.2
Tado FM
0.2
Bip radio
0.2
Diaspora 102.3 FM.
0.2
radio Alléluia
0.2
Imonle fm
0.2
Maranatha FM
0.2
Alléluia Fm
0.2
Radio Attakè Radio wêkè Radio Alléluia FM
0.1
Radio Alléluia FM
0.1
Radio wêkè Radio Attakè
0.1
Radio wêkè Radio Attakè Alléluia FM Radio hossana
0.1
Radio Wêkè Radio Attakè
0.1
Allohado 104.1 FM
0.1
Radio Carrefour
0.1
Radio Alafia
0.1
Radio Wèkè et radio Alléluia FM
0.1
Alléluia FM 96.5 Hosanna fm
0.1","La Voix de la Vallée
71
ORTB FM
37
Capp FM
36
ADJA OUERE FM
42
Alléluia FM
12
Radio wekê
9
Tokpa FM
7
Radio Tonnasse
6
Zomatchi
1
Radio misserrete
1
Radio wêkè Alléluia FM
3
RFI
2
Radio wêkè Hozanna
1
Alléluia fm
5
Radio weke
11
Gerdes FM
2
Radio Wèkè
10
Radio wekê Peace fm
1
Radio Sedohoun
2
Maranatha
1
Weke
1
Radio trait d'union (bohicon)
1
Bip Radio
2
Ocean FM
1
Radio wêkè
3
c'est quelque chose FM..
1
Trait d'union émettant depuis Bohicon
1
Radio weke (fréquence inconnue)
1
Il y a une autre radio que j: écoute mais j'ai oublié le nom
1
Nanto FM
2
Rfi
1
Radio Bénin Culture
1
mais j'ignore le nom des chaînes
1
J'écoute d'autres à part la vallée
1
Radio wêkè Alléluia FM Radio protestante
1
Radio wêkè Radio hozanna
1
Radio Attakè Radio wekê Benin alafia
1
Radio wekê Radio Attakè
1
Radio Immaculée
2
Tado FM
1
Bip radio
1
Diaspora 102.3 FM.
1
radio Alléluia
3
Imonle fm
1
Maranatha FM
1
Alléluia Fm
2
Radio Attakè Radio wêkè Radio Alléluia FM
1
Radio Alléluia FM
2
Radio wêkè Radio Attakè
1
Radio wêkè Radio Attakè Alléluia FM Radio hossana
1
Radio Wêkè Radio Attakè
1
Allohado 104.1 FM
1
Radio Carrefour
1
Radio Alafia
1
Radio Wèkè et radio Alléluia FM
1
Alléluia FM 96.5 Hosanna fm
1","La Voix de la Vallée
12593.4
ORTB FM
7795.5
Capp FM
7264.4
ADJA OUERE FM
7219.5
Alléluia FM
2241.0
Radio wekê
1752.4
Tokpa FM
1165.1
Radio Tonnasse
955.0
Zomatchi
906.5
Radio misserrete
906.5
Radio wêkè Alléluia FM
732.3
RFI
654.7
Radio wêkè Hozanna
571.7
Alléluia fm
497.0
Radio weke
407.1
Gerdes FM
390.3
Radio Wèkè
368.6
Radio wekê Peace fm
346.9
Radio Sedohoun
341.6
Maranatha
314.8
Weke
314.8
Radio trait d'union (bohicon)
298.5
Bip Radio
280.6
Ocean FM
251.9
Radio wêkè
224.4
c'est quelque chose FM..
223.9
Trait d'union émettant depuis Bohicon
223.9
Radio weke (fréquence inconnue)
223.9
Il y a une autre radio que j: écoute mais j'ai oublié le nom
223.9
Nanto FM
216.3
Rfi
180.4
Radio Bénin Culture
180.4
mais j'ignore le nom des chaînes
167.9
J'écoute d'autres à part la vallée
167.9
Radio wêkè Alléluia FM Radio protestante
154.2
Radio wêkè Radio hozanna
142.9
Radio Attakè Radio wekê Benin alafia
142.9
Radio wekê Radio Attakè
142.9
Radio Immaculée
120.3
Tado FM
120.3
Bip radio
120.3
Diaspora 102.3 FM.
112.0
radio Alléluia
110.0
Imonle fm
100.7
Maranatha FM
100.7
Alléluia Fm
88.9
Radio Attakè Radio wêkè Radio Alléluia FM
77.1
Radio Alléluia FM
77.1
Radio wêkè Radio Attakè
71.5
Radio wêkè Radio Attakè Alléluia FM Radio hossana
71.5
Radio Wêkè Radio Attakè
71.5
Allohado 104.1 FM
56.0
Radio Carrefour
56.0
Radio Alafia
40.1
Radio Wèkè et radio Alléluia FM
38.5
Alléluia FM 96.5 Hosanna fm
35.7","FM Alakétou
17.5
ORTB FM
15.9
Radio Tonnasse
15.9
Ala ketou FM
14.3
ALAFIA FM
12.7
radio bénin Alafia
6.3
Radio bénin Alafia
4.8
ADJA OUERE FM
3.2
Radio Alakétou
3.2
ALAFIA FM et Ala ketou FM
1.6
Ketou FM
1.6
Radio pobe
1.6
radio FM Alakétou
1.6","FM Alakétou
8
ORTB FM
10
Radio Tonnasse
10
Ala ketou FM
9
ALAFIA FM
8
radio bénin Alafia
1
Radio bénin Alafia
3
ADJA OUERE FM
2
Radio Alakétou
2
ALAFIA FM et Ala ketou FM
1
Ketou FM
1
Radio pobe
1
radio FM Alakétou
1","FM Alakétou
161073.6
ORTB FM
146430.6
Radio Tonnasse
146430.6
Ala ketou FM
131787.5
ALAFIA FM
117144.5
radio bénin Alafia
58572.2
Radio bénin Alafia
43929.2
ADJA OUERE FM
29286.1
Radio Alakétou
29286.1
ALAFIA FM et Ala ketou FM
14643.1
Ketou FM
14643.1
Radio pobe
14643.1
radio FM Alakétou
14643.1","Radio Tonnasse
26.9
ORTB FM
11.9
Radio Tonignon
11.3
Radio Carrefour
9.6
Royal FM
6.3
Royale FM
5.8
ALAFIA FM
4.1
ALLOHADO FM
3.9
TRAIT-D'UNION
2.8
Radio aloxado
2.4
radio aloxado
1.5
Radio bénin Alafia
1.3
radio lokiki
1.3
Je ne sais pas : Un tuùn ǎ
0.8
ROYALE FM
0.8
Immaculée FM
0.8
Immaculée FM Allada
0.6
Radio Djidja
0.5
Tokpa FM
0.5
Radio zinkamè
0.4
radio immaculée
0.4
mixa alodo
0.4
Radio aloxado et royal FM
0.4
Radio royal FM
0.4
Capp FM
0.4
Radio trait d'union
0.4
radio IFÈ ( collines)
0.4
Radio Leeman
0.4
Radio Gbanamè
0.4
Leeman FM
0.4
Immaculée
0.4
IMMACULÉE
0.4
radio Alafia
0.4
ADJA OUERE FM
0.3
TRAIT- D'UNION FM
0.3
Royal FM Trait-d'union
0.3
Radio immaculée
0.3
trait-d'union
0.3","Radio Tonnasse
49
ORTB FM
28
Radio Tonignon
32
Radio Carrefour
25
Royal FM
17
Royale FM
15
ALAFIA FM
11
ALLOHADO FM
11
TRAIT-D'UNION
8
Radio aloxado
4
radio aloxado
4
Radio bénin Alafia
1
radio lokiki
1
Je ne sais pas : Un tuùn ǎ
2
ROYALE FM
2
Immaculée FM
2
Immaculée FM Allada
2
Radio Djidja
1
Tokpa FM
1
Radio zinkamè
1
radio immaculée
1
mixa alodo
1
Radio aloxado et royal FM
1
Radio royal FM
1
Capp FM
1
Radio trait d'union
1
radio IFÈ ( collines)
1
Radio Leeman
1
Radio Gbanamè
1
Leeman FM
1
Immaculée
1
IMMACULÉE
1
radio Alafia
1
ADJA OUERE FM
1
TRAIT- D'UNION FM
1
Royal FM Trait-d'union
1
Radio immaculée
1
trait-d'union
1","Radio Tonnasse
1565.7
ORTB FM
690.2
Radio Tonignon
658.0
Radio Carrefour
555.9
Royal FM
367.2
Royale FM
336.8
ALAFIA FM
239.9
ALLOHADO FM
229.1
TRAIT-D'UNION
165.1
Radio aloxado
138.9
radio aloxado
85.8
Radio bénin Alafia
73.7
radio lokiki
73.7
Je ne sais pas : Un tuùn ǎ
46.4
ROYALE FM
46.4
Immaculée FM
44.2
Immaculée FM Allada
36.9
Radio Djidja
30.6
Tokpa FM
30.6
Radio zinkamè
23.2
radio immaculée
23.2
mixa alodo
23.2
Radio aloxado et royal FM
23.2
Radio royal FM
23.2
Capp FM
23.2
Radio trait d'union
21.0
radio IFÈ ( collines)
21.0
Radio Leeman
21.0
Radio Gbanamè
21.0
Leeman FM
21.0
Immaculée
21.0
IMMACULÉE
21.0
radio Alafia
21.0
ADJA OUERE FM
18.4
TRAIT- D'UNION FM
18.4
Royal FM Trait-d'union
18.4
Radio immaculée
18.4
trait-d'union
18.4"
Station Listened Yesterday,"Radio Sedohoun
20.5
Gbeti
8.4
ORTB FM
7.6
Capp FM
7.5
La Voix de la Vallée
6.9
Kpassè
6.6
La voix de la lama
4.2
Lama FM
4.0
Lama fm
2.9
Je ne sais pas : Un tuùn ǎ
2.5
Je préfère ne pas répondre/ Un yí wǎn nú xósin ma yí gbè ǎ
1.8
Lama
1.5
Radio gbetin
1.4
Maranatha FM
1.3
La voix de la lama Alliance fm
1.3
Ahémé FM
1.3
Gbetin
1.1
Radio Kpassè
1.1
Alliance FM
1.0
Alliance fm
0.9
Bip Radio
0.9
Radio lalo
0.7
Lama Alliance fm
0.7
Alliance fm La voix de la lama
0.7
Soleil fm
0.7
Immaculée
0.7
Aucune radio J'ai pas pu écouter la radio hier
0.6
Radio Bénin alafia
0.6
Radio LAMA
0.6
Neant
0.6
Radio lama Radio Bénin alafia
0.6
Radio kpasse
0.5
Lama FM 103.8
0.5
Immaculée conception
0.5
Bénin Alafia.
0.4
Lama fm Alliance fm
0.4
Ahémé
0.4
Lama fm Benin alafia
0.4
Radio lama Alliance fm
0.3
Aucune
0.3
ADJA OUERE FM
0.3
Radio Gbètin
0.3
Radio Tonignon
0.3
Alliance FM La voix de la lama
0.3
Ahémé FM.
0.3
Frisson
0.3
Jakora FM
0.3
Ocean FM
0.3
Bénin Alafia
0.2
Radio Gbètin Ouidah
0.2
la voix de la lama
0.2
Lama Royal fm
0.2
immaculée
0.2
Dispora FM
0.1
Voix de la lama Alliance FM
0.1
Rien
0.1
Radio Lama
0.1
108.3
0.1
Fm Aheme Kpasse
0.1
Ahémé.
0.1
Tado fm
0.1
Tokpa FM
0.1
Alléluia FM
0.1
Radio Kpassè fm
0.1
Radio Kpassè Radio Gbètin
0.1
Radio Tonnasse
0.1
LAMA FM
0.1
Kpossotome 87.7
0.0
Fm Aheme
0.0
Fm.
0.0
Radio Alliance
0.0
ALLIANCE Fm
0.0
Aucune radio
0.0
Radio alliance et lama
0.0
Radio Alafia fm
0.0
La voix de la lama Radio Kpassè
0.0","Radio Sedohoun
61
Gbeti
7
ORTB FM
22
Capp FM
25
La Voix de la Vallée
29
Kpassè
6
La voix de la lama
14
Lama FM
5
Lama fm
10
Je ne sais pas : Un tuùn ǎ
34
Je préfère ne pas répondre/ Un yí wǎn nú xósin ma yí gbè ǎ
9
Lama
7
Radio gbetin
1
Maranatha FM
4
La voix de la lama Alliance fm
3
Ahémé FM
7
Gbetin
3
Radio Kpassè
5
Alliance FM
5
Alliance fm
4
Bip Radio
3
Radio lalo
2
Lama Alliance fm
3
Alliance fm La voix de la lama
2
Soleil fm
3
Immaculée
3
Aucune radio J'ai pas pu écouter la radio hier
1
Radio Bénin alafia
1
Radio LAMA
5
Neant
4
Radio lama Radio Bénin alafia
1
Radio kpasse
1
Lama FM 103.8
1
Immaculée conception
2
Bénin Alafia.
1
Lama fm Alliance fm
1
Ahémé
2
Lama fm Benin alafia
1
Radio lama Alliance fm
2
Aucune
4
ADJA OUERE FM
1
Radio Gbètin
4
Radio Tonignon
2
Alliance FM La voix de la lama
1
Ahémé FM.
2
Frisson
2
Jakora FM
1
Ocean FM
1
Bénin Alafia
1
Radio Gbètin Ouidah
3
la voix de la lama
1
Lama Royal fm
1
immaculée
1
Dispora FM
1
Voix de la lama Alliance FM
1
Rien
2
Radio Lama
1
108.3
1
Fm Aheme Kpasse
1
Ahémé.
1
Tado fm
1
Tokpa FM
1
Alléluia FM
1
Radio Kpassè fm
2
Radio Kpassè Radio Gbètin
1
Radio Tonnasse
1
LAMA FM
1
Kpossotome 87.7
1
Fm Aheme
1
Fm.
1
Radio Alliance
1
ALLIANCE Fm
1
Aucune radio
1
Radio alliance et lama
1
Radio Alafia fm
1
La voix de la lama Radio Kpassè
1","Radio Sedohoun
42356.6
Gbeti
17278.7
ORTB FM
15616.7
Capp FM
15583.9
La Voix de la Vallée
14297.5
Kpassè
13596.4
La voix de la lama
8595.1
Lama FM
8216.2
Lama fm
5993.6
Je ne sais pas : Un tuùn ǎ
5152.1
Je préfère ne pas répondre/ Un yí wǎn nú xósin ma yí gbè ǎ
3701.9
Lama
3156.4
Radio gbetin
2832.6
Maranatha FM
2766.5
La voix de la lama Alliance fm
2672.9
Ahémé FM
2630.4
Gbetin
2266.1
Radio Kpassè
2183.1
Alliance FM
2018.7
Alliance fm
1867.9
Bip Radio
1808.0
Radio lalo
1544.7
Lama Alliance fm
1527.4
Alliance fm La voix de la lama
1462.1
Soleil fm
1415.0
Immaculée
1357.8
Aucune radio J'ai pas pu écouter la radio hier
1323.4
Radio Bénin alafia
1323.4
Radio LAMA
1307.2
Neant
1248.5
Radio lama Radio Bénin alafia
1220.9
Radio kpasse
1133.0
Lama FM 103.8
1114.0
Immaculée conception
949.6
Bénin Alafia.
870.3
Lama fm Alliance fm
835.5
Ahémé
779.4
Lama fm Benin alafia
778.3
Radio lama Alliance fm
711.8
Aucune
711.8
ADJA OUERE FM
693.7
Radio Gbètin
687.3
Radio Tonignon
617.9
Alliance FM La voix de la lama
587.5
Ahémé FM.
584.5
Frisson
551.2
Jakora FM
542.6
Ocean FM
522.2
Bénin Alafia
515.8
Radio Gbètin Ouidah
485.1
la voix de la lama
417.7
Lama Royal fm
345.9
immaculée
345.9
Dispora FM
271.3
Voix de la lama Alliance FM
261.1
Rien
232.4
Radio Lama
208.9
108.3
208.9
Fm Aheme Kpasse
194.8
Ahémé.
194.8
Tado fm
193.4
Tokpa FM
193.4
Alléluia FM
193.4
Radio Kpassè fm
161.7
Radio Kpassè Radio Gbètin
161.7
Radio Tonnasse
154.5
LAMA FM
130.5
Kpossotome 87.7
97.4
Fm Aheme
97.4
Fm.
97.4
Radio Alliance
86.5
ALLIANCE Fm
86.5
Aucune radio
86.5
Radio alliance et lama
86.5
Radio Alafia fm
80.9
La voix de la lama Radio Kpassè
80.9","Deeman FM
43.2
Radio Parakou
11.1
Tchaourou FM
9.2
SAKA YERIMA FM
8.9
Radio SAKA Yerima 100.1 FM
5.3
Radio Nonsina de Bembereke 90.8 FM
4.4
FM nonsina
4.3
Je ne sais pas : Un tuùn ǎ
3.3
Radio Tchaourou 104.7 FM
2.6
Radio tchaorou 104.7 FM
1.5
ORTB FM
1.2
Radio Nonsina de Bembereke 90.8 FM et de Ndali 103.5 FM
1.0
Solidarité FM
0.6
Radio Tchaourou 104.7 FM.
0.5
Tchaorou 104.7 FM
0.5
Radio Nonsina 90.8 FM
0.5
FM nonsima 90.8
0.5
FM soutisoua
0.5
Nonsina de Bembereke 90.8 FM
0.5
SAKA YERIMA
0.4","Deeman FM
75
Radio Parakou
13
Tchaourou FM
12
SAKA YERIMA FM
14
Radio SAKA Yerima 100.1 FM
15
Radio Nonsina de Bembereke 90.8 FM
8
FM nonsina
9
Je ne sais pas : Un tuùn ǎ
2
Radio Tchaourou 104.7 FM
5
Radio tchaorou 104.7 FM
3
ORTB FM
1
Radio Nonsina de Bembereke 90.8 FM et de Ndali 103.5 FM
1
Solidarité FM
2
Radio Tchaourou 104.7 FM.
1
Tchaorou 104.7 FM
1
Radio Nonsina 90.8 FM
1
FM nonsima 90.8
1
FM soutisoua
1
Nonsina de Bembereke 90.8 FM
1
SAKA YERIMA
1","Deeman FM
148181.9
Radio Parakou
38139.3
Tchaourou FM
31580.3
SAKA YERIMA FM
30531.8
Radio SAKA Yerima 100.1 FM
18319.1
Radio Nonsina de Bembereke 90.8 FM
15009.5
FM nonsina
14730.3
Je ne sais pas : Un tuùn ǎ
11275.6
Radio Tchaourou 104.7 FM
8772.3
Radio tchaorou 104.7 FM
5263.4
ORTB FM
4257.7
Radio Nonsina de Bembereke 90.8 FM et de Ndali 103.5 FM
3397.5
Solidarité FM
2128.9
Radio Tchaourou 104.7 FM.
1754.5
Tchaorou 104.7 FM
1754.5
Radio Nonsina 90.8 FM
1698.8
FM nonsima 90.8
1698.8
FM soutisoua
1698.8
Nonsina de Bembereke 90.8 FM
1605.7
SAKA YERIMA
1221.3","ORTB FM
18.8
Couffo FM
17.4
Lalo FM
15.1
Je ne sais pas : Un tuùn ǎ
12.0
Radio Carrefour
9.7
Radio Tonnasse
8.5
Radio Tonignon
4.5
Atlantique FM
2.6
ALAFIA FM
2.4
Radio Lalo
1.7
Radio Agbangnizou
0.9
LALO FM
0.9
ALAFIA
0.7
Radio bénin Alafia
0.7
Djakotomey
0.7
Lalo FM et ALAFIA FM
0.6
Lalo FM et GASSOU FM a Aplahoue
0.6
Lalo FM et GASSOU FM
0.6
GASSOU FM
0.4
Bénin ALAFIA FM
0.4
Agbangnizou FM
0.4
radio Agbangnizou
0.4","ORTB FM
28
Couffo FM
20
Lalo FM
23
Je ne sais pas : Un tuùn ǎ
20
Radio Carrefour
5
Radio Tonnasse
3
Radio Tonignon
10
Atlantique FM
1
ALAFIA FM
3
Radio Lalo
3
Radio Agbangnizou
2
LALO FM
2
ALAFIA
1
Radio bénin Alafia
1
Djakotomey
1
Lalo FM et ALAFIA FM
1
Lalo FM et GASSOU FM a Aplahoue
1
Lalo FM et GASSOU FM
1
GASSOU FM
1
Bénin ALAFIA FM
1
Agbangnizou FM
1
radio Agbangnizou
1","ORTB FM
1092.2
Couffo FM
1013.2
Lalo FM
876.8
Je ne sais pas : Un tuùn ǎ
700.5
Radio Carrefour
562.3
Radio Tonnasse
497.9
Radio Tonignon
260.4
Atlantique FM
153.2
ALAFIA FM
140.9
Radio Lalo
96.9
Radio Agbangnizou
52.1
LALO FM
52.1
ALAFIA
38.3
Radio bénin Alafia
38.3
Djakotomey
38.3
Lalo FM et ALAFIA FM
35.4
Lalo FM et GASSOU FM a Aplahoue
35.4
Lalo FM et GASSOU FM
35.4
GASSOU FM
26.0
Bénin ALAFIA FM
26.0
Agbangnizou FM
26.0
radio Agbangnizou
26.0","Solidarité FM
86.5
Radio Parakou
7.2
Nanto FM
3.3
Je ne sais pas : Un tuùn ǎ
2.2
Je n'ai pas écouter la radio hier j'étais en voyage
0.8","Solidarité FM
45
Radio Parakou
6
Nanto FM
1
Je ne sais pas : Un tuùn ǎ
3
Je n'ai pas écouter la radio hier j'étais en voyage
1","Solidarité FM
178917.4
Radio Parakou
14855.1
Nanto FM
6924.7
Je ne sais pas : Un tuùn ǎ
4456.5
Je n'ai pas écouter la radio hier j'étais en voyage
1731.2","La Voix de la Vallée
34.8
Capp FM
15.5
Radio wekê
8.2
ADJA OUERE FM
7.7
ORTB FM
5.2
Je ne sais pas : Un tuùn ǎ
4.2
Je préfère ne pas répondre/ Un yí wǎn nú xósin ma yí gbè ǎ
4.1
Radio wêkè
3.4
Radio wêkè Hozanna
2.5
Alléluia FM
1.6
Radio Wèkè
1.6
Alléluia FM Radio Wêkè
1.5
Radio wekê Peace fm
1.5
Maranatha
1.4
Tokpa FM
0.9
Radio weke
0.8
Bip Radio
0.7
Radio wêkè Alliance FM
0.7
Radio Wêkè
0.6
Radio wekê Radio Attakè
0.6
DIASPORA 102.3 FM.
0.5
Maranatha FM
0.4
Alléluia Fm
0.4
Radio Alléluia FM
0.3
Radio wêkè Alléluia FM
0.3
Allohado 104.1 FM
0.2
Radio Immaculée
0.2
Alléluia FM 96.5
0.2
Rien
0.2","La Voix de la Vallée
48
Capp FM
16
Radio wekê
10
ADJA OUERE FM
12
ORTB FM
7
Je ne sais pas : Un tuùn ǎ
8
Je préfère ne pas répondre/ Un yí wǎn nú xósin ma yí gbè ǎ
6
Radio wêkè
7
Radio wêkè Hozanna
1
Alléluia FM
2
Radio Wèkè
10
Alléluia FM Radio Wêkè
1
Radio wekê Peace fm
1
Maranatha
1
Tokpa FM
2
Radio weke
5
Bip Radio
1
Radio wêkè Alliance FM
1
Radio Wêkè
1
Radio wekê Radio Attakè
1
DIASPORA 102.3 FM.
1
Maranatha FM
1
Alléluia Fm
2
Radio Alléluia FM
2
Radio wêkè Alléluia FM
1
Allohado 104.1 FM
1
Radio Immaculée
1
Alléluia FM 96.5
1
Rien
1","La Voix de la Vallée
8085.6
Capp FM
3599.4
Radio wekê
1895.4
ADJA OUERE FM
1798.9
ORTB FM
1214.9
Je ne sais pas : Un tuùn ǎ
974.1
Je préfère ne pas répondre/ Un yí wǎn nú xósin ma yí gbè ǎ
951.4
Radio wêkè
789.7
Radio wêkè Hozanna
571.7
Alléluia FM
374.1
Radio Wèkè
368.6
Alléluia FM Radio Wêkè
346.9
Radio wekê Peace fm
346.9
Maranatha
314.8
Tokpa FM
214.4
Radio weke
184.3
Bip Radio
160.3
Radio wêkè Alliance FM
154.2
Radio Wêkè
142.9
Radio wekê Radio Attakè
142.9
DIASPORA 102.3 FM.
112.0
Maranatha FM
100.7
Alléluia Fm
88.9
Radio Alléluia FM
77.1
Radio wêkè Alléluia FM
71.5
Allohado 104.1 FM
56.0
Radio Immaculée
40.1
Alléluia FM 96.5
35.7
Rien
35.7","Je ne sais pas : Un tuùn ǎ
25.5
Ala ketou FM
21.3
ALAFIA FM
19.1
Radio Tonnasse
14.9
ORTB FM
10.6
Radio bénin Alafia
4.3
Ketou FM
2.1
Radio pobe
2.1","Je ne sais pas : Un tuùn ǎ
9
Ala ketou FM
10
ALAFIA FM
9
Radio Tonnasse
7
ORTB FM
5
Radio bénin Alafia
2
Ketou FM
1
Radio pobe
1","Je ne sais pas : Un tuùn ǎ
175716.7
Ala ketou FM
146430.6
ALAFIA FM
131787.5
Radio Tonnasse
102501.4
ORTB FM
73215.3
Radio bénin Alafia
29286.1
Ketou FM
14643.1
Radio pobe
14643.1","Radio Tonnasse
25.5
Je ne sais pas : Un tuùn ǎ
14.6
ORTB FM
11.9
Radio Carrefour
9.4
Radio Tonignon
8.3
Royale FM
6.4
ALLOHADO FM
4.6
Royal FM
4.5
ALAFIA FM
4.4
TRAIT-D'UNION
3.3
Immaculée
1.7
ROYALE FM
0.9
Immaculée FM
0.7
Tokpa FM
0.6
radio aloxado
0.5
Capp FM
0.5
Radio Leeman
0.4
ALAFIA
0.4
Leeman FM
0.4
radio Gbanamè
0.4
ADJA OUERE FM
0.4","Radio Tonnasse
38
Je ne sais pas : Un tuùn ǎ
31
ORTB FM
24
Radio Carrefour
21
Radio Tonignon
19
Royale FM
14
ALLOHADO FM
11
Royal FM
10
ALAFIA FM
10
TRAIT-D'UNION
8
Immaculée
4
ROYALE FM
2
Immaculée FM
2
Tokpa FM
1
radio aloxado
1
Capp FM
1
Radio Leeman
1
ALAFIA
1
Leeman FM
1
radio Gbanamè
1
ADJA OUERE FM
1","Radio Tonnasse
1260.9
Je ne sais pas : Un tuùn ǎ
721.7
ORTB FM
589.5
Radio Carrefour
467.5
Radio Tonignon
413.2
Royale FM
315.8
ALLOHADO FM
229.1
Royal FM
220.5
ALAFIA FM
218.9
TRAIT-D'UNION
165.1
Immaculée
86.2
ROYALE FM
44.2
Immaculée FM
36.9
Tokpa FM
30.6
radio aloxado
23.2
Capp FM
23.2
Radio Leeman
21.0
ALAFIA
21.0
Leeman FM
21.0
radio Gbanamè
21.0
ADJA OUERE FM
18.4"
Station Past 7 Days,"Radio Sedohoun
15.2
ORTB FM
12.6
Capp FM
9.9
Gbeti
7.5
La Voix de la Vallée
6.7
Kpassè
4.2
Bénin Alafia
3.7
La voix de la lama
2.4
Maranatha FM
2.2
Tokpa FM
2.2
Lama
1.9
Alliance FM
1.7
Lama fm
1.7
Diaspora FM
1.4
Radio Carrefour
1.3
ADJA OUERE FM
1.2
Bénin Alafia.
1.1
Lama FM
1.1
Immaculée Conception
0.9
Immaculée
0.8
Radio LAMA
0.7
kpassè
0.7
RFI
0.6
kpassè.
0.6
Lama FM.
0.6
Alliance FM.
0.6
Ahémé FM
0.5
Bip Radio
0.5
Radio Tonnasse
0.5
Alliance fm
0.5
Comé
0.5
Radio Kpassè
0.5
La voix de la lama Alliance fm
0.4
alliance FM
0.4
La voix de la lama Alliance fm Radio Bénin alafia
0.4
Radio Bénin Culture
0.4
Radio lalo
0.4
Immaculée conception
0.4
Benin alafia Lama fm
0.4
Ahémé
0.4
Radio Bénin alafia
0.4
Alliance
0.3
Radio lama Radio Bénin alafia
0.3
Lama Alliance fm
0.3
Lama fm Alliance fm
0.3
Gbetin
0.3
Radio kpasse Radio immaculée
0.3
Radio Tonignon
0.3
Alliance FM 97.0
0.3
LAMA FM 103.8
0.3
Soleil fm
0.3
La voix de la lama Alliance FM
0.3
Radio lama
0.3
Alliance fm La voix de la lama Radio Bénin alafia
0.3
Lama Alliance fm Golf fm
0.2
Alliance FM et Radio immaculée
0.2
Alafia
0.2
Radio immaculée conception
0.2
Ahémé FM.
0.2
la voix de la lama
0.2
Trait-Union
0.2
Allohado
0.2
Alliance FM La voix de la lama
0.2
Lama fm Bénin alafia
0.2
Neant
0.2
Alliance fm Lama fm
0.2
Kpasse Gbetin
0.2
99.4
0.2
Radio gbetin
0.2
Gbetin Kpasse
0.2
Je préfère ne pas répondre/ Un yí wǎn nú xósin ma yí gbè ǎ
0.2
Radio Gbètin Radio Kpassè
0.1
Alliance fm La voix de la lama
0.1
Radio immaculée Alliance fm
0.1
radio Cotonou
0.1
Radio Gbètin Ouidah
0.1
Radio Kpassè Radio Gbètin
0.1
immaculée
0.1
Radio lama Alliance fm
0.1
Immaculée Conception.
0.1
Radio Immaculée
0.1
Alléluia FM
0.1
Je ne sais pas : Un tuùn ǎ
0.1
Alliance fm Lama Immaculée conception
0.1
la voix de la Lama
0.1
Soleil
0.1
Allohado FM
0.1
Kpossotome
0.1
Diaspora fm
0.1
Alliance fm lama fm
0.1
Frisson
0.1
Ocean FM
0.1
Alliance FM Voix de la lama
0.1
Voix de la LAMA 103.8
0.1
Radio immaculée
0.1
108.3
0.1
Fm
0.1
Kpasse
0.1
Tado fm Sogema fm
0.1
Radio alliance
0.0
Radio Kpassè fm
0.0
Radio Gbéti
0.0
Radio GBÉTI
0.0
radio Agbotagon
0.0
Aucune
0.0
La voix de la LAMA
0.0
radio LAMA
0.0
LAMA FM
0.0
Radio Alliance 97.0fm
0.0
Fm Aheme
0.0
RAdio LAMA
0.0
Radio Alliance
0.0
Alliance Fm
0.0
Radio Kpassé
0.0
Gbéti
0.0
Radio Gbètin
0.0
Radio Gbètin et Radio Kpassè
0.0
Radio Gbéti 88.1FM
0.0
Radio Alafia fm
0.0","Radio Sedohoun
86
ORTB FM
44
Capp FM
52
Gbeti
11
La Voix de la Vallée
54
Kpassè
7
Bénin Alafia
8
La voix de la lama
13
Maranatha FM
10
Tokpa FM
10
Lama
11
Alliance FM
9
Lama fm
9
Diaspora FM
2
Radio Carrefour
2
ADJA OUERE FM
7
Bénin Alafia.
5
Lama FM
3
Immaculée Conception
1
Immaculée
6
Radio LAMA
13
kpassè
1
RFI
1
kpassè.
1
Lama FM.
2
Alliance FM.
2
Ahémé FM
5
Bip Radio
4
Radio Tonnasse
3
Alliance fm
7
Comé
4
Radio Kpassè
4
La voix de la lama Alliance fm
2
alliance FM
1
La voix de la lama Alliance fm Radio Bénin alafia
1
Radio Bénin Culture
3
Radio lalo
2
Immaculée conception
3
Benin alafia Lama fm
2
Ahémé
5
Radio Bénin alafia
1
Alliance
3
Radio lama Radio Bénin alafia
1
Lama Alliance fm
2
Lama fm Alliance fm
2
Gbetin
2
Radio kpasse Radio immaculée
1
Radio Tonignon
4
Alliance FM 97.0
1
LAMA FM 103.8
1
Soleil fm
2
La voix de la lama Alliance FM
2
Radio lama
1
Alliance fm La voix de la lama Radio Bénin alafia
1
Lama Alliance fm Golf fm
1
Alliance FM et Radio immaculée
1
Alafia
3
Radio immaculée conception
1
Ahémé FM.
2
la voix de la lama
2
Trait-Union
1
Allohado
1
Alliance FM La voix de la lama
1
Lama fm Bénin alafia
1
Neant
2
Alliance fm Lama fm
2
Kpasse Gbetin
1
99.4
1
Radio gbetin
1
Gbetin Kpasse
1
Je préfère ne pas répondre/ Un yí wǎn nú xósin ma yí gbè ǎ
1
Radio Gbètin Radio Kpassè
2
Alliance fm La voix de la lama
1
Radio immaculée Alliance fm
1
radio Cotonou
1
Radio Gbètin Ouidah
3
Radio Kpassè Radio Gbètin
2
immaculée
1
Radio lama Alliance fm
1
Immaculée Conception.
1
Radio Immaculée
3
Alléluia FM
2
Je ne sais pas : Un tuùn ǎ
4
Alliance fm Lama Immaculée conception
1
la voix de la Lama
1
Soleil
1
Allohado FM
1
Kpossotome
3
Diaspora fm
1
Alliance fm lama fm
1
Frisson
1
Ocean FM
1
Alliance FM Voix de la lama
1
Voix de la LAMA 103.8
1
Radio immaculée
1
108.3
1
Fm
2
Kpasse
1
Tado fm Sogema fm
1
Radio alliance
2
Radio Kpassè fm
2
Radio Gbéti
2
Radio GBÉTI
2
radio Agbotagon
1
Aucune
1
La voix de la LAMA
1
radio LAMA
1
LAMA FM
1
Radio Alliance 97.0fm
1
Fm Aheme
1
RAdio LAMA
1
Radio Alliance
1
Alliance Fm
1
Radio Kpassé
1
Gbéti
1
Radio Gbètin
1
Radio Gbètin et Radio Kpassè
1
Radio Gbéti 88.1FM
1
Radio Alafia fm
1","Radio Sedohoun
57144.5
ORTB FM
47301.0
Capp FM
37238.9
Gbeti
28042.5
La Voix de la Vallée
25313.1
Kpassè
15862.4
Bénin Alafia
13729.0
La voix de la lama
8960.9
Maranatha FM
8269.8
Tokpa FM
8161.5
Lama
7033.4
Alliance FM
6513.3
Lama fm
6232.5
Diaspora FM
5221.8
Radio Carrefour
4976.9
ADJA OUERE FM
4552.4
Bénin Alafia.
4163.2
Lama FM
4038.7
Immaculée Conception
3342.0
Immaculée
2882.7
Radio LAMA
2636.1
kpassè
2549.3
RFI
2266.1
kpassè.
2266.1
Lama FM.
2158.9
Alliance FM.
2151.2
Ahémé FM
2045.9
Bip Radio
1955.1
Radio Tonnasse
1890.6
Alliance fm
1831.0
Comé
1753.6
Radio Kpassè
1697.9
La voix de la lama Alliance fm
1671.0
alliance FM
1671.0
La voix de la lama Alliance fm Radio Bénin alafia
1547.3
Radio Bénin Culture
1545.0
Radio lalo
1544.7
Immaculée conception
1477.7
Benin alafia Lama fm
1472.1
Ahémé
1461.3
Radio Bénin alafia
1323.4
Alliance
1297.2
Radio lama Radio Bénin alafia
1220.9
Lama Alliance fm
1181.4
Lama fm Alliance fm
1181.4
Gbetin
1133.0
Radio kpasse Radio immaculée
1133.0
Radio Tonignon
1118.3
Alliance FM 97.0
1114.0
LAMA FM 103.8
1114.0
Soleil fm
1091.5
La voix de la lama Alliance FM
994.4
Radio lama
939.9
Alliance fm La voix de la lama Radio Bénin alafia
939.9
Lama Alliance fm Golf fm
835.5
Alliance FM et Radio immaculée
835.5
Alafia
827.8
Radio immaculée conception
778.3
Ahémé FM.
682.0
la voix de la lama
677.2
Trait-Union
617.9
Allohado
617.9
Alliance FM La voix de la lama
587.5
Lama fm Bénin alafia
587.5
Neant
584.5
Alliance fm Lama fm
584.2
Kpasse Gbetin
566.5
99.4
566.5
Radio gbetin
566.5
Gbetin Kpasse
566.5
Je préfère ne pas répondre/ Un yí wǎn nú xósin ma yí gbè ǎ
566.5
Radio Gbètin Radio Kpassè
525.6
Alliance fm La voix de la lama
522.2
Radio immaculée Alliance fm
520.3
radio Cotonou
515.8
Radio Gbètin Ouidah
485.1
Radio Kpassè Radio Gbètin
485.1
immaculée
417.7
Radio lama Alliance fm
417.7
Immaculée Conception.
407.0
Radio Immaculée
401.8
Alléluia FM
386.8
Je ne sais pas : Un tuùn ǎ
378.7
Alliance fm Lama Immaculée conception
345.9
la voix de la Lama
345.9
Soleil
323.4
Allohado FM
308.9
Kpossotome
292.3
Diaspora fm
271.3
Alliance fm lama fm
271.3
Frisson
261.1
Ocean FM
261.1
Alliance FM Voix de la lama
261.1
Voix de la LAMA 103.8
208.9
Radio immaculée
208.9
108.3
208.9
Fm
194.8
Kpasse
194.8
Tado fm Sogema fm
193.4
Radio alliance
173.0
Radio Kpassè fm
161.7
Radio Gbéti
161.7
Radio GBÉTI
161.7
radio Agbotagon
154.5
Aucune
147.0
La voix de la LAMA
147.0
radio LAMA
135.7
LAMA FM
130.5
Radio Alliance 97.0fm
130.5
Fm Aheme
97.4
RAdio LAMA
86.5
Radio Alliance
86.5
Alliance Fm
86.5
Radio Kpassé
80.9
Gbéti
80.9
Radio Gbètin
80.9
Radio Gbètin et Radio Kpassè
80.9
Radio Gbéti 88.1FM
80.9
Radio Alafia fm
80.9","Deeman FM
45.7
Radio Parakou
11.1
Tchaourou FM
8.7
SAKA YERIMA FM
8.4
Radio SAKA Yerima 100.1 FM
4.7
FM nonsina
4.0
Radio Nonsina de Bembereke 90.8 FM
3.2
Je ne sais pas : Un tuùn ǎ
2.9
Radio Tchaourou 104.7 FM
2.4
Solidarité FM
2.0
ORTB FM
1.2
Radio tchaorou 104.7 FM
1.0
Radio Nonsina de Bembereke 90.8 FM et de Ndali 103.5 FM
0.9
Nonsina de Bembereke 90.8 FM
0.9
Radio Tchaourou 104.7 FM.
0.5
Radio Nonsina 90.8 FM
0.5
FM nonsima 90.8
0.5
FM soutisoua
0.5
Su tii sua de Ndali 103.5 FM
0.4
SAKA YERIMA
0.3
Radio SAKA Yerima 100.1
0.3","Deeman FM
78
Radio Parakou
15
Tchaourou FM
12
SAKA YERIMA FM
14
Radio SAKA Yerima 100.1 FM
14
FM nonsina
9
Radio Nonsina de Bembereke 90.8 FM
6
Je ne sais pas : Un tuùn ǎ
3
Radio Tchaourou 104.7 FM
5
Solidarité FM
6
ORTB FM
1
Radio tchaorou 104.7 FM
2
Radio Nonsina de Bembereke 90.8 FM et de Ndali 103.5 FM
1
Nonsina de Bembereke 90.8 FM
2
Radio Tchaourou 104.7 FM.
1
Radio Nonsina 90.8 FM
1
FM nonsima 90.8
1
FM soutisoua
1
Su tii sua de Ndali 103.5 FM
1
SAKA YERIMA
1
Radio SAKA Yerima 100.1
1","Deeman FM
166792.6
Radio Parakou
40425.0
Tchaourou FM
31580.3
SAKA YERIMA FM
30531.8
Radio SAKA Yerima 100.1 FM
17097.8
FM nonsina
14730.3
Radio Nonsina de Bembereke 90.8 FM
11705.1
Je ne sais pas : Un tuùn ǎ
10526.8
Radio Tchaourou 104.7 FM
8772.3
Solidarité FM
7451.0
ORTB FM
4257.7
Radio tchaorou 104.7 FM
3508.9
Radio Nonsina de Bembereke 90.8 FM et de Ndali 103.5 FM
3397.5
Nonsina de Bembereke 90.8 FM
3304.4
Radio Tchaourou 104.7 FM.
1754.5
Radio Nonsina 90.8 FM
1698.8
FM nonsima 90.8
1698.8
FM soutisoua
1698.8
Su tii sua de Ndali 103.5 FM
1605.7
SAKA YERIMA
1221.3
Radio SAKA Yerima 100.1
1221.3","ORTB FM
20.9
Couffo FM
18.1
Lalo FM
13.2
Radio Tonnasse
9.2
Radio Carrefour
7.6
Radio Lalo
6.0
Radio Tonignon
5.8
Je ne sais pas : Un tuùn ǎ
4.4
ALAFIA FM
2.6
LALO FM
1.8
Lalo FM et GASSOU FM
1.3
Radio Sedohoun
1.0
Radio Agbangnizou
1.0
Radio bénin Alafia
0.7
ALAFIA
0.7
Gassui FM
0.7
GAMELI
0.7
Lalo FM et ALAFIA FM
0.7
Frisson
0.7
Radio Tonion zogbodomey
0.7
Lalo
0.5
GASSOU FM
0.5
Bénin ALAFIA FM
0.5
Agbangnizou FM
0.5
radio Agbangnizou
0.5","ORTB FM
29
Couffo FM
19
Lalo FM
22
Radio Tonnasse
3
Radio Carrefour
4
Radio Lalo
8
Radio Tonignon
12
Je ne sais pas : Un tuùn ǎ
7
ALAFIA FM
3
LALO FM
3
Lalo FM et GASSOU FM
2
Radio Sedohoun
2
Radio Agbangnizou
2
Radio bénin Alafia
1
ALAFIA
1
Gassui FM
1
GAMELI
1
Lalo FM et ALAFIA FM
1
Frisson
1
Radio Tonion zogbodomey
1
Lalo
1
GASSOU FM
1
Bénin ALAFIA FM
1
Agbangnizou FM
1
radio Agbangnizou
1","ORTB FM
1127.6
Couffo FM
977.8
Lalo FM
711.4
Radio Tonnasse
497.9
Radio Carrefour
409.1
Radio Lalo
326.0
Radio Tonignon
312.5
Je ne sais pas : Un tuùn ǎ
237.8
ALAFIA FM
140.9
LALO FM
96.9
Lalo FM et GASSOU FM
70.8
Radio Sedohoun
52.1
Radio Agbangnizou
52.1
Radio bénin Alafia
38.3
ALAFIA
38.3
Gassui FM
38.3
GAMELI
38.3
Lalo FM et ALAFIA FM
35.4
Frisson
35.4
Radio Tonion zogbodomey
35.4
Lalo
26.0
GASSOU FM
26.0
Bénin ALAFIA FM
26.0
Agbangnizou FM
26.0
radio Agbangnizou
26.0","Solidarité FM
87.9
Radio Parakou
11.4
ORTB FM
0.7","Solidarité FM
50
Radio Parakou
14
ORTB FM
1","Solidarité FM
186590.6
Radio Parakou
24259.5
ORTB FM
1485.5","La Voix de la Vallée
29.9
Capp FM
17.6
ADJA OUERE FM
13.7
ORTB FM
8.3
Radio wekê
5.2
Alléluia FM
4.5
Radio wêkè
3.3
Je ne sais pas : Un tuùn ǎ
2.4
Tokpa FM
1.7
Maranatha FM
1.2
Radio wêkè Alléluia FM
1.2
Radio Wèkè
1.1
Radio wekê Peace fm
1.0
Radio weke
1.0
Radio wekê Radio Attakè
0.9
Radio Adja wéré
0.7
Nanto FM
0.6
Radio Bénin Culture
0.5
Radio Dispora
0.5
Bip Radio
0.5
Radio Sedohoun
0.5
Radio wêkè Alliance FM Radio protectante
0.5
Radio wêkè Radio Attakè
0.4
Radio Wêkè Radio Hozanna
0.4
Alléluia Fm
0.4
Radio Tonnasse
0.4
DIASPORA 102.3 FM.
0.3
Radio Alléluia FM
0.2
Gerdes FM
0.2
Radio Wêkè
0.2
Radio wêkè Alléluia FM Hozanna
0.2
Allohado 104.1 FM
0.2
Radio Immaculée
0.1
Radio Weke
0.1","La Voix de la Vallée
58
Capp FM
28
ADJA OUERE FM
26
ORTB FM
12
Radio wekê
9
Alléluia FM
8
Radio wêkè
4
Je ne sais pas : Un tuùn ǎ
4
Tokpa FM
3
Maranatha FM
2
Radio wêkè Alléluia FM
2
Radio Wèkè
10
Radio wekê Peace fm
1
Radio weke
9
Radio wekê Radio Attakè
2
Radio Adja wéré
1
Nanto FM
2
Radio Bénin Culture
1
Radio Dispora
1
Bip Radio
1
Radio Sedohoun
1
Radio wêkè Alliance FM Radio protectante
1
Radio wêkè Radio Attakè
2
Radio Wêkè Radio Hozanna
1
Alléluia Fm
3
Radio Tonnasse
1
DIASPORA 102.3 FM.
1
Radio Alléluia FM
2
Gerdes FM
1
Radio Wêkè
1
Radio wêkè Alléluia FM Hozanna
1
Allohado 104.1 FM
1
Radio Immaculée
1
Radio Weke
1","La Voix de la Vallée
10023.8
Capp FM
5887.9
ADJA OUERE FM
4598.8
ORTB FM
2790.1
Radio wekê
1752.4
Alléluia FM
1513.7
Radio wêkè
1102.8
Je ne sais pas : Un tuùn ǎ
814.4
Tokpa FM
561.3
Maranatha FM
415.5
Radio wêkè Alléluia FM
385.4
Radio Wèkè
368.6
Radio wekê Peace fm
346.9
Radio weke
332.8
Radio wekê Radio Attakè
285.8
Radio Adja wéré
223.9
Nanto FM
196.1
Radio Bénin Culture
180.4
Radio Dispora
167.9
Bip Radio
160.3
Radio Sedohoun
160.3
Radio wêkè Alliance FM Radio protectante
154.2
Radio wêkè Radio Attakè
148.5
Radio Wêkè Radio Hozanna
142.9
Alléluia Fm
124.6
Radio Tonnasse
120.3
DIASPORA 102.3 FM.
112.0
Radio Alléluia FM
77.1
Gerdes FM
75.5
Radio Wêkè
71.5
Radio wêkè Alléluia FM Hozanna
71.5
Allohado 104.1 FM
56.0
Radio Immaculée
40.1
Radio Weke
38.5","Ala ketou FM
20.8
ALAFIA FM
18.7
Je ne sais pas : Un tuùn ǎ
16.7
Radio Tonnasse
14.6
ORTB FM
10.4
FM Alakétou
6.2
Radio bénin Alafia
4.2
Ketou FM
2.1
Radio Alakétou
2.1
Radio bénin Alafia et radio FM Alakétou
2.1
radio pobe
2.1","Ala ketou FM
10
ALAFIA FM
9
Je ne sais pas : Un tuùn ǎ
5
Radio Tonnasse
7
ORTB FM
5
FM Alakétou
3
Radio bénin Alafia
2
Ketou FM
1
Radio Alakétou
1
Radio bénin Alafia et radio FM Alakétou
1
radio pobe
1","Ala ketou FM
146430.6
ALAFIA FM
131787.5
Je ne sais pas : Un tuùn ǎ
117144.5
Radio Tonnasse
102501.4
ORTB FM
73215.3
FM Alakétou
43929.2
Radio bénin Alafia
29286.1
Ketou FM
14643.1
Radio Alakétou
14643.1
Radio bénin Alafia et radio FM Alakétou
14643.1
radio pobe
14643.1","Radio Tonnasse
29.4
Radio Tonignon
12.4
ORTB FM
11.8
Radio Carrefour
9.8
Royale FM
7.2
Je ne sais pas : Un tuùn ǎ
6.2
ALAFIA FM
4.8
ALLOHADO FM
4.6
TRAIT-D'UNION
3.3
Royal FM
2.6
Immaculée
1.6
Radio aloxado
0.8
Tokpa FM
0.6
Royal FM et radio aloxado
0.5
ROYALE FM
0.5
Immaculée FM
0.5
Capp FM
0.5
Royal FM et radio immaculée
0.5
radio Gbanamè
0.4
royal FM
0.4
Radio trait d'union
0.4
Radio Leeman
0.4
IMMACULÉE FM
0.4
ADJA OUERE FM
0.4","Radio Tonnasse
44
Radio Tonignon
30
ORTB FM
24
Radio Carrefour
22
Royale FM
16
Je ne sais pas : Un tuùn ǎ
14
ALAFIA FM
11
ALLOHADO FM
11
TRAIT-D'UNION
8
Royal FM
6
Immaculée
4
Radio aloxado
2
Tokpa FM
1
Royal FM et radio aloxado
1
ROYALE FM
1
Immaculée FM
1
Capp FM
1
Royal FM et radio immaculée
1
radio Gbanamè
1
royal FM
1
Radio trait d'union
1
Radio Leeman
1
IMMACULÉE FM
1
ADJA OUERE FM
1","Radio Tonnasse
1465.9
Radio Tonignon
618.5
ORTB FM
589.5
Radio Carrefour
488.5
Royale FM
360.0
Je ne sais pas : Un tuùn ǎ
308.9
ALAFIA FM
239.9
ALLOHADO FM
229.1
TRAIT-D'UNION
165.1
Royal FM
130.0
Immaculée
81.5
Radio aloxado
42.0
Tokpa FM
30.6
Royal FM et radio aloxado
23.2
ROYALE FM
23.2
Immaculée FM
23.2
Capp FM
23.2
Royal FM et radio immaculée
23.2
radio Gbanamè
21.0
royal FM
21.0
Radio trait d'union
21.0
Radio Leeman
21.0
IMMACULÉE FM
18.4
ADJA OUERE FM
18.4"
Media Type,"Radio / Radio
41.0
Whatsapp/ WhatsApp
26.6
Réseaux sociaux/ xójlawema
18.9
Télévision/ televiziɔn /nùjlɛ́jlɛ́ nùjlɛ́jlɛ́
11.7
Autre : veuillez préciser/ Ðevo: kɛnklɛn bo ɖɔ
1.4
SMS/ SMS/ wɛn ɖe sɛ́dó mɛ
0.4
Aucun/ Ðebǔ
0.1","Radio / Radio
261
Whatsapp/ WhatsApp
139
Réseaux sociaux/ xójlawema
90
Télévision/ televiziɔn /nùjlɛ́jlɛ́ nùjlɛ́jlɛ́
61
Autre : veuillez préciser/ Ðevo: kɛnklɛn bo ɖɔ
18
SMS/ SMS/ wɛn ɖe sɛ́dó mɛ
4
Aucun/ Ðebǔ
1","Radio / Radio
158589.8
Whatsapp/ WhatsApp
102977.4
Réseaux sociaux/ xójlawema
72973.8
Télévision/ televiziɔn /nùjlɛ́jlɛ́ nùjlɛ́jlɛ́
45400.9
Autre : veuillez préciser/ Ðevo: kɛnklɛn bo ɖɔ
5428.9
SMS/ SMS/ wɛn ɖe sɛ́dó mɛ
1403.9
Aucun/ Ðebǔ
194.8","Radio / Radio
83.1
Whatsapp/ WhatsApp
9.2
Télévision/ televiziɔn /nùjlɛ́jlɛ́ nùjlɛ́jlɛ́
3.4
SMS/ SMS/ wɛn ɖe sɛ́dó mɛ
2.1
Réseaux sociaux/ xójlawema
1.6
Presse écrite/ xójlawema
0.4","Radio / Radio
159
Whatsapp/ WhatsApp
17
Télévision/ televiziɔn /nùjlɛ́jlɛ́ nùjlɛ́jlɛ́
9
SMS/ SMS/ wɛn ɖe sɛ́dó mɛ
2
Réseaux sociaux/ xójlawema
4
Presse écrite/ xójlawema
1","Radio / Radio
329373.4
Whatsapp/ WhatsApp
36615.7
Télévision/ televiziɔn /nùjlɛ́jlɛ́ nùjlɛ́jlɛ́
13557.7
SMS/ SMS/ wɛn ɖe sɛ́dó mɛ
8515.5
Réseaux sociaux/ xójlawema
6327.8
Presse écrite/ xójlawema
1754.5","Radio / Radio
49.1
Télévision/ televiziɔn /nùjlɛ́jlɛ́ nùjlɛ́jlɛ́
24.0
Whatsapp/ WhatsApp
17.3
Réseaux sociaux/ xójlawema
9.1
SMS/ SMS/ wɛn ɖe sɛ́dó mɛ
0.6","Radio / Radio
73
Télévision/ televiziɔn /nùjlɛ́jlɛ́ nùjlɛ́jlɛ́
40
Whatsapp/ WhatsApp
22
Réseaux sociaux/ xójlawema
11
SMS/ SMS/ wɛn ɖe sɛ́dó mɛ
1","Radio / Radio
3059.6
Télévision/ televiziɔn /nùjlɛ́jlɛ́ nùjlɛ́jlɛ́
1498.3
Whatsapp/ WhatsApp
1078.4
Réseaux sociaux/ xójlawema
564.5
SMS/ SMS/ wɛn ɖe sɛ́dó mɛ
35.4","Radio / Radio
63.6
Télévision/ televiziɔn /nùjlɛ́jlɛ́ nùjlɛ́jlɛ́
16.6
Whatsapp/ WhatsApp
14.1
Réseaux sociaux/ xójlawema
5.1
SMS/ SMS/ wɛn ɖe sɛ́dó mɛ
0.6","Radio / Radio
47
Télévision/ televiziɔn /nùjlɛ́jlɛ́ nùjlɛ́jlɛ́
24
Whatsapp/ WhatsApp
22
Réseaux sociaux/ xójlawema
6
SMS/ SMS/ wɛn ɖe sɛ́dó mɛ
1","Radio / Radio
181888.4
Télévision/ televiziɔn /nùjlɛ́jlɛ́ nùjlɛ́jlɛ́
47513.2
Whatsapp/ WhatsApp
40331.3
Réseaux sociaux/ xójlawema
14597.9
SMS/ SMS/ wɛn ɖe sɛ́dó mɛ
1731.2","Radio / Radio
38.6
Whatsapp/ WhatsApp
27.2
Réseaux sociaux/ xójlawema
21.2
Télévision/ televiziɔn /nùjlɛ́jlɛ́ nùjlɛ́jlɛ́
9.8
Autre : veuillez préciser/ Ðevo: kɛnklɛn bo ɖɔ
2.1
Aucun/ Ðebǔ
0.5
SMS/ SMS/ wɛn ɖe sɛ́dó mɛ
0.5
Presse écrite/ xójlawema
0.2","Radio / Radio
123
Whatsapp/ WhatsApp
72
Réseaux sociaux/ xójlawema
54
Télévision/ televiziɔn /nùjlɛ́jlɛ́ nùjlɛ́jlɛ́
24
Autre : veuillez préciser/ Ðevo: kɛnklɛn bo ɖɔ
6
Aucun/ Ðebǔ
1
SMS/ SMS/ wɛn ɖe sɛ́dó mɛ
1
Presse écrite/ xójlawema
1","Radio / Radio
18974.8
Whatsapp/ WhatsApp
13389.1
Réseaux sociaux/ xójlawema
10429.3
Télévision/ televiziɔn /nùjlɛ́jlɛ́ nùjlɛ́jlɛ́
4836.2
Autre : veuillez préciser/ Ðevo: kɛnklɛn bo ɖɔ
1042.0
Aucun/ Ðebǔ
223.9
SMS/ SMS/ wɛn ɖe sɛ́dó mɛ
223.9
Presse écrite/ xójlawema
80.2","Radio / Radio
39.7
Whatsapp/ WhatsApp
28.6
Télévision/ televiziɔn /nùjlɛ́jlɛ́ nùjlɛ́jlɛ́
17.5
Réseaux sociaux/ xójlawema
12.7
Aucun/ Ðebǔ
1.6","Radio / Radio
22
Whatsapp/ WhatsApp
15
Télévision/ televiziɔn /nùjlɛ́jlɛ́ nùjlɛ́jlɛ́
11
Réseaux sociaux/ xójlawema
5
Aucun/ Ðebǔ
1","Radio / Radio
366076.5
Whatsapp/ WhatsApp
263575.0
Télévision/ televiziɔn /nùjlɛ́jlɛ́ nùjlɛ́jlɛ́
161073.6
Réseaux sociaux/ xójlawema
117144.5
Aucun/ Ðebǔ
14643.1","Radio / Radio
44.7
Télévision/ televiziɔn /nùjlɛ́jlɛ́ nùjlɛ́jlɛ́
27.0
Whatsapp/ WhatsApp
19.1
Réseaux sociaux/ xójlawema
9.1","Radio / Radio
109
Télévision/ televiziɔn /nùjlɛ́jlɛ́ nùjlɛ́jlɛ́
65
Whatsapp/ WhatsApp
43
Réseaux sociaux/ xójlawema
20","Radio / Radio
2897.2
Télévision/ televiziɔn /nùjlɛ́jlɛ́ nùjlɛ́jlɛ́
1751.0
Whatsapp/ WhatsApp
1237.8
Réseaux sociaux/ xójlawema
592.6"
Radio Consumption Method,"Via un poste de radio à la maison/ Gbɔn hladio jí ɖò xwégbe
47.3
Via mon téléphone portable, utilisé comme un poste de radio/ Gbɔn alokan ce jí, un nɔ zán ɖi hladio ɖɔhun/
22.5
Via un poste de radio au travail/ Gbɔn hladio jí ɖò azɔ̌mɛ
11.2
Via un poste de radio dans les lieux publics/ Gbɔn hladio jí ɖò fí e mɛ lɛ nɔ kplé ɖè lɛ é
6.8
Via un poste de radio ou un téléphone portable appartenant à un proche/ Gbɔn hladio jí alǒ alokan e nyí mɛvívɛ́ ce tɔn é jí
5.5
Via une application mobile : Whatsapp/ Gbɔn alokan ɖé jí: Whatsapp/ é dó ɖɔ xóƉò nùxíwómɛ wèmá tɔn jí: Whatsapp
2.3
Via un poste de radio dans les transports/ Gbɔn hladio jí ɖò mɔ̌to mɛ
2.2
Via une application mobile : FM ou application radio/ Gbɔn application mobile jí Ðevo/ Ɖò nùjlajla jí: FM alǒ radio
1.0
Via une application mobile : Facebook/ Gbɔn alokan Facebook jí:/ Xò nùjlajla jí: Facebook
0.8
Autre : veuillez préciser/ Ðevo: kɛnklɛn bo ɖɔ
0.3
Via une application mobile : Autre/ Gbɔn alokan  ɖevo jí
0.2","Via un poste de radio à la maison/ Gbɔn hladio jí ɖò xwégbe
232
Via mon téléphone portable, utilisé comme un poste de radio/ Gbɔn alokan ce jí, un nɔ zán ɖi hladio ɖɔhun/
95
Via un poste de radio au travail/ Gbɔn hladio jí ɖò azɔ̌mɛ
28
Via un poste de radio dans les lieux publics/ Gbɔn hladio jí ɖò fí e mɛ lɛ nɔ kplé ɖè lɛ é
40
Via un poste de radio ou un téléphone portable appartenant à un proche/ Gbɔn hladio jí alǒ alokan e nyí mɛvívɛ́ ce tɔn é jí
38
Via une application mobile : Whatsapp/ Gbɔn alokan ɖé jí: Whatsapp/ é dó ɖɔ xóƉò nùxíwómɛ wèmá tɔn jí: Whatsapp
10
Via un poste de radio dans les transports/ Gbɔn hladio jí ɖò mɔ̌to mɛ
16
Via une application mobile : FM ou application radio/ Gbɔn application mobile jí Ðevo/ Ɖò nùjlajla jí: FM alǒ radio
6
Via une application mobile : Facebook/ Gbɔn alokan Facebook jí:/ Xò nùjlajla jí: Facebook
2
Autre : veuillez préciser/ Ðevo: kɛnklɛn bo ɖɔ
3
Via une application mobile : Autre/ Gbɔn alokan  ɖevo jí
1","Via un poste de radio à la maison/ Gbɔn hladio jí ɖò xwégbe
133478.0
Via mon téléphone portable, utilisé comme un poste de radio/ Gbɔn alokan ce jí, un nɔ zán ɖi hladio ɖɔhun/
63458.0
Via un poste de radio au travail/ Gbɔn hladio jí ɖò azɔ̌mɛ
31555.2
Via un poste de radio dans les lieux publics/ Gbɔn hladio jí ɖò fí e mɛ lɛ nɔ kplé ɖè lɛ é
19198.5
Via un poste de radio ou un téléphone portable appartenant à un proche/ Gbɔn hladio jí alǒ alokan e nyí mɛvívɛ́ ce tɔn é jí
15601.8
Via une application mobile : Whatsapp/ Gbɔn alokan ɖé jí: Whatsapp/ é dó ɖɔ xóƉò nùxíwómɛ wèmá tɔn jí: Whatsapp
6415.1
Via un poste de radio dans les transports/ Gbɔn hladio jí ɖò mɔ̌to mɛ
6090.4
Via une application mobile : FM ou application radio/ Gbɔn application mobile jí Ðevo/ Ɖò nùjlajla jí: FM alǒ radio
2930.7
Via une application mobile : Facebook/ Gbɔn alokan Facebook jí:/ Xò nùjlajla jí: Facebook
2168.6
Autre : veuillez préciser/ Ðevo: kɛnklɛn bo ɖɔ
717.6
Via une application mobile : Autre/ Gbɔn alokan  ɖevo jí
617.9","Via un poste de radio à la maison/ Gbɔn hladio jí ɖò xwégbe
39.6
Via mon téléphone portable, utilisé comme un poste de radio/ Gbɔn alokan ce jí, un nɔ zán ɖi hladio ɖɔhun/
27.9
Via un poste de radio ou un téléphone portable appartenant à un proche/ Gbɔn hladio jí alǒ alokan e nyí mɛvívɛ́ ce tɔn é jí
8.8
Via une application mobile : FM ou application radio/ Gbɔn application mobile jí Ðevo/ Ɖò nùjlajla jí: FM alǒ radio
8.0
Via une application mobile : Whatsapp/ Gbɔn alokan ɖé jí: Whatsapp/ é dó ɖɔ xóƉò nùxíwómɛ wèmá tɔn jí: Whatsapp
5.5
Via une application mobile : Autre/ Gbɔn alokan  ɖevo jí
3.4
Via un poste de radio au travail/ Gbɔn hladio jí ɖò azɔ̌mɛ
2.9
Via un poste de radio dans les lieux publics/ Gbɔn hladio jí ɖò fí e mɛ lɛ nɔ kplé ɖè lɛ é
1.7
Via un poste de radio dans les transports/ Gbɔn hladio jí ɖò mɔ̌to mɛ
1.4
Via une application mobile : Facebook/ Gbɔn alokan Facebook jí:/ Xò nùjlajla jí: Facebook
0.8","Via un poste de radio à la maison/ Gbɔn hladio jí ɖò xwégbe
71
Via mon téléphone portable, utilisé comme un poste de radio/ Gbɔn alokan ce jí, un nɔ zán ɖi hladio ɖɔhun/
54
Via un poste de radio ou un téléphone portable appartenant à un proche/ Gbɔn hladio jí alǒ alokan e nyí mɛvívɛ́ ce tɔn é jí
27
Via une application mobile : FM ou application radio/ Gbɔn application mobile jí Ðevo/ Ɖò nùjlajla jí: FM alǒ radio
12
Via une application mobile : Whatsapp/ Gbɔn alokan ɖé jí: Whatsapp/ é dó ɖɔ xóƉò nùxíwómɛ wèmá tɔn jí: Whatsapp
11
Via une application mobile : Autre/ Gbɔn alokan  ɖevo jí
6
Via un poste de radio au travail/ Gbɔn hladio jí ɖò azɔ̌mɛ
4
Via un poste de radio dans les lieux publics/ Gbɔn hladio jí ɖò fí e mɛ lɛ nɔ kplé ɖè lɛ é
3
Via un poste de radio dans les transports/ Gbɔn hladio jí ɖò mɔ̌to mɛ
4
Via une application mobile : Facebook/ Gbɔn alokan Facebook jí:/ Xò nùjlajla jí: Facebook
2","Via un poste de radio à la maison/ Gbɔn hladio jí ɖò xwégbe
158516.5
Via mon téléphone portable, utilisé comme un poste de radio/ Gbɔn alokan ce jí, un nɔ zán ɖi hladio ɖɔhun/
111691.3
Via un poste de radio ou un téléphone portable appartenant à un proche/ Gbɔn hladio jí alǒ alokan e nyí mɛvívɛ́ ce tɔn é jí
35417.7
Via une application mobile : FM ou application radio/ Gbɔn application mobile jí Ðevo/ Ɖò nùjlajla jí: FM alǒ radio
31912.1
Via une application mobile : Whatsapp/ Gbɔn alokan ɖé jí: Whatsapp/ é dó ɖɔ xóƉò nùxíwómɛ wèmá tɔn jí: Whatsapp
21990.3
Via une application mobile : Autre/ Gbɔn alokan  ɖevo jí
13681.8
Via un poste de radio au travail/ Gbɔn hladio jí ɖò azɔ̌mɛ
11442.4
Via un poste de radio dans les lieux publics/ Gbɔn hladio jí ɖò fí e mɛ lɛ nɔ kplé ɖè lɛ é
6906.4
Via un poste de radio dans les transports/ Gbɔn hladio jí ɖò mɔ̌to mɛ
5497.0
Via une application mobile : Facebook/ Gbɔn alokan Facebook jí:/ Xò nùjlajla jí: Facebook
3304.4","Via un poste de radio à la maison/ Gbɔn hladio jí ɖò xwégbe
56.7
Via mon téléphone portable, utilisé comme un poste de radio/ Gbɔn alokan ce jí, un nɔ zán ɖi hladio ɖɔhun/
28.3
Via un poste de radio ou un téléphone portable appartenant à un proche/ Gbɔn hladio jí alǒ alokan e nyí mɛvívɛ́ ce tɔn é jí
6.8
Via une application mobile : Facebook/ Gbɔn alokan Facebook jí:/ Xò nùjlajla jí: Facebook
3.8
Via une application mobile : Whatsapp/ Gbɔn alokan ɖé jí: Whatsapp/ é dó ɖɔ xóƉò nùxíwómɛ wèmá tɔn jí: Whatsapp
3.8
Via un poste de radio au travail/ Gbɔn hladio jí ɖò azɔ̌mɛ
0.6","Via un poste de radio à la maison/ Gbɔn hladio jí ɖò xwégbe
52
Via mon téléphone portable, utilisé comme un poste de radio/ Gbɔn alokan ce jí, un nɔ zán ɖi hladio ɖɔhun/
28
Via un poste de radio ou un téléphone portable appartenant à un proche/ Gbɔn hladio jí alǒ alokan e nyí mɛvívɛ́ ce tɔn é jí
8
Via une application mobile : Facebook/ Gbɔn alokan Facebook jí:/ Xò nùjlajla jí: Facebook
1
Via une application mobile : Whatsapp/ Gbɔn alokan ɖé jí: Whatsapp/ é dó ɖɔ xóƉò nùxíwómɛ wèmá tɔn jí: Whatsapp
1
Via un poste de radio au travail/ Gbɔn hladio jí ɖò azɔ̌mɛ
1","Via un poste de radio à la maison/ Gbɔn hladio jí ɖò xwégbe
2310.1
Via mon téléphone portable, utilisé comme un poste de radio/ Gbɔn alokan ce jí, un nɔ zán ɖi hladio ɖɔhun/
1152.7
Via un poste de radio ou un téléphone portable appartenant à un proche/ Gbɔn hladio jí alǒ alokan e nyí mɛvívɛ́ ce tɔn é jí
276.1
Via une application mobile : Facebook/ Gbɔn alokan Facebook jí:/ Xò nùjlajla jí: Facebook
153.2
Via une application mobile : Whatsapp/ Gbɔn alokan ɖé jí: Whatsapp/ é dó ɖɔ xóƉò nùxíwómɛ wèmá tɔn jí: Whatsapp
153.2
Via un poste de radio au travail/ Gbɔn hladio jí ɖò azɔ̌mɛ
26.0","Via un poste de radio à la maison/ Gbɔn hladio jí ɖò xwégbe
40.0
Via un poste de radio ou un téléphone portable appartenant à un proche/ Gbɔn hladio jí alǒ alokan e nyí mɛvívɛ́ ce tɔn é jí
22.0
Via mon téléphone portable, utilisé comme un poste de radio/ Gbɔn alokan ce jí, un nɔ zán ɖi hladio ɖɔhun/
14.2
Via un poste de radio au travail/ Gbɔn hladio jí ɖò azɔ̌mɛ
10.9
Via un poste de radio dans les transports/ Gbɔn hladio jí ɖò mɔ̌to mɛ
6.8
Via un poste de radio dans les lieux publics/ Gbɔn hladio jí ɖò fí e mɛ lɛ nɔ kplé ɖè lɛ é
2.9
Je ne sais pas/ Un tuùn ǎ
1.6
Via une application mobile : FM ou application radio/ Gbɔn application mobile jí Ðevo/ Ɖò nùjlajla jí: FM alǒ radio
1.6","Via un poste de radio à la maison/ Gbɔn hladio jí ɖò xwégbe
28
Via un poste de radio ou un téléphone portable appartenant à un proche/ Gbɔn hladio jí alǒ alokan e nyí mɛvívɛ́ ce tɔn é jí
8
Via mon téléphone portable, utilisé comme un poste de radio/ Gbɔn alokan ce jí, un nɔ zán ɖi hladio ɖɔhun/
14
Via un poste de radio au travail/ Gbɔn hladio jí ɖò azɔ̌mɛ
5
Via un poste de radio dans les transports/ Gbɔn hladio jí ɖò mɔ̌to mɛ
3
Via un poste de radio dans les lieux publics/ Gbɔn hladio jí ɖò fí e mɛ lɛ nɔ kplé ɖè lɛ é
4
Je ne sais pas/ Un tuùn ǎ
1
Via une application mobile : FM ou application radio/ Gbɔn application mobile jí Ðevo/ Ɖò nùjlajla jí: FM alǒ radio
2","Via un poste de radio à la maison/ Gbɔn hladio jí ɖò xwégbe
87856.1
Via un poste de radio ou un téléphone portable appartenant à un proche/ Gbɔn hladio jí alǒ alokan e nyí mɛvívɛ́ ce tɔn é jí
48273.3
Via mon téléphone portable, utilisé comme un poste de radio/ Gbɔn alokan ce jí, un nɔ zán ɖi hladio ɖɔhun/
31184.2
Via un poste de radio au travail/ Gbɔn hladio jí ɖò azɔ̌mɛ
23990.7
Via un poste de radio dans les transports/ Gbɔn hladio jí ɖò mɔ̌to mɛ
14843.6
Via un poste de radio dans les lieux publics/ Gbɔn hladio jí ɖò fí e mɛ lɛ nɔ kplé ɖè lɛ é
6433.4
Je ne sais pas/ Un tuùn ǎ
3462.3
Via une application mobile : FM ou application radio/ Gbɔn application mobile jí Ðevo/ Ɖò nùjlajla jí: FM alǒ radio
3462.3","Via un poste de radio à la maison/ Gbɔn hladio jí ɖò xwégbe
45.4
Via mon téléphone portable, utilisé comme un poste de radio/ Gbɔn alokan ce jí, un nɔ zán ɖi hladio ɖɔhun/
15.7
Via un poste de radio ou un téléphone portable appartenant à un proche/ Gbɔn hladio jí alǒ alokan e nyí mɛvívɛ́ ce tɔn é jí
12.1
Via un poste de radio dans les lieux publics/ Gbɔn hladio jí ɖò fí e mɛ lɛ nɔ kplé ɖè lɛ é
10.2
Via un poste de radio au travail/ Gbɔn hladio jí ɖò azɔ̌mɛ
7.3
Via une application mobile : Whatsapp/ Gbɔn alokan ɖé jí: Whatsapp/ é dó ɖɔ xóƉò nùxíwómɛ wèmá tɔn jí: Whatsapp
4.5
Via une application mobile : FM ou application radio/ Gbɔn application mobile jí Ðevo/ Ɖò nùjlajla jí: FM alǒ radio
2.2
Via un poste de radio dans les transports/ Gbɔn hladio jí ɖò mɔ̌to mɛ
1.9
Via une application mobile : Facebook/ Gbɔn alokan Facebook jí:/ Xò nùjlajla jí: Facebook
0.6
Via une application mobile : Autre/ Gbɔn alokan  ɖevo jí
0.1","Via un poste de radio à la maison/ Gbɔn hladio jí ɖò xwégbe
101
Via mon téléphone portable, utilisé comme un poste de radio/ Gbɔn alokan ce jí, un nɔ zán ɖi hladio ɖɔhun/
33
Via un poste de radio ou un téléphone portable appartenant à un proche/ Gbɔn hladio jí alǒ alokan e nyí mɛvívɛ́ ce tɔn é jí
18
Via un poste de radio dans les lieux publics/ Gbɔn hladio jí ɖò fí e mɛ lɛ nɔ kplé ɖè lɛ é
19
Via un poste de radio au travail/ Gbɔn hladio jí ɖò azɔ̌mɛ
10
Via une application mobile : Whatsapp/ Gbɔn alokan ɖé jí: Whatsapp/ é dó ɖɔ xóƉò nùxíwómɛ wèmá tɔn jí: Whatsapp
7
Via une application mobile : FM ou application radio/ Gbɔn application mobile jí Ðevo/ Ɖò nùjlajla jí: FM alǒ radio
4
Via un poste de radio dans les transports/ Gbɔn hladio jí ɖò mɔ̌to mɛ
3
Via une application mobile : Facebook/ Gbɔn alokan Facebook jí:/ Xò nùjlajla jí: Facebook
1
Via une application mobile : Autre/ Gbɔn alokan  ɖevo jí
1","Via un poste de radio à la maison/ Gbɔn hladio jí ɖò xwégbe
15863.6
Via mon téléphone portable, utilisé comme un poste de radio/ Gbɔn alokan ce jí, un nɔ zán ɖi hladio ɖɔhun/
5485.1
Via un poste de radio ou un téléphone portable appartenant à un proche/ Gbɔn hladio jí alǒ alokan e nyí mɛvívɛ́ ce tɔn é jí
4207.7
Via un poste de radio dans les lieux publics/ Gbɔn hladio jí ɖò fí e mɛ lɛ nɔ kplé ɖè lɛ é
3555.0
Via un poste de radio au travail/ Gbɔn hladio jí ɖò azɔ̌mɛ
2544.8
Via une application mobile : Whatsapp/ Gbɔn alokan ɖé jí: Whatsapp/ é dó ɖɔ xóƉò nùxíwómɛ wèmá tɔn jí: Whatsapp
1564.5
Via une application mobile : FM ou application radio/ Gbɔn application mobile jí Ðevo/ Ɖò nùjlajla jí: FM alǒ radio
779.6
Via un poste de radio dans les transports/ Gbɔn hladio jí ɖò mɔ̌to mɛ
647.9
Via une application mobile : Facebook/ Gbɔn alokan Facebook jí:/ Xò nùjlajla jí: Facebook
223.9
Via une application mobile : Autre/ Gbɔn alokan  ɖevo jí
38.5","Via mon téléphone portable, utilisé comme un poste de radio/ Gbɔn alokan ce jí, un nɔ zán ɖi hladio ɖɔhun/
54.1
Via un poste de radio à la maison/ Gbɔn hladio jí ɖò xwégbe
40.5
Via un poste de radio au travail/ Gbɔn hladio jí ɖò azɔ̌mɛ
2.7
Via un poste de radio ou un téléphone portable appartenant à un proche/ Gbɔn hladio jí alǒ alokan e nyí mɛvívɛ́ ce tɔn é jí
2.7","Via mon téléphone portable, utilisé comme un poste de radio/ Gbɔn alokan ce jí, un nɔ zán ɖi hladio ɖɔhun/
17
Via un poste de radio à la maison/ Gbɔn hladio jí ɖò xwégbe
15
Via un poste de radio au travail/ Gbɔn hladio jí ɖò azɔ̌mɛ
1
Via un poste de radio ou un téléphone portable appartenant à un proche/ Gbɔn hladio jí alǒ alokan e nyí mɛvívɛ́ ce tɔn é jí
1","Via mon téléphone portable, utilisé comme un poste de radio/ Gbɔn alokan ce jí, un nɔ zán ɖi hladio ɖɔhun/
292861.2
Via un poste de radio à la maison/ Gbɔn hladio jí ɖò xwégbe
219645.9
Via un poste de radio au travail/ Gbɔn hladio jí ɖò azɔ̌mɛ
14643.1
Via un poste de radio ou un téléphone portable appartenant à un proche/ Gbɔn hladio jí alǒ alokan e nyí mɛvívɛ́ ce tɔn é jí
14643.1","Via un poste de radio à la maison/ Gbɔn hladio jí ɖò xwégbe
62.0
Via mon téléphone portable, utilisé comme un poste de radio/ Gbɔn alokan ce jí, un nɔ zán ɖi hladio ɖɔhun/
24.2
Via un poste de radio ou un téléphone portable appartenant à un proche/ Gbɔn hladio jí alǒ alokan e nyí mɛvívɛ́ ce tɔn é jí
6.6
Via un poste de radio au travail/ Gbɔn hladio jí ɖò azɔ̌mɛ
3.3
Via une application mobile : FM ou application radio/ Gbɔn application mobile jí Ðevo/ Ɖò nùjlajla jí: FM alǒ radio
2.1
Via un poste de radio dans les transports/ Gbɔn hladio jí ɖò mɔ̌to mɛ
0.8
Via un poste de radio dans les lieux publics/ Gbɔn hladio jí ɖò fí e mɛ lɛ nɔ kplé ɖè lɛ é
0.5
Via une application mobile : Whatsapp/ Gbɔn alokan ɖé jí: Whatsapp/ é dó ɖɔ xóƉò nùxíwómɛ wèmá tɔn jí: Whatsapp
0.5","Via un poste de radio à la maison/ Gbɔn hladio jí ɖò xwégbe
91
Via mon téléphone portable, utilisé comme un poste de radio/ Gbɔn alokan ce jí, un nɔ zán ɖi hladio ɖɔhun/
37
Via un poste de radio ou un téléphone portable appartenant à un proche/ Gbɔn hladio jí alǒ alokan e nyí mɛvívɛ́ ce tɔn é jí
12
Via un poste de radio au travail/ Gbɔn hladio jí ɖò azɔ̌mɛ
5
Via une application mobile : FM ou application radio/ Gbɔn application mobile jí Ðevo/ Ɖò nùjlajla jí: FM alǒ radio
3
Via un poste de radio dans les transports/ Gbɔn hladio jí ɖò mɔ̌to mɛ
1
Via un poste de radio dans les lieux publics/ Gbɔn hladio jí ɖò fí e mɛ lɛ nɔ kplé ɖè lɛ é
1
Via une application mobile : Whatsapp/ Gbɔn alokan ɖé jí: Whatsapp/ é dó ɖɔ xóƉò nùxíwómɛ wèmá tɔn jí: Whatsapp
1","Via un poste de radio à la maison/ Gbɔn hladio jí ɖò xwégbe
2489.5
Via mon téléphone portable, utilisé comme un poste de radio/ Gbɔn alokan ce jí, un nɔ zán ɖi hladio ɖɔhun/
972.3
Via un poste de radio ou un téléphone portable appartenant à un proche/ Gbɔn hladio jí alǒ alokan e nyí mɛvívɛ́ ce tɔn é jí
265.3
Via un poste de radio au travail/ Gbɔn hladio jí ɖò azɔ̌mɛ
130.8
Via une application mobile : FM ou application radio/ Gbɔn application mobile jí Ðevo/ Ɖò nùjlajla jí: FM alǒ radio
84.5
Via un poste de radio dans les transports/ Gbɔn hladio jí ɖò mɔ̌to mɛ
30.6
Via un poste de radio dans les lieux publics/ Gbɔn hladio jí ɖò fí e mɛ lɛ nɔ kplé ɖè lɛ é
21.0
Via une application mobile : Whatsapp/ Gbɔn alokan ɖé jí: Whatsapp/ é dó ɖɔ xóƉò nùxíwómɛ wèmá tɔn jí: Whatsapp
21.0"
Favourite Radio Format,"Émission avec appels téléphoniques (le public appelle et des experts répondent à leurs questions)/ Nǔ e è nɔ ylɔ mɛ lɛ é (mɛ e ɖò kplé ɔ tɛnmɛ lɛ é nɔ ylɔ mɛ lɛ bɔ mɛ e tuùn nǔ lɛ é nɔ na xósin nú nǔkanbyɔ yetɔn lɛ)
38.9
Témoignages (des personnes réelles partagent leur vie personnelle)/ Kúnnuɖenú lɛ (mɛ nǔgbo lɛ nɔ má gbɛzán yeɖesunɔ tɔn lɛ)
29.6
Interview (un animateur interviewe un ou plusieurs experts) / Xóɖɔɖókpɔ́ (mɛ e nɔ kpé nukún dó nǔ lɛ wu é ɖé nɔ kàn nǔ byɔ mɛ e tuùn nǔ ganji lɛ é ɖokpo alǒ hú mɔ̌)
17.2
Narration (lorsqu'un ou plusieurs personnages fictifs racontent leur histoire dans un monologue, c'est-à-dire lorsqu'une seule personne parle). Tan kpikpa (hwenu e mɛ e è lin ɖɔ é ɖò tan yetɔn mɛ é ɖokpo alǒ hú mɔ̌ ɖɔ tan yetɔn ɖò xóɖɔɖókpɔ́ mɛɖokponɔ tɔn mɛ é, enɛ wɛ nyí ɖɔ mɛ ɖokpo géé wɛ ɖɔ xó).
7.1
Fiction unitaire (chaque programme est une histoire complète, avec des acteurs incarnant des personnages)/ Xɛxó e è nɔ bló ɖò akpáxwé ɖokpo jí é (tuto ɖokpo ɖokpo nyí tan bǔnɔ ɖé, bɔ nǔjlɛdonǔwutɔ́ lɛ nɔ ɖè mɛ e ɖ’emɛ lɛ é xlɛ́)
3.1
Série fictionnelle (des acteurs jouent les mêmes personnages dans plusieurs épisodes)/ Nǔ e è nɔ xò ɖò nǔjlɛdonǔwu mɛ lɛ é (mɛ e nɔ xò nǔ kpɔ́n lɛ é nɔ xò nǔ ɖokpo ɔ lɛ ɖò xóɖiɖɔ gègě mɛ)
2.1
Je ne sais pas/ Un tuùn ǎ
1.8
Autre : veuillez préciser/ Ɖevo: kɛnklɛn ɖɔ
0.2","Émission avec appels téléphoniques (le public appelle et des experts répondent à leurs questions)/ Nǔ e è nɔ ylɔ mɛ lɛ é (mɛ e ɖò kplé ɔ tɛnmɛ lɛ é nɔ ylɔ mɛ lɛ bɔ mɛ e tuùn nǔ lɛ é nɔ na xósin nú nǔkanbyɔ yetɔn lɛ)
224
Témoignages (des personnes réelles partagent leur vie personnelle)/ Kúnnuɖenú lɛ (mɛ nǔgbo lɛ nɔ má gbɛzán yeɖesunɔ tɔn lɛ)
177
Interview (un animateur interviewe un ou plusieurs experts) / Xóɖɔɖókpɔ́ (mɛ e nɔ kpé nukún dó nǔ lɛ wu é ɖé nɔ kàn nǔ byɔ mɛ e tuùn nǔ ganji lɛ é ɖokpo alǒ hú mɔ̌)
111
Narration (lorsqu'un ou plusieurs personnages fictifs racontent leur histoire dans un monologue, c'est-à-dire lorsqu'une seule personne parle). Tan kpikpa (hwenu e mɛ e è lin ɖɔ é ɖò tan yetɔn mɛ é ɖokpo alǒ hú mɔ̌ ɖɔ tan yetɔn ɖò xóɖɔɖókpɔ́ mɛɖokponɔ tɔn mɛ é, enɛ wɛ nyí ɖɔ mɛ ɖokpo géé wɛ ɖɔ xó).
49
Fiction unitaire (chaque programme est une histoire complète, avec des acteurs incarnant des personnages)/ Xɛxó e è nɔ bló ɖò akpáxwé ɖokpo jí é (tuto ɖokpo ɖokpo nyí tan bǔnɔ ɖé, bɔ nǔjlɛdonǔwutɔ́ lɛ nɔ ɖè mɛ e ɖ’emɛ lɛ é xlɛ́)
28
Série fictionnelle (des acteurs jouent les mêmes personnages dans plusieurs épisodes)/ Nǔ e è nɔ xò ɖò nǔjlɛdonǔwu mɛ lɛ é (mɛ e nɔ xò nǔ kpɔ́n lɛ é nɔ xò nǔ ɖokpo ɔ lɛ ɖò xóɖiɖɔ gègě mɛ)
21
Je ne sais pas/ Un tuùn ǎ
8
Autre : veuillez préciser/ Ɖevo: kɛnklɛn ɖɔ
3","Émission avec appels téléphoniques (le public appelle et des experts répondent à leurs questions)/ Nǔ e è nɔ ylɔ mɛ lɛ é (mɛ e ɖò kplé ɔ tɛnmɛ lɛ é nɔ ylɔ mɛ lɛ bɔ mɛ e tuùn nǔ lɛ é nɔ na xósin nú nǔkanbyɔ yetɔn lɛ)
135296.2
Témoignages (des personnes réelles partagent leur vie personnelle)/ Kúnnuɖenú lɛ (mɛ nǔgbo lɛ nɔ má gbɛzán yeɖesunɔ tɔn lɛ)
102914.6
Interview (un animateur interviewe un ou plusieurs experts) / Xóɖɔɖókpɔ́ (mɛ e nɔ kpé nukún dó nǔ lɛ wu é ɖé nɔ kàn nǔ byɔ mɛ e tuùn nǔ ganji lɛ é ɖokpo alǒ hú mɔ̌)
59765.0
Narration (lorsqu'un ou plusieurs personnages fictifs racontent leur histoire dans un monologue, c'est-à-dire lorsqu'une seule personne parle). Tan kpikpa (hwenu e mɛ e è lin ɖɔ é ɖò tan yetɔn mɛ é ɖokpo alǒ hú mɔ̌ ɖɔ tan yetɔn ɖò xóɖɔɖókpɔ́ mɛɖokponɔ tɔn mɛ é, enɛ wɛ nyí ɖɔ mɛ ɖokpo géé wɛ ɖɔ xó).
24694.8
Fiction unitaire (chaque programme est une histoire complète, avec des acteurs incarnant des personnages)/ Xɛxó e è nɔ bló ɖò akpáxwé ɖokpo jí é (tuto ɖokpo ɖokpo nyí tan bǔnɔ ɖé, bɔ nǔjlɛdonǔwutɔ́ lɛ nɔ ɖè mɛ e ɖ’emɛ lɛ é xlɛ́)
10863.0
Série fictionnelle (des acteurs jouent les mêmes personnages dans plusieurs épisodes)/ Nǔ e è nɔ xò ɖò nǔjlɛdonǔwu mɛ lɛ é (mɛ e nɔ xò nǔ kpɔ́n lɛ é nɔ xò nǔ ɖokpo ɔ lɛ ɖò xóɖiɖɔ gègě mɛ)
7226.1
Je ne sais pas/ Un tuùn ǎ
6432.4
Autre : veuillez préciser/ Ɖevo: kɛnklɛn ɖɔ
724.5","Émission avec appels téléphoniques (le public appelle et des experts répondent à leurs questions)/ Nǔ e è nɔ ylɔ mɛ lɛ é (mɛ e ɖò kplé ɔ tɛnmɛ lɛ é nɔ ylɔ mɛ lɛ bɔ mɛ e tuùn nǔ lɛ é nɔ na xósin nú nǔkanbyɔ yetɔn lɛ)
30.5
Narration (lorsqu'un ou plusieurs personnages fictifs racontent leur histoire dans un monologue, c'est-à-dire lorsqu'une seule personne parle). Tan kpikpa (hwenu e mɛ e è lin ɖɔ é ɖò tan yetɔn mɛ é ɖokpo alǒ hú mɔ̌ ɖɔ tan yetɔn ɖò xóɖɔɖókpɔ́ mɛɖokponɔ tɔn mɛ é, enɛ wɛ nyí ɖɔ mɛ ɖokpo géé wɛ ɖɔ xó).
26.2
Témoignages (des personnes réelles partagent leur vie personnelle)/ Kúnnuɖenú lɛ (mɛ nǔgbo lɛ nɔ má gbɛzán yeɖesunɔ tɔn lɛ)
20.0
Interview (un animateur interviewe un ou plusieurs experts) / Xóɖɔɖókpɔ́ (mɛ e nɔ kpé nukún dó nǔ lɛ wu é ɖé nɔ kàn nǔ byɔ mɛ e tuùn nǔ ganji lɛ é ɖokpo alǒ hú mɔ̌)
16.7
Fiction unitaire (chaque programme est une histoire complète, avec des acteurs incarnant des personnages)/ Xɛxó e è nɔ bló ɖò akpáxwé ɖokpo jí é (tuto ɖokpo ɖokpo nyí tan bǔnɔ ɖé, bɔ nǔjlɛdonǔwutɔ́ lɛ nɔ ɖè mɛ e ɖ’emɛ lɛ é xlɛ́)
3.9
Série fictionnelle (des acteurs jouent les mêmes personnages dans plusieurs épisodes)/ Nǔ e è nɔ xò ɖò nǔjlɛdonǔwu mɛ lɛ é (mɛ e nɔ xò nǔ kpɔ́n lɛ é nɔ xò nǔ ɖokpo ɔ lɛ ɖò xóɖiɖɔ gègě mɛ)
2.2
Autre : veuillez préciser/ Ɖevo: kɛnklɛn ɖɔ
0.5","Émission avec appels téléphoniques (le public appelle et des experts répondent à leurs questions)/ Nǔ e è nɔ ylɔ mɛ lɛ é (mɛ e ɖò kplé ɔ tɛnmɛ lɛ é nɔ ylɔ mɛ lɛ bɔ mɛ e tuùn nǔ lɛ é nɔ na xósin nú nǔkanbyɔ yetɔn lɛ)
112
Narration (lorsqu'un ou plusieurs personnages fictifs racontent leur histoire dans un monologue, c'est-à-dire lorsqu'une seule personne parle). Tan kpikpa (hwenu e mɛ e è lin ɖɔ é ɖò tan yetɔn mɛ é ɖokpo alǒ hú mɔ̌ ɖɔ tan yetɔn ɖò xóɖɔɖókpɔ́ mɛɖokponɔ tɔn mɛ é, enɛ wɛ nyí ɖɔ mɛ ɖokpo géé wɛ ɖɔ xó).
93
Témoignages (des personnes réelles partagent leur vie personnelle)/ Kúnnuɖenú lɛ (mɛ nǔgbo lɛ nɔ má gbɛzán yeɖesunɔ tɔn lɛ)
70
Interview (un animateur interviewe un ou plusieurs experts) / Xóɖɔɖókpɔ́ (mɛ e nɔ kpé nukún dó nǔ lɛ wu é ɖé nɔ kàn nǔ byɔ mɛ e tuùn nǔ ganji lɛ é ɖokpo alǒ hú mɔ̌)
46
Fiction unitaire (chaque programme est une histoire complète, avec des acteurs incarnant des personnages)/ Xɛxó e è nɔ bló ɖò akpáxwé ɖokpo jí é (tuto ɖokpo ɖokpo nyí tan bǔnɔ ɖé, bɔ nǔjlɛdonǔwutɔ́ lɛ nɔ ɖè mɛ e ɖ’emɛ lɛ é xlɛ́)
15
Série fictionnelle (des acteurs jouent les mêmes personnages dans plusieurs épisodes)/ Nǔ e è nɔ xò ɖò nǔjlɛdonǔwu mɛ lɛ é (mɛ e nɔ xò nǔ kpɔ́n lɛ é nɔ xò nǔ ɖokpo ɔ lɛ ɖò xóɖiɖɔ gègě mɛ)
9
Autre : veuillez préciser/ Ɖevo: kɛnklɛn ɖɔ
2","Émission avec appels téléphoniques (le public appelle et des experts répondent à leurs questions)/ Nǔ e è nɔ ylɔ mɛ lɛ é (mɛ e ɖò kplé ɔ tɛnmɛ lɛ é nɔ ylɔ mɛ lɛ bɔ mɛ e tuùn nǔ lɛ é nɔ na xósin nú nǔkanbyɔ yetɔn lɛ)
207987.5
Narration (lorsqu'un ou plusieurs personnages fictifs racontent leur histoire dans un monologue, c'est-à-dire lorsqu'une seule personne parle). Tan kpikpa (hwenu e mɛ e è lin ɖɔ é ɖò tan yetɔn mɛ é ɖokpo alǒ hú mɔ̌ ɖɔ tan yetɔn ɖò xóɖɔɖókpɔ́ mɛɖokponɔ tɔn mɛ é, enɛ wɛ nyí ɖɔ mɛ ɖokpo géé wɛ ɖɔ xó).
178737.4
Témoignages (des personnes réelles partagent leur vie personnelle)/ Kúnnuɖenú lɛ (mɛ nǔgbo lɛ nɔ má gbɛzán yeɖesunɔ tɔn lɛ)
136823.3
Interview (un animateur interviewe un ou plusieurs experts) / Xóɖɔɖókpɔ́ (mɛ e nɔ kpé nukún dó nǔ lɛ wu é ɖé nɔ kàn nǔ byɔ mɛ e tuùn nǔ ganji lɛ é ɖokpo alǒ hú mɔ̌)
113819.5
Fiction unitaire (chaque programme est une histoire complète, avec des acteurs incarnant des personnages)/ Xɛxó e è nɔ bló ɖò akpáxwé ɖokpo jí é (tuto ɖokpo ɖokpo nyí tan bǔnɔ ɖé, bɔ nǔjlɛdonǔwutɔ́ lɛ nɔ ɖè mɛ e ɖ’emɛ lɛ é xlɛ́)
26819.5
Série fictionnelle (des acteurs jouent les mêmes personnages dans plusieurs épisodes)/ Nǔ e è nɔ xò ɖò nǔjlɛdonǔwu mɛ lɛ é (mɛ e nɔ xò nǔ kpɔ́n lɛ é nɔ xò nǔ ɖokpo ɔ lɛ ɖò xóɖiɖɔ gègě mɛ)
14905.4
Autre : veuillez préciser/ Ɖevo: kɛnklɛn ɖɔ
3508.9","Émission avec appels téléphoniques (le public appelle et des experts répondent à leurs questions)/ Nǔ e è nɔ ylɔ mɛ lɛ é (mɛ e ɖò kplé ɔ tɛnmɛ lɛ é nɔ ylɔ mɛ lɛ bɔ mɛ e tuùn nǔ lɛ é nɔ na xósin nú nǔkanbyɔ yetɔn lɛ)
47.8
Témoignages (des personnes réelles partagent leur vie personnelle)/ Kúnnuɖenú lɛ (mɛ nǔgbo lɛ nɔ má gbɛzán yeɖesunɔ tɔn lɛ)
23.6
Interview (un animateur interviewe un ou plusieurs experts) / Xóɖɔɖókpɔ́ (mɛ e nɔ kpé nukún dó nǔ lɛ wu é ɖé nɔ kàn nǔ byɔ mɛ e tuùn nǔ ganji lɛ é ɖokpo alǒ hú mɔ̌)
22.9
Narration (lorsqu'un ou plusieurs personnages fictifs racontent leur histoire dans un monologue, c'est-à-dire lorsqu'une seule personne parle). Tan kpikpa (hwenu e mɛ e è lin ɖɔ é ɖò tan yetɔn mɛ é ɖokpo alǒ hú mɔ̌ ɖɔ tan yetɔn ɖò xóɖɔɖókpɔ́ mɛɖokponɔ tɔn mɛ é, enɛ wɛ nyí ɖɔ mɛ ɖokpo géé wɛ ɖɔ xó).
4.3
Série fictionnelle (des acteurs jouent les mêmes personnages dans plusieurs épisodes)/ Nǔ e è nɔ xò ɖò nǔjlɛdonǔwu mɛ lɛ é (mɛ e nɔ xò nǔ kpɔ́n lɛ é nɔ xò nǔ ɖokpo ɔ lɛ ɖò xóɖiɖɔ gègě mɛ)
0.9
Fiction unitaire (chaque programme est une histoire complète, avec des acteurs incarnant des personnages)/ Xɛxó e è nɔ bló ɖò akpáxwé ɖokpo jí é (tuto ɖokpo ɖokpo nyí tan bǔnɔ ɖé, bɔ nǔjlɛdonǔwutɔ́ lɛ nɔ ɖè mɛ e ɖ’emɛ lɛ é xlɛ́)
0.4","Émission avec appels téléphoniques (le public appelle et des experts répondent à leurs questions)/ Nǔ e è nɔ ylɔ mɛ lɛ é (mɛ e ɖò kplé ɔ tɛnmɛ lɛ é nɔ ylɔ mɛ lɛ bɔ mɛ e tuùn nǔ lɛ é nɔ na xósin nú nǔkanbyɔ yetɔn lɛ)
75
Témoignages (des personnes réelles partagent leur vie personnelle)/ Kúnnuɖenú lɛ (mɛ nǔgbo lɛ nɔ má gbɛzán yeɖesunɔ tɔn lɛ)
44
Interview (un animateur interviewe un ou plusieurs experts) / Xóɖɔɖókpɔ́ (mɛ e nɔ kpé nukún dó nǔ lɛ wu é ɖé nɔ kàn nǔ byɔ mɛ e tuùn nǔ ganji lɛ é ɖokpo alǒ hú mɔ̌)
40
Narration (lorsqu'un ou plusieurs personnages fictifs racontent leur histoire dans un monologue, c'est-à-dire lorsqu'une seule personne parle). Tan kpikpa (hwenu e mɛ e è lin ɖɔ é ɖò tan yetɔn mɛ é ɖokpo alǒ hú mɔ̌ ɖɔ tan yetɔn ɖò xóɖɔɖókpɔ́ mɛɖokponɔ tɔn mɛ é, enɛ wɛ nyí ɖɔ mɛ ɖokpo géé wɛ ɖɔ xó).
4
Série fictionnelle (des acteurs jouent les mêmes personnages dans plusieurs épisodes)/ Nǔ e è nɔ xò ɖò nǔjlɛdonǔwu mɛ lɛ é (mɛ e nɔ xò nǔ kpɔ́n lɛ é nɔ xò nǔ ɖokpo ɔ lɛ ɖò xóɖiɖɔ gègě mɛ)
2
Fiction unitaire (chaque programme est une histoire complète, avec des acteurs incarnant des personnages)/ Xɛxó e è nɔ bló ɖò akpáxwé ɖokpo jí é (tuto ɖokpo ɖokpo nyí tan bǔnɔ ɖé, bɔ nǔjlɛdonǔwutɔ́ lɛ nɔ ɖè mɛ e ɖ’emɛ lɛ é xlɛ́)
1","Émission avec appels téléphoniques (le public appelle et des experts répondent à leurs questions)/ Nǔ e è nɔ ylɔ mɛ lɛ é (mɛ e ɖò kplé ɔ tɛnmɛ lɛ é nɔ ylɔ mɛ lɛ bɔ mɛ e tuùn nǔ lɛ é nɔ na xósin nú nǔkanbyɔ yetɔn lɛ)
3251.1
Témoignages (des personnes réelles partagent leur vie personnelle)/ Kúnnuɖenú lɛ (mɛ nǔgbo lɛ nɔ má gbɛzán yeɖesunɔ tɔn lɛ)
1604.7
Interview (un animateur interviewe un ou plusieurs experts) / Xóɖɔɖókpɔ́ (mɛ e nɔ kpé nukún dó nǔ lɛ wu é ɖé nɔ kàn nǔ byɔ mɛ e tuùn nǔ ganji lɛ é ɖokpo alǒ hú mɔ̌)
1555.5
Narration (lorsqu'un ou plusieurs personnages fictifs racontent leur histoire dans un monologue, c'est-à-dire lorsqu'une seule personne parle). Tan kpikpa (hwenu e mɛ e è lin ɖɔ é ɖò tan yetɔn mɛ é ɖokpo alǒ hú mɔ̌ ɖɔ tan yetɔn ɖò xóɖɔɖókpɔ́ mɛɖokponɔ tɔn mɛ é, enɛ wɛ nyí ɖɔ mɛ ɖokpo géé wɛ ɖɔ xó).
294.2
Série fictionnelle (des acteurs jouent les mêmes personnages dans plusieurs épisodes)/ Nǔ e è nɔ xò ɖò nǔjlɛdonǔwu mɛ lɛ é (mɛ e nɔ xò nǔ kpɔ́n lɛ é nɔ xò nǔ ɖokpo ɔ lɛ ɖò xóɖiɖɔ gègě mɛ)
64.3
Fiction unitaire (chaque programme est une histoire complète, avec des acteurs incarnant des personnages)/ Xɛxó e è nɔ bló ɖò akpáxwé ɖokpo jí é (tuto ɖokpo ɖokpo nyí tan bǔnɔ ɖé, bɔ nǔjlɛdonǔwutɔ́ lɛ nɔ ɖè mɛ e ɖ’emɛ lɛ é xlɛ́)
26.0","Témoignages (des personnes réelles partagent leur vie personnelle)/ Kúnnuɖenú lɛ (mɛ nǔgbo lɛ nɔ má gbɛzán yeɖesunɔ tɔn lɛ)
36.3
Émission avec appels téléphoniques (le public appelle et des experts répondent à leurs questions)/ Nǔ e è nɔ ylɔ mɛ lɛ é (mɛ e ɖò kplé ɔ tɛnmɛ lɛ é nɔ ylɔ mɛ lɛ bɔ mɛ e tuùn nǔ lɛ é nɔ na xósin nú nǔkanbyɔ yetɔn lɛ)
33.3
Narration (lorsqu'un ou plusieurs personnages fictifs racontent leur histoire dans un monologue, c'est-à-dire lorsqu'une seule personne parle). Tan kpikpa (hwenu e mɛ e è lin ɖɔ é ɖò tan yetɔn mɛ é ɖokpo alǒ hú mɔ̌ ɖɔ tan yetɔn ɖò xóɖɔɖókpɔ́ mɛɖokponɔ tɔn mɛ é, enɛ wɛ nyí ɖɔ mɛ ɖokpo géé wɛ ɖɔ xó).
20.8
Interview (un animateur interviewe un ou plusieurs experts) / Xóɖɔɖókpɔ́ (mɛ e nɔ kpé nukún dó nǔ lɛ wu é ɖé nɔ kàn nǔ byɔ mɛ e tuùn nǔ ganji lɛ é ɖokpo alǒ hú mɔ̌)
7.3
Série fictionnelle (des acteurs jouent les mêmes personnages dans plusieurs épisodes)/ Nǔ e è nɔ xò ɖò nǔjlɛdonǔwu mɛ lɛ é (mɛ e nɔ xò nǔ kpɔ́n lɛ é nɔ xò nǔ ɖokpo ɔ lɛ ɖò xóɖiɖɔ gègě mɛ)
1.1
Fiction unitaire (chaque programme est une histoire complète, avec des acteurs incarnant des personnages)/ Xɛxó e è nɔ bló ɖò akpáxwé ɖokpo jí é (tuto ɖokpo ɖokpo nyí tan bǔnɔ ɖé, bɔ nǔjlɛdonǔwutɔ́ lɛ nɔ ɖè mɛ e ɖ’emɛ lɛ é xlɛ́)
1.1","Témoignages (des personnes réelles partagent leur vie personnelle)/ Kúnnuɖenú lɛ (mɛ nǔgbo lɛ nɔ má gbɛzán yeɖesunɔ tɔn lɛ)
42
Émission avec appels téléphoniques (le public appelle et des experts répondent à leurs questions)/ Nǔ e è nɔ ylɔ mɛ lɛ é (mɛ e ɖò kplé ɔ tɛnmɛ lɛ é nɔ ylɔ mɛ lɛ bɔ mɛ e tuùn nǔ lɛ é nɔ na xósin nú nǔkanbyɔ yetɔn lɛ)
40
Narration (lorsqu'un ou plusieurs personnages fictifs racontent leur histoire dans un monologue, c'est-à-dire lorsqu'une seule personne parle). Tan kpikpa (hwenu e mɛ e è lin ɖɔ é ɖò tan yetɔn mɛ é ɖokpo alǒ hú mɔ̌ ɖɔ tan yetɔn ɖò xóɖɔɖókpɔ́ mɛɖokponɔ tɔn mɛ é, enɛ wɛ nyí ɖɔ mɛ ɖokpo géé wɛ ɖɔ xó).
28
Interview (un animateur interviewe un ou plusieurs experts) / Xóɖɔɖókpɔ́ (mɛ e nɔ kpé nukún dó nǔ lɛ wu é ɖé nɔ kàn nǔ byɔ mɛ e tuùn nǔ ganji lɛ é ɖokpo alǒ hú mɔ̌)
16
Série fictionnelle (des acteurs jouent les mêmes personnages dans plusieurs épisodes)/ Nǔ e è nɔ xò ɖò nǔjlɛdonǔwu mɛ lɛ é (mɛ e nɔ xò nǔ kpɔ́n lɛ é nɔ xò nǔ ɖokpo ɔ lɛ ɖò xóɖiɖɔ gègě mɛ)
2
Fiction unitaire (chaque programme est une histoire complète, avec des acteurs incarnant des personnages)/ Xɛxó e è nɔ bló ɖò akpáxwé ɖokpo jí é (tuto ɖokpo ɖokpo nyí tan bǔnɔ ɖé, bɔ nǔjlɛdonǔwutɔ́ lɛ nɔ ɖè mɛ e ɖ’emɛ lɛ é xlɛ́)
3","Témoignages (des personnes réelles partagent leur vie personnelle)/ Kúnnuɖenú lɛ (mɛ nǔgbo lɛ nɔ má gbɛzán yeɖesunɔ tɔn lɛ)
160845.6
Émission avec appels téléphoniques (le public appelle et des experts répondent à leurs questions)/ Nǔ e è nɔ ylɔ mɛ lɛ é (mɛ e ɖò kplé ɔ tɛnmɛ lɛ é nɔ ylɔ mɛ lɛ bɔ mɛ e tuùn nǔ lɛ é nɔ na xósin nú nǔkanbyɔ yetɔn lɛ)
147510.7
Narration (lorsqu'un ou plusieurs personnages fictifs racontent leur histoire dans un monologue, c'est-à-dire lorsqu'une seule personne parle). Tan kpikpa (hwenu e mɛ e è lin ɖɔ é ɖò tan yetɔn mɛ é ɖokpo alǒ hú mɔ̌ ɖɔ tan yetɔn ɖò xóɖɔɖókpɔ́ mɛɖokponɔ tɔn mɛ é, enɛ wɛ nyí ɖɔ mɛ ɖokpo géé wɛ ɖɔ xó).
92067.0
Interview (un animateur interviewe un ou plusieurs experts) / Xóɖɔɖókpɔ́ (mɛ e nɔ kpé nukún dó nǔ lɛ wu é ɖé nɔ kàn nǔ byɔ mɛ e tuùn nǔ ganji lɛ é ɖokpo alǒ hú mɔ̌)
32424.0
Série fictionnelle (des acteurs jouent les mêmes personnages dans plusieurs épisodes)/ Nǔ e è nɔ xò ɖò nǔjlɛdonǔwu mɛ lɛ é (mɛ e nɔ xò nǔ kpɔ́n lɛ é nɔ xò nǔ ɖokpo ɔ lɛ ɖò xóɖiɖɔ gègě mɛ)
4947.9
Fiction unitaire (chaque programme est une histoire complète, avec des acteurs incarnant des personnages)/ Xɛxó e è nɔ bló ɖò akpáxwé ɖokpo jí é (tuto ɖokpo ɖokpo nyí tan bǔnɔ ɖé, bɔ nǔjlɛdonǔwutɔ́ lɛ nɔ ɖè mɛ e ɖ’emɛ lɛ é xlɛ́)
4702.2","Émission avec appels téléphoniques (le public appelle et des experts répondent à leurs questions)/ Nǔ e è nɔ ylɔ mɛ lɛ é (mɛ e ɖò kplé ɔ tɛnmɛ lɛ é nɔ ylɔ mɛ lɛ bɔ mɛ e tuùn nǔ lɛ é nɔ na xósin nú nǔkanbyɔ yetɔn lɛ)
30.1
Témoignages (des personnes réelles partagent leur vie personnelle)/ Kúnnuɖenú lɛ (mɛ nǔgbo lɛ nɔ má gbɛzán yeɖesunɔ tɔn lɛ)
25.9
Interview (un animateur interviewe un ou plusieurs experts) / Xóɖɔɖókpɔ́ (mɛ e nɔ kpé nukún dó nǔ lɛ wu é ɖé nɔ kàn nǔ byɔ mɛ e tuùn nǔ ganji lɛ é ɖokpo alǒ hú mɔ̌)
24.3
Narration (lorsqu'un ou plusieurs personnages fictifs racontent leur histoire dans un monologue, c'est-à-dire lorsqu'une seule personne parle). Tan kpikpa (hwenu e mɛ e è lin ɖɔ é ɖò tan yetɔn mɛ é ɖokpo alǒ hú mɔ̌ ɖɔ tan yetɔn ɖò xóɖɔɖókpɔ́ mɛɖokponɔ tɔn mɛ é, enɛ wɛ nyí ɖɔ mɛ ɖokpo géé wɛ ɖɔ xó).
7.9
Série fictionnelle (des acteurs jouent les mêmes personnages dans plusieurs épisodes)/ Nǔ e è nɔ xò ɖò nǔjlɛdonǔwu mɛ lɛ é (mɛ e nɔ xò nǔ kpɔ́n lɛ é nɔ xò nǔ ɖokpo ɔ lɛ ɖò xóɖiɖɔ gègě mɛ)
5.1
Autre : veuillez préciser/ Ɖevo: kɛnklɛn ɖɔ
3.9
Fiction unitaire (chaque programme est une histoire complète, avec des acteurs incarnant des personnages)/ Xɛxó e è nɔ bló ɖò akpáxwé ɖokpo jí é (tuto ɖokpo ɖokpo nyí tan bǔnɔ ɖé, bɔ nǔjlɛdonǔwutɔ́ lɛ nɔ ɖè mɛ e ɖ’emɛ lɛ é xlɛ́)
2.8","Émission avec appels téléphoniques (le public appelle et des experts répondent à leurs questions)/ Nǔ e è nɔ ylɔ mɛ lɛ é (mɛ e ɖò kplé ɔ tɛnmɛ lɛ é nɔ ylɔ mɛ lɛ bɔ mɛ e tuùn nǔ lɛ é nɔ na xósin nú nǔkanbyɔ yetɔn lɛ)
94
Témoignages (des personnes réelles partagent leur vie personnelle)/ Kúnnuɖenú lɛ (mɛ nǔgbo lɛ nɔ má gbɛzán yeɖesunɔ tɔn lɛ)
69
Interview (un animateur interviewe un ou plusieurs experts) / Xóɖɔɖókpɔ́ (mɛ e nɔ kpé nukún dó nǔ lɛ wu é ɖé nɔ kàn nǔ byɔ mɛ e tuùn nǔ ganji lɛ é ɖokpo alǒ hú mɔ̌)
65
Narration (lorsqu'un ou plusieurs personnages fictifs racontent leur histoire dans un monologue, c'est-à-dire lorsqu'une seule personne parle). Tan kpikpa (hwenu e mɛ e è lin ɖɔ é ɖò tan yetɔn mɛ é ɖokpo alǒ hú mɔ̌ ɖɔ tan yetɔn ɖò xóɖɔɖókpɔ́ mɛɖokponɔ tɔn mɛ é, enɛ wɛ nyí ɖɔ mɛ ɖokpo géé wɛ ɖɔ xó).
26
Série fictionnelle (des acteurs jouent les mêmes personnages dans plusieurs épisodes)/ Nǔ e è nɔ xò ɖò nǔjlɛdonǔwu mɛ lɛ é (mɛ e nɔ xò nǔ kpɔ́n lɛ é nɔ xò nǔ ɖokpo ɔ lɛ ɖò xóɖiɖɔ gègě mɛ)
16
Autre : veuillez préciser/ Ɖevo: kɛnklɛn ɖɔ
10
Fiction unitaire (chaque programme est une histoire complète, avec des acteurs incarnant des personnages)/ Xɛxó e è nɔ bló ɖò akpáxwé ɖokpo jí é (tuto ɖokpo ɖokpo nyí tan bǔnɔ ɖé, bɔ nǔjlɛdonǔwutɔ́ lɛ nɔ ɖè mɛ e ɖ’emɛ lɛ é xlɛ́)
14","Émission avec appels téléphoniques (le public appelle et des experts répondent à leurs questions)/ Nǔ e è nɔ ylɔ mɛ lɛ é (mɛ e ɖò kplé ɔ tɛnmɛ lɛ é nɔ ylɔ mɛ lɛ bɔ mɛ e tuùn nǔ lɛ é nɔ na xósin nú nǔkanbyɔ yetɔn lɛ)
14107.7
Témoignages (des personnes réelles partagent leur vie personnelle)/ Kúnnuɖenú lɛ (mɛ nǔgbo lɛ nɔ má gbɛzán yeɖesunɔ tɔn lɛ)
12168.5
Interview (un animateur interviewe un ou plusieurs experts) / Xóɖɔɖókpɔ́ (mɛ e nɔ kpé nukún dó nǔ lɛ wu é ɖé nɔ kàn nǔ byɔ mɛ e tuùn nǔ ganji lɛ é ɖokpo alǒ hú mɔ̌)
11425.4
Narration (lorsqu'un ou plusieurs personnages fictifs racontent leur histoire dans un monologue, c'est-à-dire lorsqu'une seule personne parle). Tan kpikpa (hwenu e mɛ e è lin ɖɔ é ɖò tan yetɔn mɛ é ɖokpo alǒ hú mɔ̌ ɖɔ tan yetɔn ɖò xóɖɔɖókpɔ́ mɛɖokponɔ tɔn mɛ é, enɛ wɛ nyí ɖɔ mɛ ɖokpo géé wɛ ɖɔ xó).
3696.4
Série fictionnelle (des acteurs jouent les mêmes personnages dans plusieurs épisodes)/ Nǔ e è nɔ xò ɖò nǔjlɛdonǔwu mɛ lɛ é (mɛ e nɔ xò nǔ kpɔ́n lɛ é nɔ xò nǔ ɖokpo ɔ lɛ ɖò xóɖiɖɔ gègě mɛ)
2379.6
Autre : veuillez préciser/ Ɖevo: kɛnklɛn ɖɔ
1840.0
Fiction unitaire (chaque programme est une histoire complète, avec des acteurs incarnant des personnages)/ Xɛxó e è nɔ bló ɖò akpáxwé ɖokpo jí é (tuto ɖokpo ɖokpo nyí tan bǔnɔ ɖé, bɔ nǔjlɛdonǔwutɔ́ lɛ nɔ ɖè mɛ e ɖ’emɛ lɛ é xlɛ́)
1326.3","Émission avec appels téléphoniques (le public appelle et des experts répondent à leurs questions)/ Nǔ e è nɔ ylɔ mɛ lɛ é (mɛ e ɖò kplé ɔ tɛnmɛ lɛ é nɔ ylɔ mɛ lɛ bɔ mɛ e tuùn nǔ lɛ é nɔ na xósin nú nǔkanbyɔ yetɔn lɛ)
46.6
Témoignages (des personnes réelles partagent leur vie personnelle)/ Kúnnuɖenú lɛ (mɛ nǔgbo lɛ nɔ má gbɛzán yeɖesunɔ tɔn lɛ)
25.9
Interview (un animateur interviewe un ou plusieurs experts) / Xóɖɔɖókpɔ́ (mɛ e nɔ kpé nukún dó nǔ lɛ wu é ɖé nɔ kàn nǔ byɔ mɛ e tuùn nǔ ganji lɛ é ɖokpo alǒ hú mɔ̌)
24.1
Narration (lorsqu'un ou plusieurs personnages fictifs racontent leur histoire dans un monologue, c'est-à-dire lorsqu'une seule personne parle). Tan kpikpa (hwenu e mɛ e è lin ɖɔ é ɖò tan yetɔn mɛ é ɖokpo alǒ hú mɔ̌ ɖɔ tan yetɔn ɖò xóɖɔɖókpɔ́ mɛɖokponɔ tɔn mɛ é, enɛ wɛ nyí ɖɔ mɛ ɖokpo géé wɛ ɖɔ xó).
3.4","Émission avec appels téléphoniques (le public appelle et des experts répondent à leurs questions)/ Nǔ e è nɔ ylɔ mɛ lɛ é (mɛ e ɖò kplé ɔ tɛnmɛ lɛ é nɔ ylɔ mɛ lɛ bɔ mɛ e tuùn nǔ lɛ é nɔ na xósin nú nǔkanbyɔ yetɔn lɛ)
24
Témoignages (des personnes réelles partagent leur vie personnelle)/ Kúnnuɖenú lɛ (mɛ nǔgbo lɛ nɔ má gbɛzán yeɖesunɔ tɔn lɛ)
15
Interview (un animateur interviewe un ou plusieurs experts) / Xóɖɔɖókpɔ́ (mɛ e nɔ kpé nukún dó nǔ lɛ wu é ɖé nɔ kàn nǔ byɔ mɛ e tuùn nǔ ganji lɛ é ɖokpo alǒ hú mɔ̌)
14
Narration (lorsqu'un ou plusieurs personnages fictifs racontent leur histoire dans un monologue, c'est-à-dire lorsqu'une seule personne parle). Tan kpikpa (hwenu e mɛ e è lin ɖɔ é ɖò tan yetɔn mɛ é ɖokpo alǒ hú mɔ̌ ɖɔ tan yetɔn ɖò xóɖɔɖókpɔ́ mɛɖokponɔ tɔn mɛ é, enɛ wɛ nyí ɖɔ mɛ ɖokpo géé wɛ ɖɔ xó).
2","Émission avec appels téléphoniques (le public appelle et des experts répondent à leurs questions)/ Nǔ e è nɔ ylɔ mɛ lɛ é (mɛ e ɖò kplé ɔ tɛnmɛ lɛ é nɔ ylɔ mɛ lɛ bɔ mɛ e tuùn nǔ lɛ é nɔ na xósin nú nǔkanbyɔ yetɔn lɛ)
395362.6
Témoignages (des personnes réelles partagent leur vie personnelle)/ Kúnnuɖenú lɛ (mɛ nǔgbo lɛ nɔ má gbɛzán yeɖesunɔ tɔn lɛ)
219645.9
Interview (un animateur interviewe un ou plusieurs experts) / Xóɖɔɖókpɔ́ (mɛ e nɔ kpé nukún dó nǔ lɛ wu é ɖé nɔ kàn nǔ byɔ mɛ e tuùn nǔ ganji lɛ é ɖokpo alǒ hú mɔ̌)
205002.8
Narration (lorsqu'un ou plusieurs personnages fictifs racontent leur histoire dans un monologue, c'est-à-dire lorsqu'une seule personne parle). Tan kpikpa (hwenu e mɛ e è lin ɖɔ é ɖò tan yetɔn mɛ é ɖokpo alǒ hú mɔ̌ ɖɔ tan yetɔn ɖò xóɖɔɖókpɔ́ mɛɖokponɔ tɔn mɛ é, enɛ wɛ nyí ɖɔ mɛ ɖokpo géé wɛ ɖɔ xó).
29286.1","Émission avec appels téléphoniques (le public appelle et des experts répondent à leurs questions)/ Nǔ e è nɔ ylɔ mɛ lɛ é (mɛ e ɖò kplé ɔ tɛnmɛ lɛ é nɔ ylɔ mɛ lɛ bɔ mɛ e tuùn nǔ lɛ é nɔ na xósin nú nǔkanbyɔ yetɔn lɛ)
42.1
Témoignages (des personnes réelles partagent leur vie personnelle)/ Kúnnuɖenú lɛ (mɛ nǔgbo lɛ nɔ má gbɛzán yeɖesunɔ tɔn lɛ)
29.5
Interview (un animateur interviewe un ou plusieurs experts) / Xóɖɔɖókpɔ́ (mɛ e nɔ kpé nukún dó nǔ lɛ wu é ɖé nɔ kàn nǔ byɔ mɛ e tuùn nǔ ganji lɛ é ɖokpo alǒ hú mɔ̌)
23.0
Narration (lorsqu'un ou plusieurs personnages fictifs racontent leur histoire dans un monologue, c'est-à-dire lorsqu'une seule personne parle). Tan kpikpa (hwenu e mɛ e è lin ɖɔ é ɖò tan yetɔn mɛ é ɖokpo alǒ hú mɔ̌ ɖɔ tan yetɔn ɖò xóɖɔɖókpɔ́ mɛɖokponɔ tɔn mɛ é, enɛ wɛ nyí ɖɔ mɛ ɖokpo géé wɛ ɖɔ xó).
4.1
Série fictionnelle (des acteurs jouent les mêmes personnages dans plusieurs épisodes)/ Nǔ e è nɔ xò ɖò nǔjlɛdonǔwu mɛ lɛ é (mɛ e nɔ xò nǔ kpɔ́n lɛ é nɔ xò nǔ ɖokpo ɔ lɛ ɖò xóɖiɖɔ gègě mɛ)
1.3","Émission avec appels téléphoniques (le public appelle et des experts répondent à leurs questions)/ Nǔ e è nɔ ylɔ mɛ lɛ é (mɛ e ɖò kplé ɔ tɛnmɛ lɛ é nɔ ylɔ mɛ lɛ bɔ mɛ e tuùn nǔ lɛ é nɔ na xósin nú nǔkanbyɔ yetɔn lɛ)
109
Témoignages (des personnes réelles partagent leur vie personnelle)/ Kúnnuɖenú lɛ (mɛ nǔgbo lɛ nɔ má gbɛzán yeɖesunɔ tɔn lɛ)
74
Interview (un animateur interviewe un ou plusieurs experts) / Xóɖɔɖókpɔ́ (mɛ e nɔ kpé nukún dó nǔ lɛ wu é ɖé nɔ kàn nǔ byɔ mɛ e tuùn nǔ ganji lɛ é ɖokpo alǒ hú mɔ̌)
64
Narration (lorsqu'un ou plusieurs personnages fictifs racontent leur histoire dans un monologue, c'est-à-dire lorsqu'une seule personne parle). Tan kpikpa (hwenu e mɛ e è lin ɖɔ é ɖò tan yetɔn mɛ é ɖokpo alǒ hú mɔ̌ ɖɔ tan yetɔn ɖò xóɖɔɖókpɔ́ mɛɖokponɔ tɔn mɛ é, enɛ wɛ nyí ɖɔ mɛ ɖokpo géé wɛ ɖɔ xó).
8
Série fictionnelle (des acteurs jouent les mêmes personnages dans plusieurs épisodes)/ Nǔ e è nɔ xò ɖò nǔjlɛdonǔwu mɛ lɛ é (mɛ e nɔ xò nǔ kpɔ́n lɛ é nɔ xò nǔ ɖokpo ɔ lɛ ɖò xóɖiɖɔ gègě mɛ)
4","Émission avec appels téléphoniques (le public appelle et des experts répondent à leurs questions)/ Nǔ e è nɔ ylɔ mɛ lɛ é (mɛ e ɖò kplé ɔ tɛnmɛ lɛ é nɔ ylɔ mɛ lɛ bɔ mɛ e tuùn nǔ lɛ é nɔ na xósin nú nǔkanbyɔ yetɔn lɛ)
2897.2
Témoignages (des personnes réelles partagent leur vie personnelle)/ Kúnnuɖenú lɛ (mɛ nǔgbo lɛ nɔ má gbɛzán yeɖesunɔ tɔn lɛ)
2026.3
Interview (un animateur interviewe un ou plusieurs experts) / Xóɖɔɖókpɔ́ (mɛ e nɔ kpé nukún dó nǔ lɛ wu é ɖé nɔ kàn nǔ byɔ mɛ e tuùn nǔ ganji lɛ é ɖokpo alǒ hú mɔ̌)
1585.1
Narration (lorsqu'un ou plusieurs personnages fictifs racontent leur histoire dans un monologue, c'est-à-dire lorsqu'une seule personne parle). Tan kpikpa (hwenu e mɛ e è lin ɖɔ é ɖò tan yetɔn mɛ é ɖokpo alǒ hú mɔ̌ ɖɔ tan yetɔn ɖò xóɖɔɖókpɔ́ mɛɖokponɔ tɔn mɛ é, enɛ wɛ nyí ɖɔ mɛ ɖokpo géé wɛ ɖɔ xó).
283.4
Série fictionnelle (des acteurs jouent les mêmes personnages dans plusieurs épisodes)/ Nǔ e è nɔ xò ɖò nǔjlɛdonǔwu mɛ lɛ é (mɛ e nɔ xò nǔ kpɔ́n lɛ é nɔ xò nǔ ɖokpo ɔ lɛ ɖò xóɖiɖɔ gègě mɛ)
88.4"
Radio Ad Saturation,"Après l'avoir entendue 3 à 5 fois/ Un se azɔn atɔɔn jɛ atɔɔn gudo
42.1
Cela ne me dérange pas, peu importe le nombre de fois que je l'entends/ Un na bo se azɔn nabi ɔ, e nɔ doya nu mi a
31.3
Après l'avoir entendue 1 à 2 fois/ Un se azɔn ɖokpo jɛ we gudo
12.6
Après l'avoir entendue 6 à 10 fois/ Un se azɔn ayizɛn jɛ wo gudo
10.0
Je préfère ne pas répondre/ Un nɔ yí wǎn nú xósin ǎ
1.9
Je ne sais pas/ Un tuùn ǎ
1.5
Après l'avoir entendue plus de 10 fois/ Un se hu azɔn wo gudo ɔ
0.6","Après l'avoir entendue 3 à 5 fois/ Un se azɔn atɔɔn jɛ atɔɔn gudo
130
Cela ne me dérange pas, peu importe le nombre de fois que je l'entends/ Un na bo se azɔn nabi ɔ, e nɔ doya nu mi a
79
Après l'avoir entendue 1 à 2 fois/ Un se azɔn ɖokpo jɛ we gudo
53
Après l'avoir entendue 6 à 10 fois/ Un se azɔn ayizɛn jɛ wo gudo
14
Je préfère ne pas répondre/ Un nɔ yí wǎn nú xósin ǎ
2
Je ne sais pas/ Un tuùn ǎ
2
Après l'avoir entendue plus de 10 fois/ Un se hu azɔn wo gudo ɔ
2","Après l'avoir entendue 3 à 5 fois/ Un se azɔn atɔɔn jɛ atɔɔn gudo
69760.4
Cela ne me dérange pas, peu importe le nombre de fois que je l'entends/ Un na bo se azɔn nabi ɔ, e nɔ doya nu mi a
51979.9
Après l'avoir entendue 1 à 2 fois/ Un se azɔn ɖokpo jɛ we gudo
20901.8
Après l'avoir entendue 6 à 10 fois/ Un se azɔn ayizɛn jɛ wo gudo
16578.7
Je préfère ne pas répondre/ Un nɔ yí wǎn nú xósin ǎ
3222.3
Je ne sais pas/ Un tuùn ǎ
2523.3
Après l'avoir entendue plus de 10 fois/ Un se hu azɔn wo gudo ɔ
912.4","Cela ne me dérange pas, peu importe le nombre de fois que je l'entends/ Un na bo se azɔn nabi ɔ, e nɔ doya nu mi a
84.0
Après l'avoir entendue 1 à 2 fois/ Un se azɔn ɖokpo jɛ we gudo
9.9
Après l'avoir entendue 3 à 5 fois/ Un se azɔn atɔɔn jɛ atɔɔn gudo
5.6
Après l'avoir entendue 6 à 10 fois/ Un se azɔn ayizɛn jɛ wo gudo
0.5","Cela ne me dérange pas, peu importe le nombre de fois que je l'entends/ Un na bo se azɔn nabi ɔ, e nɔ doya nu mi a
127
Après l'avoir entendue 1 à 2 fois/ Un se azɔn ɖokpo jɛ we gudo
19
Après l'avoir entendue 3 à 5 fois/ Un se azɔn atɔɔn jɛ atɔɔn gudo
12
Après l'avoir entendue 6 à 10 fois/ Un se azɔn ayizɛn jɛ wo gudo
1","Cela ne me dérange pas, peu importe le nombre de fois que je l'entends/ Un na bo se azɔn nabi ɔ, e nɔ doya nu mi a
276652.9
Après l'avoir entendue 1 à 2 fois/ Un se azɔn ɖokpo jɛ we gudo
32450.5
Après l'avoir entendue 3 à 5 fois/ Un se azɔn atɔɔn jɛ atɔɔn gudo
18571.2
Après l'avoir entendue 6 à 10 fois/ Un se azɔn ayizɛn jɛ wo gudo
1698.8","Cela ne me dérange pas, peu importe le nombre de fois que je l'entends/ Un na bo se azɔn nabi ɔ, e nɔ doya nu mi a
85.8
Après l'avoir entendue 1 à 2 fois/ Un se azɔn ɖokpo jɛ we gudo
7.7
Après l'avoir entendue 3 à 5 fois/ Un se azɔn atɔɔn jɛ atɔɔn gudo
6.4","Cela ne me dérange pas, peu importe le nombre de fois que je l'entends/ Un na bo se azɔn nabi ɔ, e nɔ doya nu mi a
62
Après l'avoir entendue 1 à 2 fois/ Un se azɔn ɖokpo jɛ we gudo
7
Après l'avoir entendue 3 à 5 fois/ Un se azɔn atɔɔn jɛ atɔɔn gudo
6","Cela ne me dérange pas, peu importe le nombre de fois que je l'entends/ Un na bo se azɔn nabi ɔ, e nɔ doya nu mi a
2790.6
Après l'avoir entendue 1 à 2 fois/ Un se azɔn ɖokpo jɛ we gudo
251.6
Après l'avoir entendue 3 à 5 fois/ Un se azɔn atɔɔn jɛ atɔɔn gudo
208.9","Cela ne me dérange pas, peu importe le nombre de fois que je l'entends/ Un na bo se azɔn nabi ɔ, e nɔ doya nu mi a
88.2
Après l'avoir entendue 1 à 2 fois/ Un se azɔn ɖokpo jɛ we gudo
9.4
Je ne sais pas/ Un tuùn ǎ
2.4","Cela ne me dérange pas, peu importe le nombre de fois que je l'entends/ Un na bo se azɔn nabi ɔ, e nɔ doya nu mi a
36
Après l'avoir entendue 1 à 2 fois/ Un se azɔn ɖokpo jɛ we gudo
11
Je ne sais pas/ Un tuùn ǎ
3","Cela ne me dérange pas, peu importe le nombre de fois que je l'entends/ Un na bo se azɔn nabi ɔ, e nɔ doya nu mi a
164565.2
Après l'avoir entendue 1 à 2 fois/ Un se azɔn ɖokpo jɛ we gudo
17568.9
Je ne sais pas/ Un tuùn ǎ
4456.5","Après l'avoir entendue 3 à 5 fois/ Un se azɔn atɔɔn jɛ atɔɔn gudo
37.4
Cela ne me dérange pas, peu importe le nombre de fois que je l'entends/ Un na bo se azɔn nabi ɔ, e nɔ doya nu mi a
32.4
Après l'avoir entendue 1 à 2 fois/ Un se azɔn ɖokpo jɛ we gudo
26.6
Je préfère ne pas répondre/ Un nɔ yí wǎn nú xósin ǎ
2.6
Après l'avoir entendue 6 à 10 fois/ Un se azɔn ayizɛn jɛ wo gudo
1.0","Après l'avoir entendue 3 à 5 fois/ Un se azɔn atɔɔn jɛ atɔɔn gudo
43
Cela ne me dérange pas, peu importe le nombre de fois que je l'entends/ Un na bo se azɔn nabi ɔ, e nɔ doya nu mi a
37
Après l'avoir entendue 1 à 2 fois/ Un se azɔn ɖokpo jɛ we gudo
40
Je préfère ne pas répondre/ Un nɔ yí wǎn nú xósin ǎ
3
Après l'avoir entendue 6 à 10 fois/ Un se azɔn ayizɛn jɛ wo gudo
4","Après l'avoir entendue 3 à 5 fois/ Un se azɔn atɔɔn jɛ atɔɔn gudo
7296.6
Cela ne me dérange pas, peu importe le nombre de fois que je l'entends/ Un na bo se azɔn nabi ɔ, e nɔ doya nu mi a
6312.7
Après l'avoir entendue 1 à 2 fois/ Un se azɔn ɖokpo jɛ we gudo
5190.5
Je préfère ne pas répondre/ Un nɔ yí wǎn nú xósin ǎ
508.7
Après l'avoir entendue 6 à 10 fois/ Un se azɔn ayizɛn jɛ wo gudo
188.4","Cela ne me dérange pas, peu importe le nombre de fois que je l'entends/ Un na bo se azɔn nabi ɔ, e nɔ doya nu mi a
96.3
Après l'avoir entendue 3 à 5 fois/ Un se azɔn atɔɔn jɛ atɔɔn gudo
3.7","Cela ne me dérange pas, peu importe le nombre de fois que je l'entends/ Un na bo se azɔn nabi ɔ, e nɔ doya nu mi a
23
Après l'avoir entendue 3 à 5 fois/ Un se azɔn atɔɔn jɛ atɔɔn gudo
1","Cela ne me dérange pas, peu importe le nombre de fois que je l'entends/ Un na bo se azɔn nabi ɔ, e nɔ doya nu mi a
380719.5
Après l'avoir entendue 3 à 5 fois/ Un se azɔn atɔɔn jɛ atɔɔn gudo
14643.1","Cela ne me dérange pas, peu importe le nombre de fois que je l'entends/ Un na bo se azɔn nabi ɔ, e nɔ doya nu mi a
86.9
Après l'avoir entendue 3 à 5 fois/ Un se azɔn atɔɔn jɛ atɔɔn gudo
6.6
Après l'avoir entendue 1 à 2 fois/ Un se azɔn ɖokpo jɛ we gudo
5.8
Après l'avoir entendue plus de 10 fois/ Un se hu azɔn wo gudo ɔ
0.6","Cela ne me dérange pas, peu importe le nombre de fois que je l'entends/ Un na bo se azɔn nabi ɔ, e nɔ doya nu mi a
95
Après l'avoir entendue 3 à 5 fois/ Un se azɔn atɔɔn jɛ atɔɔn gudo
8
Après l'avoir entendue 1 à 2 fois/ Un se azɔn ɖokpo jɛ we gudo
6
Après l'avoir entendue plus de 10 fois/ Un se hu azɔn wo gudo ɔ
1","Cela ne me dérange pas, peu importe le nombre de fois que je l'entends/ Un na bo se azɔn nabi ɔ, e nɔ doya nu mi a
2538.2
Après l'avoir entendue 3 à 5 fois/ Un se azɔn atɔɔn jɛ atɔɔn gudo
193.5
Après l'avoir entendue 1 à 2 fois/ Un se azɔn ɖokpo jɛ we gudo
170.3
Après l'avoir entendue plus de 10 fois/ Un se hu azɔn wo gudo ɔ
18.4"
Radio Language,"Fon/ Fongbe
46.2
Français/ Flanségbe
22.7
Ayizo/Ayizo gbè
12.5
Autre : veuillez préciser/ Ðevo: kɛnklɛn bo ɖɔ
5.9
Goun/ Gun gbè
3.9
Adja/ Adja gbè
3.4
Yoruba/ Yoruba gbè
1.8
Anglais/ Glɛnsigbe
1.5
Ditamari/ Ditamari gbè
0.6
Bariba/Baliba gbè
0.5
Dendi/Dendi gbè
0.5
Nago/ Nago gbè
0.4","Fon/ Fongbe
277
Français/ Flanségbe
107
Ayizo/Ayizo gbè
82
Autre : veuillez préciser/ Ðevo: kɛnklɛn bo ɖɔ
29
Goun/ Gun gbè
22
Adja/ Adja gbè
26
Yoruba/ Yoruba gbè
10
Anglais/ Glɛnsigbe
8
Ditamari/ Ditamari gbè
1
Bariba/Baliba gbè
2
Dendi/Dendi gbè
2
Nago/ Nago gbè
1","Fon/ Fongbe
164184.5
Français/ Flanségbe
80663.7
Ayizo/Ayizo gbè
44408.5
Autre : veuillez préciser/ Ðevo: kɛnklɛn bo ɖɔ
20811.7
Goun/ Gun gbè
13834.9
Adja/ Adja gbè
12221.6
Yoruba/ Yoruba gbè
6529.0
Anglais/ Glɛnsigbe
5414.7
Ditamari/ Ditamari gbè
2266.1
Bariba/Baliba gbè
1822.0
Dendi/Dendi gbè
1651.3
Nago/ Nago gbè
1390.2","Bariba/Baliba gbè
71.3
Français/ Flanségbe
14.4
Nago/ Nago gbè
8.8
Autre : veuillez préciser/ Ðevo: kɛnklɛn bo ɖɔ
2.9
Yoruba/ Yoruba gbè
1.1
Dendi/Dendi gbè
0.8
Ditamari/ Ditamari gbè
0.2
Fulfulde/Fulfulde gbè
0.2
Yom/ Yom gbè
0.2","Bariba/Baliba gbè
159
Français/ Flanségbe
32
Nago/ Nago gbè
18
Autre : veuillez préciser/ Ðevo: kɛnklɛn bo ɖɔ
3
Yoruba/ Yoruba gbè
3
Dendi/Dendi gbè
3
Ditamari/ Ditamari gbè
1
Fulfulde/Fulfulde gbè
1
Yom/ Yom gbè
1","Bariba/Baliba gbè
329373.4
Français/ Flanségbe
66642.9
Nago/ Nago gbè
40470.2
Autre : veuillez préciser/ Ðevo: kɛnklɛn bo ɖɔ
13288.5
Yoruba/ Yoruba gbè
5263.4
Dendi/Dendi gbè
3883.3
Ditamari/ Ditamari gbè
1064.4
Fulfulde/Fulfulde gbè
1064.4
Yom/ Yom gbè
1064.4","Fon/ Fongbe
53.6
Adja/ Adja gbè
25.7
Français/ Flanségbe
17.6
Yoruba/ Yoruba gbè
1.3
Autre : veuillez préciser/ Ðevo: kɛnklɛn bo ɖɔ
0.7
Ayizo/Ayizo gbè
0.6
Yom/ Yom gbè
0.4","Fon/ Fongbe
72
Adja/ Adja gbè
42
Français/ Flanségbe
26
Yoruba/ Yoruba gbè
2
Autre : veuillez préciser/ Ðevo: kɛnklɛn bo ɖɔ
1
Ayizo/Ayizo gbè
1
Yom/ Yom gbè
1","Fon/ Fongbe
3148.4
Adja/ Adja gbè
1509.4
Français/ Flanségbe
1035.8
Yoruba/ Yoruba gbè
76.6
Autre : veuillez préciser/ Ðevo: kɛnklɛn bo ɖɔ
38.3
Ayizo/Ayizo gbè
35.4
Yom/ Yom gbè
26.0","Yom/ Yom gbè
41.2
Dendi/Dendi gbè
40.6
Français/ Flanségbe
16.6
Adja/ Adja gbè
0.4
Bariba/Baliba gbè
0.4
Fon/ Fongbe
0.4
Yoruba/ Yoruba gbè
0.4","Yom/ Yom gbè
46
Dendi/Dendi gbè
43
Français/ Flanségbe
28
Adja/ Adja gbè
1
Bariba/Baliba gbè
1
Fon/ Fongbe
1
Yoruba/ Yoruba gbè
1","Yom/ Yom gbè
172741.2
Dendi/Dendi gbè
170015.9
Français/ Flanségbe
69538.7
Adja/ Adja gbè
1731.2
Bariba/Baliba gbè
1731.2
Fon/ Fongbe
1731.2
Yoruba/ Yoruba gbè
1731.2","Fon/ Fongbe
34.4
Goun/ Gun gbè
32.1
Français/ Flanségbe
17.5
Yoruba/ Yoruba gbè
6.4
Anglais/ Glɛnsigbe
3.7
Autre : veuillez préciser/ Ðevo: kɛnklɛn bo ɖɔ
2.5
Ayizo/Ayizo gbè
1.9
Nago/ Nago gbè
1.3
Tem/Tem gbè
0.1","Fon/ Fongbe
104
Goun/ Gun gbè
103
Français/ Flanségbe
54
Yoruba/ Yoruba gbè
19
Anglais/ Glɛnsigbe
9
Autre : veuillez préciser/ Ðevo: kɛnklɛn bo ɖɔ
12
Ayizo/Ayizo gbè
7
Nago/ Nago gbè
3
Tem/Tem gbè
1","Fon/ Fongbe
17333.5
Goun/ Gun gbè
16165.6
Français/ Flanségbe
8835.9
Yoruba/ Yoruba gbè
3239.2
Anglais/ Glɛnsigbe
1886.2
Autre : veuillez préciser/ Ðevo: kɛnklɛn bo ɖɔ
1268.4
Ayizo/Ayizo gbè
940.9
Nago/ Nago gbè
658.8
Tem/Tem gbè
25.2","Fon/ Fongbe
47.3
Nago/ Nago gbè
20.0
Français/ Flanségbe
16.4
Yoruba/ Yoruba gbè
12.7
Adja/ Adja gbè
1.8
Goun/ Gun gbè
1.8","Fon/ Fongbe
23
Nago/ Nago gbè
8
Français/ Flanségbe
9
Yoruba/ Yoruba gbè
7
Adja/ Adja gbè
1
Goun/ Gun gbè
1","Fon/ Fongbe
380719.5
Nago/ Nago gbè
161073.6
Français/ Flanségbe
131787.5
Yoruba/ Yoruba gbè
102501.4
Adja/ Adja gbè
14643.1
Goun/ Gun gbè
14643.1","Fon/ Fongbe
67.3
Français/ Flanségbe
27.8
Anglais/ Glɛnsigbe
1.9
Yoruba/ Yoruba gbè
1.0
Autre : veuillez préciser/ Ðevo: kɛnklɛn bo ɖɔ
0.5
Nago/ Nago gbè
0.5
Bariba/Baliba gbè
0.5
Adja/ Adja gbè
0.4","Fon/ Fongbe
110
Français/ Flanségbe
47
Anglais/ Glɛnsigbe
4
Yoruba/ Yoruba gbè
2
Autre : veuillez préciser/ Ðevo: kɛnklɛn bo ɖɔ
1
Nago/ Nago gbè
1
Bariba/Baliba gbè
1
Adja/ Adja gbè
1","Fon/ Fongbe
2920.3
Français/ Flanségbe
1207.9
Anglais/ Glɛnsigbe
83.2
Yoruba/ Yoruba gbè
41.6
Autre : veuillez préciser/ Ðevo: kɛnklɛn bo ɖɔ
23.2
Nago/ Nago gbè
23.2
Bariba/Baliba gbè
21.0
Adja/ Adja gbè
18.4"
Radio When,"Entre 18 h et 21 h/ Ðò gan ayizɛn mɛ kpo Gan ayizɛn mɛ gbadanu
22.1
Entre 6 h et 9 h du matin/ Ðò gan ayizɛ́n kpo gan ayizɛ́n kpo tɛntin zǎnzǎn
21.7
Entre midi et 14 h/ Ðò gan wěwe mɛ kpo gan wè mɛ gbadanu kpo tɛntin ɔ
15.8
Entre 21 h et minuit /Ðò gan xwè kanɖé ɖokpó do djè zǎn gan wěwe mɛ
14.9
Entre 14 h et 18 h/Ðò gan wè mɛ  kpo Gan ayizɛn mɛ gbadanu
12.9
Entre 9 h du matin et midi/ Ðò gan ayizɛ́n mɛ zǎnzǎn kpo gan wěwe mɛ kpo tɛntin
10.6
Entre minuit et 6 h/ Ðò gan wěwe mɛ do djè gan ayizɛ́n zǎnzǎn
1.5
Uniquement en cas d'actualité/ Enyi nǔ e jɛ ɖò xójlawema ɖé mɛ é kɛɖɛ wɛ .
0.3
Je préfère ne pas répondre/ Un yí wǎn nú xósin ma yí gbe ǎ.
0.1","Entre 18 h et 21 h/ Ðò gan ayizɛn mɛ kpo Gan ayizɛn mɛ gbadanu
180
Entre 6 h et 9 h du matin/ Ðò gan ayizɛ́n kpo gan ayizɛ́n kpo tɛntin zǎnzǎn
151
Entre midi et 14 h/ Ðò gan wěwe mɛ kpo gan wè mɛ gbadanu kpo tɛntin ɔ
117
Entre 21 h et minuit /Ðò gan xwè kanɖé ɖokpó do djè zǎn gan wěwe mɛ
126
Entre 14 h et 18 h/Ðò gan wè mɛ  kpo Gan ayizɛn mɛ gbadanu
91
Entre 9 h du matin et midi/ Ðò gan ayizɛ́n mɛ zǎnzǎn kpo gan wěwe mɛ kpo tɛntin
95
Entre minuit et 6 h/ Ðò gan wěwe mɛ do djè gan ayizɛ́n zǎnzǎn
6
Uniquement en cas d'actualité/ Enyi nǔ e jɛ ɖò xójlawema ɖé mɛ é kɛɖɛ wɛ .
3
Je préfère ne pas répondre/ Un yí wǎn nú xósin ma yí gbe ǎ.
1","Entre 18 h et 21 h/ Ðò gan ayizɛn mɛ kpo Gan ayizɛn mɛ gbadanu
113894.5
Entre 6 h et 9 h du matin/ Ðò gan ayizɛ́n kpo gan ayizɛ́n kpo tɛntin zǎnzǎn
111950.9
Entre midi et 14 h/ Ðò gan wěwe mɛ kpo gan wè mɛ gbadanu kpo tɛntin ɔ
81276.3
Entre 21 h et minuit /Ðò gan xwè kanɖé ɖokpó do djè zǎn gan wěwe mɛ
76965.9
Entre 14 h et 18 h/Ðò gan wè mɛ  kpo Gan ayizɛn mɛ gbadanu
66568.7
Entre 9 h du matin et midi/ Ðò gan ayizɛ́n mɛ zǎnzǎn kpo gan wěwe mɛ kpo tɛntin
54792.2
Entre minuit et 6 h/ Ðò gan wěwe mɛ do djè gan ayizɛ́n zǎnzǎn
7528.3
Uniquement en cas d'actualité/ Enyi nǔ e jɛ ɖò xójlawema ɖé mɛ é kɛɖɛ wɛ .
1337.3
Je préfère ne pas répondre/ Un yí wǎn nú xósin ma yí gbe ǎ.
566.5","Entre 6 h et 9 h du matin/ Ðò gan ayizɛ́n kpo gan ayizɛ́n kpo tɛntin zǎnzǎn
43.1
Entre 18 h et 21 h/ Ðò gan ayizɛn mɛ kpo Gan ayizɛn mɛ gbadanu
22.6
Entre 21 h et minuit /Ðò gan xwè kanɖé ɖokpó do djè zǎn gan wěwe mɛ
19.1
Entre midi et 14 h/ Ðò gan wěwe mɛ kpo gan wè mɛ gbadanu kpo tɛntin ɔ
7.1
Entre 14 h et 18 h/Ðò gan wè mɛ  kpo Gan ayizɛn mɛ gbadanu
4.3
Entre 9 h du matin et midi/ Ðò gan ayizɛ́n mɛ zǎnzǎn kpo gan wěwe mɛ kpo tɛntin
3.8","Entre 6 h et 9 h du matin/ Ðò gan ayizɛ́n kpo gan ayizɛ́n kpo tɛntin zǎnzǎn
138
Entre 18 h et 21 h/ Ðò gan ayizɛn mɛ kpo Gan ayizɛn mɛ gbadanu
86
Entre 21 h et minuit /Ðò gan xwè kanɖé ɖokpó do djè zǎn gan wěwe mɛ
55
Entre midi et 14 h/ Ðò gan wěwe mɛ kpo gan wè mɛ gbadanu kpo tɛntin ɔ
29
Entre 14 h et 18 h/Ðò gan wè mɛ  kpo Gan ayizɛn mɛ gbadanu
13
Entre 9 h du matin et midi/ Ðò gan ayizɛ́n mɛ zǎnzǎn kpo gan wěwe mɛ kpo tɛntin
9","Entre 6 h et 9 h du matin/ Ðò gan ayizɛ́n kpo gan ayizɛ́n kpo tɛntin zǎnzǎn
292015.5
Entre 18 h et 21 h/ Ðò gan ayizɛn mɛ kpo Gan ayizɛn mɛ gbadanu
153506.4
Entre 21 h et minuit /Ðò gan xwè kanɖé ɖokpó do djè zǎn gan wěwe mɛ
129349.9
Entre midi et 14 h/ Ðò gan wěwe mɛ kpo gan wè mɛ gbadanu kpo tɛntin ɔ
48118.1
Entre 14 h et 18 h/Ðò gan wè mɛ  kpo Gan ayizɛn mɛ gbadanu
29242.9
Entre 9 h du matin et midi/ Ðò gan ayizɛ́n mɛ zǎnzǎn kpo gan wěwe mɛ kpo tɛntin
25948.7","Entre 21 h et minuit /Ðò gan xwè kanɖé ɖokpó do djè zǎn gan wěwe mɛ
35.5
Entre 6 h et 9 h du matin/ Ðò gan ayizɛ́n kpo gan ayizɛ́n kpo tɛntin zǎnzǎn
20.7
Entre 18 h et 21 h/ Ðò gan ayizɛn mɛ kpo Gan ayizɛn mɛ gbadanu
19.0
Entre midi et 14 h/ Ðò gan wěwe mɛ kpo gan wè mɛ gbadanu kpo tɛntin ɔ
11.7
Entre minuit et 6 h/ Ðò gan wěwe mɛ do djè gan ayizɛ́n zǎnzǎn
5.9
Entre 9 h du matin et midi/ Ðò gan ayizɛ́n mɛ zǎnzǎn kpo gan wěwe mɛ kpo tɛntin
3.9
Entre 14 h et 18 h/Ðò gan wè mɛ  kpo Gan ayizɛn mɛ gbadanu
3.4","Entre 21 h et minuit /Ðò gan xwè kanɖé ɖokpó do djè zǎn gan wěwe mɛ
58
Entre 6 h et 9 h du matin/ Ðò gan ayizɛ́n kpo gan ayizɛ́n kpo tɛntin zǎnzǎn
43
Entre 18 h et 21 h/ Ðò gan ayizɛn mɛ kpo Gan ayizɛn mɛ gbadanu
38
Entre midi et 14 h/ Ðò gan wěwe mɛ kpo gan wè mɛ gbadanu kpo tɛntin ɔ
26
Entre minuit et 6 h/ Ðò gan wěwe mɛ do djè gan ayizɛ́n zǎnzǎn
13
Entre 9 h du matin et midi/ Ðò gan ayizɛ́n mɛ zǎnzǎn kpo gan wěwe mɛ kpo tɛntin
9
Entre 14 h et 18 h/Ðò gan wè mɛ  kpo Gan ayizɛn mɛ gbadanu
8","Entre 21 h et minuit /Ðò gan xwè kanɖé ɖokpó do djè zǎn gan wěwe mɛ
2600.5
Entre 6 h et 9 h du matin/ Ðò gan ayizɛ́n kpo gan ayizɛ́n kpo tɛntin zǎnzǎn
1516.5
Entre 18 h et 21 h/ Ðò gan ayizɛn mɛ kpo Gan ayizɛn mɛ gbadanu
1395.1
Entre midi et 14 h/ Ðò gan wěwe mɛ kpo gan wè mɛ gbadanu kpo tɛntin ɔ
856.6
Entre minuit et 6 h/ Ðò gan wěwe mɛ do djè gan ayizɛ́n zǎnzǎn
431.5
Entre 9 h du matin et midi/ Ðò gan ayizɛ́n mɛ zǎnzǎn kpo gan wěwe mɛ kpo tɛntin
284.1
Entre 14 h et 18 h/Ðò gan wè mɛ  kpo Gan ayizɛn mɛ gbadanu
248.7","Entre 6 h et 9 h du matin/ Ðò gan ayizɛ́n kpo gan ayizɛ́n kpo tɛntin zǎnzǎn
36.9
Entre midi et 14 h/ Ðò gan wěwe mɛ kpo gan wè mɛ gbadanu kpo tɛntin ɔ
18.7
Entre 18 h et 21 h/ Ðò gan ayizɛn mɛ kpo Gan ayizɛn mɛ gbadanu
18.3
Entre 21 h et minuit /Ðò gan xwè kanɖé ɖokpó do djè zǎn gan wěwe mɛ
8.4
Entre 9 h du matin et midi/ Ðò gan ayizɛ́n mɛ zǎnzǎn kpo gan wěwe mɛ kpo tɛntin
7.7
Entre 14 h et 18 h/Ðò gan wè mɛ  kpo Gan ayizɛn mɛ gbadanu
6.8
Uniquement en cas d'actualité/ Enyi nǔ e jɛ ɖò xójlawema ɖé mɛ é kɛɖɛ wɛ .
3.2","Entre 6 h et 9 h du matin/ Ðò gan ayizɛ́n kpo gan ayizɛ́n kpo tɛntin zǎnzǎn
29
Entre midi et 14 h/ Ðò gan wěwe mɛ kpo gan wè mɛ gbadanu kpo tɛntin ɔ
11
Entre 18 h et 21 h/ Ðò gan ayizɛn mɛ kpo Gan ayizɛn mɛ gbadanu
19
Entre 21 h et minuit /Ðò gan xwè kanɖé ɖokpó do djè zǎn gan wěwe mɛ
8
Entre 9 h du matin et midi/ Ðò gan ayizɛ́n mɛ zǎnzǎn kpo gan wěwe mɛ kpo tɛntin
5
Entre 14 h et 18 h/Ðò gan wè mɛ  kpo Gan ayizɛn mɛ gbadanu
9
Uniquement en cas d'actualité/ Enyi nǔ e jɛ ɖò xójlawema ɖé mɛ é kɛɖɛ wɛ .
6","Entre 6 h et 9 h du matin/ Ðò gan ayizɛ́n kpo gan ayizɛ́n kpo tɛntin zǎnzǎn
112115.6
Entre midi et 14 h/ Ðò gan wěwe mɛ kpo gan wè mɛ gbadanu kpo tɛntin ɔ
56672.0
Entre 18 h et 21 h/ Ðò gan ayizɛn mɛ kpo Gan ayizɛn mɛ gbadanu
55443.7
Entre 21 h et minuit /Ðò gan xwè kanɖé ɖokpó do djè zǎn gan wěwe mɛ
25487.8
Entre 9 h du matin et midi/ Ðò gan ayizɛ́n mɛ zǎnzǎn kpo gan wěwe mɛ kpo tɛntin
23499.4
Entre 14 h et 18 h/Ðò gan wè mɛ  kpo Gan ayizɛn mɛ gbadanu
20785.6
Uniquement en cas d'actualité/ Enyi nǔ e jɛ ɖò xójlawema ɖé mɛ é kɛɖɛ wɛ .
9650.0","Entre 6 h et 9 h du matin/ Ðò gan ayizɛ́n kpo gan ayizɛ́n kpo tɛntin zǎnzǎn
27.4
Entre 18 h et 21 h/ Ðò gan ayizɛn mɛ kpo Gan ayizɛn mɛ gbadanu
26.8
Entre midi et 14 h/ Ðò gan wěwe mɛ kpo gan wè mɛ gbadanu kpo tɛntin ɔ
17.7
Entre 14 h et 18 h/Ðò gan wè mɛ  kpo Gan ayizɛn mɛ gbadanu
10.2
Entre 21 h et minuit /Ðò gan xwè kanɖé ɖokpó do djè zǎn gan wěwe mɛ
9.7
Entre 9 h du matin et midi/ Ðò gan ayizɛ́n mɛ zǎnzǎn kpo gan wěwe mɛ kpo tɛntin
7.8
Entre minuit et 6 h/ Ðò gan wěwe mɛ do djè gan ayizɛ́n zǎnzǎn
0.4","Entre 6 h et 9 h du matin/ Ðò gan ayizɛ́n kpo gan ayizɛ́n kpo tɛntin zǎnzǎn
92
Entre 18 h et 21 h/ Ðò gan ayizɛn mɛ kpo Gan ayizɛn mɛ gbadanu
76
Entre midi et 14 h/ Ðò gan wěwe mɛ kpo gan wè mɛ gbadanu kpo tɛntin ɔ
53
Entre 14 h et 18 h/Ðò gan wè mɛ  kpo Gan ayizɛn mɛ gbadanu
33
Entre 21 h et minuit /Ðò gan xwè kanɖé ɖokpó do djè zǎn gan wěwe mɛ
43
Entre 9 h du matin et midi/ Ðò gan ayizɛ́n mɛ zǎnzǎn kpo gan wěwe mɛ kpo tɛntin
24
Entre minuit et 6 h/ Ðò gan wěwe mɛ do djè gan ayizɛ́n zǎnzǎn
1","Entre 6 h et 9 h du matin/ Ðò gan ayizɛ́n kpo gan ayizɛ́n kpo tɛntin zǎnzǎn
14544.9
Entre 18 h et 21 h/ Ðò gan ayizɛn mɛ kpo Gan ayizɛn mɛ gbadanu
14246.2
Entre midi et 14 h/ Ðò gan wěwe mɛ kpo gan wè mɛ gbadanu kpo tɛntin ɔ
9402.4
Entre 14 h et 18 h/Ðò gan wè mɛ  kpo Gan ayizɛn mɛ gbadanu
5407.5
Entre 21 h et minuit /Ðò gan xwè kanɖé ɖokpó do djè zǎn gan wěwe mɛ
5144.1
Entre 9 h du matin et midi/ Ðò gan ayizɛ́n mɛ zǎnzǎn kpo gan wěwe mɛ kpo tɛntin
4166.9
Entre minuit et 6 h/ Ðò gan wěwe mɛ do djè gan ayizɛ́n zǎnzǎn
223.9","Entre 18 h et 21 h/ Ðò gan ayizɛn mɛ kpo Gan ayizɛn mɛ gbadanu
27.1
Entre 21 h et minuit /Ðò gan xwè kanɖé ɖokpó do djè zǎn gan wěwe mɛ
20.0
Entre 6 h et 9 h du matin/ Ðò gan ayizɛ́n kpo gan ayizɛ́n kpo tɛntin zǎnzǎn
20.0
Entre midi et 14 h/ Ðò gan wěwe mɛ kpo gan wè mɛ gbadanu kpo tɛntin ɔ
20.0
Entre minuit et 6 h/ Ðò gan wěwe mɛ do djè gan ayizɛ́n zǎnzǎn
7.1
Entre 14 h et 18 h/Ðò gan wè mɛ  kpo Gan ayizɛn mɛ gbadanu
3.5
Entre 9 h du matin et midi/ Ðò gan ayizɛ́n mɛ zǎnzǎn kpo gan wěwe mɛ kpo tɛntin
2.4","Entre 18 h et 21 h/ Ðò gan ayizɛn mɛ kpo Gan ayizɛn mɛ gbadanu
20
Entre 21 h et minuit /Ðò gan xwè kanɖé ɖokpó do djè zǎn gan wěwe mɛ
17
Entre 6 h et 9 h du matin/ Ðò gan ayizɛ́n kpo gan ayizɛ́n kpo tɛntin zǎnzǎn
17
Entre midi et 14 h/ Ðò gan wěwe mɛ kpo gan wè mɛ gbadanu kpo tɛntin ɔ
14
Entre minuit et 6 h/ Ðò gan wěwe mɛ do djè gan ayizɛ́n zǎnzǎn
6
Entre 14 h et 18 h/Ðò gan wè mɛ  kpo Gan ayizɛn mɛ gbadanu
3
Entre 9 h du matin et midi/ Ðò gan ayizɛ́n mɛ zǎnzǎn kpo gan wěwe mɛ kpo tɛntin
2","Entre 18 h et 21 h/ Ðò gan ayizɛn mɛ kpo Gan ayizɛn mɛ gbadanu
336790.3
Entre 21 h et minuit /Ðò gan xwè kanɖé ɖokpó do djè zǎn gan wěwe mɛ
248932.0
Entre 6 h et 9 h du matin/ Ðò gan ayizɛ́n kpo gan ayizɛ́n kpo tɛntin zǎnzǎn
248932.0
Entre midi et 14 h/ Ðò gan wěwe mɛ kpo gan wè mɛ gbadanu kpo tɛntin ɔ
248932.0
Entre minuit et 6 h/ Ðò gan wěwe mɛ do djè gan ayizɛ́n zǎnzǎn
87858.3
Entre 14 h et 18 h/Ðò gan wè mɛ  kpo Gan ayizɛn mɛ gbadanu
43929.2
Entre 9 h du matin et midi/ Ðò gan ayizɛ́n mɛ zǎnzǎn kpo gan wěwe mɛ kpo tɛntin
29286.1","Entre 18 h et 21 h/ Ðò gan ayizɛn mɛ kpo Gan ayizɛn mɛ gbadanu
23.6
Entre 6 h et 9 h du matin/ Ðò gan ayizɛ́n kpo gan ayizɛ́n kpo tɛntin zǎnzǎn
21.4
Entre 21 h et minuit /Ðò gan xwè kanɖé ɖokpó do djè zǎn gan wěwe mɛ
19.0
Entre midi et 14 h/ Ðò gan wěwe mɛ kpo gan wè mɛ gbadanu kpo tɛntin ɔ
13.6
Entre 14 h et 18 h/Ðò gan wè mɛ  kpo Gan ayizɛn mɛ gbadanu
8.2
Entre minuit et 6 h/ Ðò gan wěwe mɛ do djè gan ayizɛ́n zǎnzǎn
8.0
Entre 9 h du matin et midi/ Ðò gan ayizɛ́n mɛ zǎnzǎn kpo gan wěwe mɛ kpo tɛntin
6.2","Entre 18 h et 21 h/ Ðò gan ayizɛn mɛ kpo Gan ayizɛn mɛ gbadanu
90
Entre 6 h et 9 h du matin/ Ðò gan ayizɛ́n kpo gan ayizɛ́n kpo tɛntin zǎnzǎn
76
Entre 21 h et minuit /Ðò gan xwè kanɖé ɖokpó do djè zǎn gan wěwe mɛ
79
Entre midi et 14 h/ Ðò gan wěwe mɛ kpo gan wè mɛ gbadanu kpo tɛntin ɔ
50
Entre 14 h et 18 h/Ðò gan wè mɛ  kpo Gan ayizɛn mɛ gbadanu
25
Entre minuit et 6 h/ Ðò gan wěwe mɛ do djè gan ayizɛ́n zǎnzǎn
32
Entre 9 h du matin et midi/ Ðò gan ayizɛ́n mɛ zǎnzǎn kpo gan wěwe mɛ kpo tɛntin
22","Entre 18 h et 21 h/ Ðò gan ayizɛn mɛ kpo Gan ayizɛn mɛ gbadanu
2331.1
Entre 6 h et 9 h du matin/ Ðò gan ayizɛ́n kpo gan ayizɛ́n kpo tɛntin zǎnzǎn
2109.8
Entre 21 h et minuit /Ðò gan xwè kanɖé ɖokpó do djè zǎn gan wěwe mɛ
1877.6
Entre midi et 14 h/ Ðò gan wěwe mɛ kpo gan wè mɛ gbadanu kpo tɛntin ɔ
1340.3
Entre 14 h et 18 h/Ðò gan wè mɛ  kpo Gan ayizɛn mɛ gbadanu
807.0
Entre minuit et 6 h/ Ðò gan wěwe mɛ do djè gan ayizɛ́n zǎnzǎn
794.0
Entre 9 h du matin et midi/ Ðò gan ayizɛ́n mɛ zǎnzǎn kpo gan wěwe mɛ kpo tɛntin
615.6"
Radio What,"Je me repose / me détends/ Un ɖò gbɔjɛ wɛ/ɖò gbɔjɛ wɛ
26.7
Working
12.4
Je passe du temps avec des amis/ Un ɖò hwenu zán wɛ xá mɛ xɔ́ntɔn lɛ
11.1
Je me prépare pour le travail/ Un ɖo nu sɔ wɛ bo na yi azɔmɛ
10.5
Je fais des tâches ménagères (par exemple, le ménage, la lessive, la vaisselle)/ Un ɖò xwégbezɔ́ lɛ wà wɛ (e.g., nǔsisɔ, nǔnya, agbán klɔ́)
9.7
Je suis sur mon téléphone/ Un ɖò alokan ce jí
9.2
Rien, je n'écoute que la radio/ Nǔɖe ǎ, un nɔ ɖótó hladio kɛɖɛ
8.7
Je cuisine/ Un ɖò nǔ ɖa wɛ
8.0
Je fais de la couture/ Un nɔ tɔ avɔ
0.8
Autre : veuillez préciser/ Ɖevo: kɛnklɛn ɖɔ
0.7
Je conduis/ Un ɖò hùn kun wɛ
0.5
Je prie/ Un ɖò ɖɛ xò wɛ
0.4
Caring for animals
0.3
Je lis (livres, journaux ou autres documents)/ Un ɖò nǔ xà wɛ (wema lɛ, xójlawema lɛ, alǒ nǔ ɖevo lɛ)
0.3
Je peins/ Un nɔ sá sin
0.2
Je fais ou me fais faire ma coiffure ou des soins esthétiques/ Un ɖò ɖa ce bló wɛ alǒ ɖò ɖa ce lɛ bló wɛ
0.2
J’écris/ Un nɔ wlan nǔ
0.2","Je me repose / me détends/ Un ɖò gbɔjɛ wɛ/ɖò gbɔjɛ wɛ
169
Working
62
Je passe du temps avec des amis/ Un ɖò hwenu zán wɛ xá mɛ xɔ́ntɔn lɛ
63
Je me prépare pour le travail/ Un ɖo nu sɔ wɛ bo na yi azɔmɛ
47
Je fais des tâches ménagères (par exemple, le ménage, la lessive, la vaisselle)/ Un ɖò xwégbezɔ́ lɛ wà wɛ (e.g., nǔsisɔ, nǔnya, agbán klɔ́)
119
Je suis sur mon téléphone/ Un ɖò alokan ce jí
32
Rien, je n'écoute que la radio/ Nǔɖe ǎ, un nɔ ɖótó hladio kɛɖɛ
40
Je cuisine/ Un ɖò nǔ ɖa wɛ
109
Je fais de la couture/ Un nɔ tɔ avɔ
11
Autre : veuillez préciser/ Ɖevo: kɛnklɛn ɖɔ
6
Je conduis/ Un ɖò hùn kun wɛ
5
Je prie/ Un ɖò ɖɛ xò wɛ
6
Caring for animals
1
Je lis (livres, journaux ou autres documents)/ Un ɖò nǔ xà wɛ (wema lɛ, xójlawema lɛ, alǒ nǔ ɖevo lɛ)
1
Je peins/ Un nɔ sá sin
1
Je fais ou me fais faire ma coiffure ou des soins esthétiques/ Un ɖò ɖa ce bló wɛ alǒ ɖò ɖa ce lɛ bló wɛ
6
J’écris/ Un nɔ wlan nǔ
2","Je me repose / me détends/ Un ɖò gbɔjɛ wɛ/ɖò gbɔjɛ wɛ
115774.1
Working
53508.2
Je passe du temps avec des amis/ Un ɖò hwenu zán wɛ xá mɛ xɔ́ntɔn lɛ
47983.6
Je me prépare pour le travail/ Un ɖo nu sɔ wɛ bo na yi azɔmɛ
45268.8
Je fais des tâches ménagères (par exemple, le ménage, la lessive, la vaisselle)/ Un ɖò xwégbezɔ́ lɛ wà wɛ (e.g., nǔsisɔ, nǔnya, agbán klɔ́)
42124.9
Je suis sur mon téléphone/ Un ɖò alokan ce jí
39998.3
Rien, je n'écoute que la radio/ Nǔɖe ǎ, un nɔ ɖótó hladio kɛɖɛ
37900.2
Je cuisine/ Un ɖò nǔ ɖa wɛ
34850.0
Je fais de la couture/ Un nɔ tɔ avɔ
3475.0
Autre : veuillez préciser/ Ɖevo: kɛnklɛn ɖɔ
3147.9
Je conduis/ Un ɖò hùn kun wɛ
2305.5
Je prie/ Un ɖò ɖɛ xò wɛ
1912.4
Caring for animals
1390.2
Je lis (livres, journaux ou autres documents)/ Un ɖò nǔ xà wɛ (wema lɛ, xójlawema lɛ, alǒ nǔ ɖevo lɛ)
1133.0
Je peins/ Un nɔ sá sin
870.3
Je fais ou me fais faire ma coiffure ou des soins esthétiques/ Un ɖò ɖa ce bló wɛ alǒ ɖò ɖa ce lɛ bló wɛ
787.6
J’écris/ Un nɔ wlan nǔ
735.6","Rien, je n'écoute que la radio/ Nǔɖe ǎ, un nɔ ɖótó hladio kɛɖɛ
20.8
Je me repose / me détends/ Un ɖò gbɔjɛ wɛ/ɖò gbɔjɛ wɛ
20.1
Je fais des tâches ménagères (par exemple, le ménage, la lessive, la vaisselle)/ Un ɖò xwégbezɔ́ lɛ wà wɛ (e.g., nǔsisɔ, nǔnya, agbán klɔ́)
19.9
Je cuisine/ Un ɖò nǔ ɖa wɛ
14.5
Working
9.8
Je passe du temps avec des amis/ Un ɖò hwenu zán wɛ xá mɛ xɔ́ntɔn lɛ
6.3
Je suis sur mon téléphone/ Un ɖò alokan ce jí
5.6
Je fais de la couture/ Un nɔ tɔ avɔ
1.8
Je me prépare pour le travail/ Un ɖo nu sɔ wɛ bo na yi azɔmɛ
0.6
Je lis (livres, journaux ou autres documents)/ Un ɖò nǔ xà wɛ (wema lɛ, xójlawema lɛ, alǒ nǔ ɖevo lɛ)
0.4
Caring for animals
0.2","Rien, je n'écoute que la radio/ Nǔɖe ǎ, un nɔ ɖótó hladio kɛɖɛ
50
Je me repose / me détends/ Un ɖò gbɔjɛ wɛ/ɖò gbɔjɛ wɛ
41
Je fais des tâches ménagères (par exemple, le ménage, la lessive, la vaisselle)/ Un ɖò xwégbezɔ́ lɛ wà wɛ (e.g., nǔsisɔ, nǔnya, agbán klɔ́)
50
Je cuisine/ Un ɖò nǔ ɖa wɛ
26
Working
27
Je passe du temps avec des amis/ Un ɖò hwenu zán wɛ xá mɛ xɔ́ntɔn lɛ
20
Je suis sur mon téléphone/ Un ɖò alokan ce jí
14
Je fais de la couture/ Un nɔ tɔ avɔ
4
Je me prépare pour le travail/ Un ɖo nu sɔ wɛ bo na yi azɔmɛ
2
Je lis (livres, journaux ou autres documents)/ Un ɖò nǔ xà wɛ (wema lɛ, xójlawema lɛ, alǒ nǔ ɖevo lɛ)
1
Caring for animals
1","Rien, je n'écoute que la radio/ Nǔɖe ǎ, un nɔ ɖótó hladio kɛɖɛ
97975.3
Je me repose / me détends/ Un ɖò gbɔjɛ wɛ/ɖò gbɔjɛ wɛ
94453.5
Je fais des tâches ménagères (par exemple, le ménage, la lessive, la vaisselle)/ Un ɖò xwégbezɔ́ lɛ wà wɛ (e.g., nǔsisɔ, nǔnya, agbán klɔ́)
93448.2
Je cuisine/ Un ɖò nǔ ɖa wɛ
68350.4
Working
45883.3
Je passe du temps avec des amis/ Un ɖò hwenu zán wɛ xá mɛ xɔ́ntɔn lɛ
29715.6
Je suis sur mon téléphone/ Un ɖò alokan ce jí
26156.1
Je fais de la couture/ Un nɔ tɔ avɔ
8605.2
Je me prépare pour le travail/ Un ɖo nu sɔ wɛ bo na yi azɔmɛ
2670.1
Je lis (livres, journaux ou autres documents)/ Un ɖò nǔ xà wɛ (wema lɛ, xójlawema lɛ, alǒ nǔ ɖevo lɛ)
1754.5
Caring for animals
1064.4","Je me repose / me détends/ Un ɖò gbɔjɛ wɛ/ɖò gbɔjɛ wɛ
72.9
Je fais des tâches ménagères (par exemple, le ménage, la lessive, la vaisselle)/ Un ɖò xwégbezɔ́ lɛ wà wɛ (e.g., nǔsisɔ, nǔnya, agbán klɔ́)
12.3
Je cuisine/ Un ɖò nǔ ɖa wɛ
7.9
Je fais de la couture/ Un nɔ tɔ avɔ
2.3
Rien, je n'écoute que la radio/ Nǔɖe ǎ, un nɔ ɖótó hladio kɛɖɛ
2.2
Je suis sur mon téléphone/ Un ɖò alokan ce jí
1.8
Je me prépare pour le travail/ Un ɖo nu sɔ wɛ bo na yi azɔmɛ
0.7","Je me repose / me détends/ Un ɖò gbɔjɛ wɛ/ɖò gbɔjɛ wɛ
65
Je fais des tâches ménagères (par exemple, le ménage, la lessive, la vaisselle)/ Un ɖò xwégbezɔ́ lɛ wà wɛ (e.g., nǔsisɔ, nǔnya, agbán klɔ́)
16
Je cuisine/ Un ɖò nǔ ɖa wɛ
9
Je fais de la couture/ Un nɔ tɔ avɔ
3
Rien, je n'écoute que la radio/ Nǔɖe ǎ, un nɔ ɖótó hladio kɛɖɛ
3
Je suis sur mon téléphone/ Un ɖò alokan ce jí
2
Je me prépare pour le travail/ Un ɖo nu sɔ wɛ bo na yi azɔmɛ
1","Je me repose / me détends/ Un ɖò gbɔjɛ wɛ/ɖò gbɔjɛ wɛ
2912.9
Je fais des tâches ménagères (par exemple, le ménage, la lessive, la vaisselle)/ Un ɖò xwégbezɔ́ lɛ wà wɛ (e.g., nǔsisɔ, nǔnya, agbán klɔ́)
491.6
Je cuisine/ Un ɖò nǔ ɖa wɛ
315.1
Je fais de la couture/ Un nɔ tɔ avɔ
90.4
Rien, je n'écoute que la radio/ Nǔɖe ǎ, un nɔ ɖótó hladio kɛɖɛ
87.5
Je suis sur mon téléphone/ Un ɖò alokan ce jí
73.7
Je me prépare pour le travail/ Un ɖo nu sɔ wɛ bo na yi azɔmɛ
26.0","Je fais des tâches ménagères (par exemple, le ménage, la lessive, la vaisselle)/ Un ɖò xwégbezɔ́ lɛ wà wɛ (e.g., nǔsisɔ, nǔnya, agbán klɔ́)
38.0
Rien, je n'écoute que la radio/ Nǔɖe ǎ, un nɔ ɖótó hladio kɛɖɛ
25.7
Je me repose / me détends/ Un ɖò gbɔjɛ wɛ/ɖò gbɔjɛ wɛ
18.0
Working
6.6
Je me prépare pour le travail/ Un ɖo nu sɔ wɛ bo na yi azɔmɛ
4.1
Je passe du temps avec des amis/ Un ɖò hwenu zán wɛ xá mɛ xɔ́ntɔn lɛ
3.5
Je cuisine/ Un ɖò nǔ ɖa wɛ
2.5
Autre : veuillez préciser/ Ɖevo: kɛnklɛn ɖɔ
0.7
Je suis sur mon téléphone/ Un ɖò alokan ce jí
0.7","Je fais des tâches ménagères (par exemple, le ménage, la lessive, la vaisselle)/ Un ɖò xwégbezɔ́ lɛ wà wɛ (e.g., nǔsisɔ, nǔnya, agbán klɔ́)
14
Rien, je n'écoute que la radio/ Nǔɖe ǎ, un nɔ ɖótó hladio kɛɖɛ
12
Je me repose / me détends/ Un ɖò gbɔjɛ wɛ/ɖò gbɔjɛ wɛ
24
Working
10
Je me prépare pour le travail/ Un ɖo nu sɔ wɛ bo na yi azɔmɛ
3
Je passe du temps avec des amis/ Un ɖò hwenu zán wɛ xá mɛ xɔ́ntɔn lɛ
5
Je cuisine/ Un ɖò nǔ ɖa wɛ
1
Autre : veuillez préciser/ Ɖevo: kɛnklɛn ɖɔ
1
Je suis sur mon téléphone/ Un ɖò alokan ce jí
1","Je fais des tâches ménagères (par exemple, le ménage, la lessive, la vaisselle)/ Un ɖò xwégbezɔ́ lɛ wà wɛ (e.g., nǔsisɔ, nǔnya, agbán klɔ́)
90593.0
Rien, je n'écoute que la radio/ Nǔɖe ǎ, un nɔ ɖótó hladio kɛɖɛ
61351.1
Je me repose / me détends/ Un ɖò gbɔjɛ wɛ/ɖò gbɔjɛ wɛ
43056.7
Working
15837.7
Je me prépare pour le travail/ Un ɖo nu sɔ wɛ bo na yi azɔmɛ
9895.7
Je passe du temps avec des amis/ Un ɖò hwenu zán wɛ xá mɛ xɔ́ntɔn lɛ
8410.2
Je cuisine/ Un ɖò nǔ ɖa wɛ
5942.0
Autre : veuillez préciser/ Ɖevo: kɛnklɛn ɖɔ
1731.2
Je suis sur mon téléphone/ Un ɖò alokan ce jí
1731.2","Je me repose / me détends/ Un ɖò gbɔjɛ wɛ/ɖò gbɔjɛ wɛ
26.5
Je fais des tâches ménagères (par exemple, le ménage, la lessive, la vaisselle)/ Un ɖò xwégbezɔ́ lɛ wà wɛ (e.g., nǔsisɔ, nǔnya, agbán klɔ́)
17.0
Je cuisine/ Un ɖò nǔ ɖa wɛ
11.9
Working
11.0
Je me prépare pour le travail/ Un ɖo nu sɔ wɛ bo na yi azɔmɛ
9.1
Je passe du temps avec des amis/ Un ɖò hwenu zán wɛ xá mɛ xɔ́ntɔn lɛ
8.3
Je suis sur mon téléphone/ Un ɖò alokan ce jí
6.0
Rien, je n'écoute que la radio/ Nǔɖe ǎ, un nɔ ɖótó hladio kɛɖɛ
3.7
Je prie/ Un ɖò ɖɛ xò wɛ
2.2
Je conduis/ Un ɖò hùn kun wɛ
1.8
Autre : veuillez préciser/ Ɖevo: kɛnklɛn ɖɔ
1.3
Je fais de la couture/ Un nɔ tɔ avɔ
1.2
Je fais ou me fais faire ma coiffure ou des soins esthétiques/ Un ɖò ɖa ce bló wɛ alǒ ɖò ɖa ce lɛ bló wɛ
0.1","Je me repose / me détends/ Un ɖò gbɔjɛ wɛ/ɖò gbɔjɛ wɛ
71
Je fais des tâches ménagères (par exemple, le ménage, la lessive, la vaisselle)/ Un ɖò xwégbezɔ́ lɛ wà wɛ (e.g., nǔsisɔ, nǔnya, agbán klɔ́)
58
Je cuisine/ Un ɖò nǔ ɖa wɛ
39
Working
24
Je me prépare pour le travail/ Un ɖo nu sɔ wɛ bo na yi azɔmɛ
21
Je passe du temps avec des amis/ Un ɖò hwenu zán wɛ xá mɛ xɔ́ntɔn lɛ
15
Je suis sur mon téléphone/ Un ɖò alokan ce jí
9
Rien, je n'écoute que la radio/ Nǔɖe ǎ, un nɔ ɖótó hladio kɛɖɛ
15
Je prie/ Un ɖò ɖɛ xò wɛ
4
Je conduis/ Un ɖò hùn kun wɛ
3
Autre : veuillez préciser/ Ɖevo: kɛnklɛn ɖɔ
5
Je fais de la couture/ Un nɔ tɔ avɔ
4
Je fais ou me fais faire ma coiffure ou des soins esthétiques/ Un ɖò ɖa ce bló wɛ alǒ ɖò ɖa ce lɛ bló wɛ
1","Je me repose / me détends/ Un ɖò gbɔjɛ wɛ/ɖò gbɔjɛ wɛ
12256.7
Je fais des tâches ménagères (par exemple, le ménage, la lessive, la vaisselle)/ Un ɖò xwégbezɔ́ lɛ wà wɛ (e.g., nǔsisɔ, nǔnya, agbán klɔ́)
7860.2
Je cuisine/ Un ɖò nǔ ɖa wɛ
5522.8
Working
5097.1
Je me prépare pour le travail/ Un ɖo nu sɔ wɛ bo na yi azɔmɛ
4206.9
Je passe du temps avec des amis/ Un ɖò hwenu zán wɛ xá mɛ xɔ́ntɔn lɛ
3833.0
Je suis sur mon téléphone/ Un ɖò alokan ce jí
2764.0
Rien, je n'écoute que la radio/ Nǔɖe ǎ, un nɔ ɖótó hladio kɛɖɛ
1693.3
Je prie/ Un ɖò ɖɛ xò wɛ
995.4
Je conduis/ Un ɖò hùn kun wɛ
814.0
Autre : veuillez préciser/ Ɖevo: kɛnklɛn ɖɔ
611.3
Je fais de la couture/ Un nɔ tɔ avɔ
551.5
Je fais ou me fais faire ma coiffure ou des soins esthétiques/ Un ɖò ɖa ce bló wɛ alǒ ɖò ɖa ce lɛ bló wɛ
40.1","Je me repose / me détends/ Un ɖò gbɔjɛ wɛ/ɖò gbɔjɛ wɛ
37.5
Je fais des tâches ménagères (par exemple, le ménage, la lessive, la vaisselle)/ Un ɖò xwégbezɔ́ lɛ wà wɛ (e.g., nǔsisɔ, nǔnya, agbán klɔ́)
25.0
Je cuisine/ Un ɖò nǔ ɖa wɛ
18.7
Working
14.6
Rien, je n'écoute que la radio/ Nǔɖe ǎ, un nɔ ɖótó hladio kɛɖɛ
4.2","Je me repose / me détends/ Un ɖò gbɔjɛ wɛ/ɖò gbɔjɛ wɛ
18
Je fais des tâches ménagères (par exemple, le ménage, la lessive, la vaisselle)/ Un ɖò xwégbezɔ́ lɛ wà wɛ (e.g., nǔsisɔ, nǔnya, agbán klɔ́)
9
Je cuisine/ Un ɖò nǔ ɖa wɛ
6
Working
4
Rien, je n'écoute que la radio/ Nǔɖe ǎ, un nɔ ɖótó hladio kɛɖɛ
2","Je me repose / me détends/ Un ɖò gbɔjɛ wɛ/ɖò gbɔjɛ wɛ
263575.0
Je fais des tâches ménagères (par exemple, le ménage, la lessive, la vaisselle)/ Un ɖò xwégbezɔ́ lɛ wà wɛ (e.g., nǔsisɔ, nǔnya, agbán klɔ́)
175716.7
Je cuisine/ Un ɖò nǔ ɖa wɛ
131787.5
Working
102501.4
Rien, je n'écoute que la radio/ Nǔɖe ǎ, un nɔ ɖótó hladio kɛɖɛ
29286.1","Je me repose / me détends/ Un ɖò gbɔjɛ wɛ/ɖò gbɔjɛ wɛ
43.6
Je fais des tâches ménagères (par exemple, le ménage, la lessive, la vaisselle)/ Un ɖò xwégbezɔ́ lɛ wà wɛ (e.g., nǔsisɔ, nǔnya, agbán klɔ́)
17.7
Je cuisine/ Un ɖò nǔ ɖa wɛ
15.0
Working
7.6
Rien, je n'écoute que la radio/ Nǔɖe ǎ, un nɔ ɖótó hladio kɛɖɛ
6.4
Je me prépare pour le travail/ Un ɖo nu sɔ wɛ bo na yi azɔmɛ
6.2
Je fais de la couture/ Un nɔ tɔ avɔ
1.6
Autre : veuillez préciser/ Ɖevo: kɛnklɛn ɖɔ
1.0
Je fais ou me fais faire ma coiffure ou des soins esthétiques/ Un ɖò ɖa ce bló wɛ alǒ ɖò ɖa ce lɛ bló wɛ
0.9","Je me repose / me détends/ Un ɖò gbɔjɛ wɛ/ɖò gbɔjɛ wɛ
84
Je fais des tâches ménagères (par exemple, le ménage, la lessive, la vaisselle)/ Un ɖò xwégbezɔ́ lɛ wà wɛ (e.g., nǔsisɔ, nǔnya, agbán klɔ́)
30
Je cuisine/ Un ɖò nǔ ɖa wɛ
26
Working
15
Rien, je n'écoute que la radio/ Nǔɖe ǎ, un nɔ ɖótó hladio kɛɖɛ
12
Je me prépare pour le travail/ Un ɖo nu sɔ wɛ bo na yi azɔmɛ
7
Je fais de la couture/ Un nɔ tɔ avɔ
3
Autre : veuillez préciser/ Ɖevo: kɛnklɛn ɖɔ
2
Je fais ou me fais faire ma coiffure ou des soins esthétiques/ Un ɖò ɖa ce bló wɛ alǒ ɖò ɖa ce lɛ bló wɛ
2","Je me repose / me détends/ Un ɖò gbɔjɛ wɛ/ɖò gbɔjɛ wɛ
2131.7
Je fais des tâches ménagères (par exemple, le ménage, la lessive, la vaisselle)/ Un ɖò xwégbezɔ́ lɛ wà wɛ (e.g., nǔsisɔ, nǔnya, agbán klɔ́)
865.7
Je cuisine/ Un ɖò nǔ ɖa wɛ
733.9
Working
371.2
Rien, je n'écoute que la radio/ Nǔɖe ǎ, un nɔ ɖótó hladio kɛɖɛ
311.3
Je me prépare pour le travail/ Un ɖo nu sɔ wɛ bo na yi azɔmɛ
305.1
Je fais de la couture/ Un nɔ tɔ avɔ
77.0
Autre : veuillez préciser/ Ɖevo: kɛnklɛn ɖɔ
49.1
Je fais ou me fais faire ma coiffure ou des soins esthétiques/ Un ɖò ɖa ce bló wɛ alǒ ɖò ɖa ce lɛ bló wɛ
44.2"
Radio Trust,"Je fais toujours confiance/ Un nɔ ɖeji hwebinu
43.7
La plupart du temps, j'ai confiance/ Hwenu gege ɔ un nɔ ɖeji
43.3
Parfois, j'ai confiance/ Hweɖelɛnu ɔ un nɔ ɖeji
10.5
La plupart du temps, je ne fais pas confiance/ Hwenu gege ɔ un nɔ ɖeji ǎ
2.3
Je ne fais jamais confiance/ Un nɔ ɖeji gbeɖe a
0.2
Je ne sais pas/ Un ma tuùn ǎ
0.0","Je fais toujours confiance/ Un nɔ ɖeji hwebinu
142
La plupart du temps, j'ai confiance/ Hwenu gege ɔ un nɔ ɖeji
98
Parfois, j'ai confiance/ Hweɖelɛnu ɔ un nɔ ɖeji
34
La plupart du temps, je ne fais pas confiance/ Hwenu gege ɔ un nɔ ɖeji ǎ
4
Je ne fais jamais confiance/ Un nɔ ɖeji gbeɖe a
3
Je ne sais pas/ Un ma tuùn ǎ
1","Je fais toujours confiance/ Un nɔ ɖeji hwebinu
72418.5
La plupart du temps, j'ai confiance/ Hwenu gege ɔ un nɔ ɖeji
71807.1
Parfois, j'ai confiance/ Hweɖelɛnu ɔ un nɔ ɖeji
17377.3
La plupart du temps, je ne fais pas confiance/ Hwenu gege ɔ un nɔ ɖeji ǎ
3886.2
Je ne fais jamais confiance/ Un nɔ ɖeji gbeɖe a
308.8
Je ne sais pas/ Un ma tuùn ǎ
80.9","Je fais toujours confiance/ Un nɔ ɖeji hwebinu
73.3
La plupart du temps, j'ai confiance/ Hwenu gege ɔ un nɔ ɖeji
18.1
Parfois, j'ai confiance/ Hweɖelɛnu ɔ un nɔ ɖeji
8.5","Je fais toujours confiance/ Un nɔ ɖeji hwebinu
120
La plupart du temps, j'ai confiance/ Hwenu gege ɔ un nɔ ɖeji
27
Parfois, j'ai confiance/ Hweɖelɛnu ɔ un nɔ ɖeji
12","Je fais toujours confiance/ Un nɔ ɖeji hwebinu
241460.9
La plupart du temps, j'ai confiance/ Hwenu gege ɔ un nɔ ɖeji
59752.6
Parfois, j'ai confiance/ Hweɖelɛnu ɔ un nɔ ɖeji
28159.9","Je fais toujours confiance/ Un nɔ ɖeji hwebinu
55.9
Parfois, j'ai confiance/ Hweɖelɛnu ɔ un nɔ ɖeji
41.7
La plupart du temps, j'ai confiance/ Hwenu gege ɔ un nɔ ɖeji
2.4","Je fais toujours confiance/ Un nɔ ɖeji hwebinu
35
Parfois, j'ai confiance/ Hweɖelɛnu ɔ un nɔ ɖeji
37
La plupart du temps, j'ai confiance/ Hwenu gege ɔ un nɔ ɖeji
3","Je fais toujours confiance/ Un nɔ ɖeji hwebinu
1818.3
Parfois, j'ai confiance/ Hweɖelɛnu ɔ un nɔ ɖeji
1354.6
La plupart du temps, j'ai confiance/ Hwenu gege ɔ un nɔ ɖeji
78.1","Je fais toujours confiance/ Un nɔ ɖeji hwebinu
79.5
La plupart du temps, j'ai confiance/ Hwenu gege ɔ un nɔ ɖeji
13.4
Parfois, j'ai confiance/ Hweɖelɛnu ɔ un nɔ ɖeji
6.4
Je ne fais jamais confiance/ Un nɔ ɖeji gbeɖe a
0.8","Je fais toujours confiance/ Un nɔ ɖeji hwebinu
35
La plupart du temps, j'ai confiance/ Hwenu gege ɔ un nɔ ɖeji
10
Parfois, j'ai confiance/ Hweɖelɛnu ɔ un nɔ ɖeji
4
Je ne fais jamais confiance/ Un nɔ ɖeji gbeɖe a
1","Je fais toujours confiance/ Un nɔ ɖeji hwebinu
148247.6
La plupart du temps, j'ai confiance/ Hwenu gege ɔ un nɔ ɖeji
24984.9
Parfois, j'ai confiance/ Hweɖelɛnu ɔ un nɔ ɖeji
11872.5
Je ne fais jamais confiance/ Un nɔ ɖeji gbeɖe a
1485.5","Je fais toujours confiance/ Un nɔ ɖeji hwebinu
44.0
La plupart du temps, j'ai confiance/ Hwenu gege ɔ un nɔ ɖeji
29.3
Parfois, j'ai confiance/ Hweɖelɛnu ɔ un nɔ ɖeji
25.0
La plupart du temps, je ne fais pas confiance/ Hwenu gege ɔ un nɔ ɖeji ǎ
1.4
Je ne sais pas/ Un ma tuùn ǎ
0.2
Je préfère ne pas répondre/ Un nɔ yí wǎn nú xósin ǎ
0.2","Je fais toujours confiance/ Un nɔ ɖeji hwebinu
53
La plupart du temps, j'ai confiance/ Hwenu gege ɔ un nɔ ɖeji
38
Parfois, j'ai confiance/ Hweɖelɛnu ɔ un nɔ ɖeji
31
La plupart du temps, je ne fais pas confiance/ Hwenu gege ɔ un nɔ ɖeji ǎ
3
Je ne sais pas/ Un ma tuùn ǎ
1
Je préfère ne pas répondre/ Un nɔ yí wǎn nú xósin ǎ
1","Je fais toujours confiance/ Un nɔ ɖeji hwebinu
8569.5
La plupart du temps, j'ai confiance/ Hwenu gege ɔ un nɔ ɖeji
5703.4
Parfois, j'ai confiance/ Hweɖelɛnu ɔ un nɔ ɖeji
4864.9
La plupart du temps, je ne fais pas confiance/ Hwenu gege ɔ un nɔ ɖeji ǎ
282.0
Je ne sais pas/ Un ma tuùn ǎ
38.5
Je préfère ne pas répondre/ Un nɔ yí wǎn nú xósin ǎ
38.5","Parfois, j'ai confiance/ Hweɖelɛnu ɔ un nɔ ɖeji
77.8
Je fais toujours confiance/ Un nɔ ɖeji hwebinu
22.2","Parfois, j'ai confiance/ Hweɖelɛnu ɔ un nɔ ɖeji
18
Je fais toujours confiance/ Un nɔ ɖeji hwebinu
6","Parfois, j'ai confiance/ Hweɖelɛnu ɔ un nɔ ɖeji
307504.2
Je fais toujours confiance/ Un nɔ ɖeji hwebinu
87858.3","Je fais toujours confiance/ Un nɔ ɖeji hwebinu
47.7
Parfois, j'ai confiance/ Hweɖelɛnu ɔ un nɔ ɖeji
47.1
La plupart du temps, j'ai confiance/ Hwenu gege ɔ un nɔ ɖeji
5.2","Je fais toujours confiance/ Un nɔ ɖeji hwebinu
52
Parfois, j'ai confiance/ Hweɖelɛnu ɔ un nɔ ɖeji
56
La plupart du temps, j'ai confiance/ Hwenu gege ɔ un nɔ ɖeji
2","Je fais toujours confiance/ Un nɔ ɖeji hwebinu
1391.9
Parfois, j'ai confiance/ Hweɖelɛnu ɔ un nɔ ɖeji
1375.2
La plupart du temps, j'ai confiance/ Hwenu gege ɔ un nɔ ɖeji
153.2"
Radio Influence,"Oui/ Ɛɛn
63.4
Cela dépend des auditeurs ; certains ne changeront pas d'avis/ É nɔ sín tóɖómɛtɔ́ lɛ wu; mɛɖe lɛ na ɖyɔ linlin yetɔn ǎ
20.4
Cela dépend de la qualité/du contenu des publicités ou des émissions radiophoniques/ É nɔ sín ɖagbe/nǔ e ɖò ajɔ̌jlájlá lɛ alǒ hladio jí lɛ é wu
8.6
Je ne sais pas/ Un tuùn ǎ
5.3
Non/ Éo
2.4","Oui/ Ɛɛn
166
Cela dépend des auditeurs ; certains ne changeront pas d'avis/ É nɔ sín tóɖómɛtɔ́ lɛ wu; mɛɖe lɛ na ɖyɔ linlin yetɔn ǎ
56
Cela dépend de la qualité/du contenu des publicités ou des émissions radiophoniques/ É nɔ sín ɖagbe/nǔ e ɖò ajɔ̌jlájlá lɛ alǒ hladio jí lɛ é wu
25
Je ne sais pas/ Un tuùn ǎ
23
Non/ Éo
12","Oui/ Ɛɛn
105089.2
Cela dépend des auditeurs ; certains ne changeront pas d'avis/ É nɔ sín tóɖómɛtɔ́ lɛ wu; mɛɖe lɛ na ɖyɔ linlin yetɔn ǎ
33811.1
Cela dépend de la qualité/du contenu des publicités ou des émissions radiophoniques/ É nɔ sín ɖagbe/nǔ e ɖò ajɔ̌jlájlá lɛ alǒ hladio jí lɛ é wu
14237.7
Je ne sais pas/ Un tuùn ǎ
8805.7
Non/ Éo
3935.0","Oui/ Ɛɛn
54.0
Cela dépend de la qualité/du contenu des publicités ou des émissions radiophoniques/ É nɔ sín ɖagbe/nǔ e ɖò ajɔ̌jlájlá lɛ alǒ hladio jí lɛ é wu
25.1
Cela dépend des auditeurs ; certains ne changeront pas d'avis/ É nɔ sín tóɖómɛtɔ́ lɛ wu; mɛɖe lɛ na ɖyɔ linlin yetɔn ǎ
20.4
Je ne sais pas/ Un tuùn ǎ
0.5","Oui/ Ɛɛn
87
Cela dépend de la qualité/du contenu des publicités ou des émissions radiophoniques/ É nɔ sín ɖagbe/nǔ e ɖò ajɔ̌jlájlá lɛ alǒ hladio jí lɛ é wu
40
Cela dépend des auditeurs ; certains ne changeront pas d'avis/ É nɔ sín tóɖómɛtɔ́ lɛ wu; mɛɖe lɛ na ɖyɔ linlin yetɔn ǎ
31
Je ne sais pas/ Un tuùn ǎ
1","Oui/ Ɛɛn
177802.3
Cela dépend de la qualité/du contenu des publicités ou des émissions radiophoniques/ É nɔ sín ɖagbe/nǔ e ɖò ajɔ̌jlájlá lɛ alǒ hladio jí lɛ é wu
82752.4
Cela dépend des auditeurs ; certains ne changeront pas d'avis/ É nɔ sín tóɖómɛtɔ́ lɛ wu; mɛɖe lɛ na ɖyɔ linlin yetɔn ǎ
67120.0
Je ne sais pas/ Un tuùn ǎ
1698.8","Cela dépend de la qualité/du contenu des publicités ou des émissions radiophoniques/ É nɔ sín ɖagbe/nǔ e ɖò ajɔ̌jlájlá lɛ alǒ hladio jí lɛ é wu
45.4
Oui/ Ɛɛn
42.8
Cela dépend des auditeurs ; certains ne changeront pas d'avis/ É nɔ sín tóɖómɛtɔ́ lɛ wu; mɛɖe lɛ na ɖyɔ linlin yetɔn ǎ
8.4
Non/ Éo
2.2
Je ne sais pas/ Un tuùn ǎ
1.2","Cela dépend de la qualité/du contenu des publicités ou des émissions radiophoniques/ É nɔ sín ɖagbe/nǔ e ɖò ajɔ̌jlájlá lɛ alǒ hladio jí lɛ é wu
40
Oui/ Ɛɛn
27
Cela dépend des auditeurs ; certains ne changeront pas d'avis/ É nɔ sín tóɖómɛtɔ́ lɛ wu; mɛɖe lɛ na ɖyɔ linlin yetɔn ǎ
6
Non/ Éo
1
Je ne sais pas/ Un tuùn ǎ
1","Cela dépend de la qualité/du contenu des publicités ou des émissions radiophoniques/ É nɔ sín ɖagbe/nǔ e ɖò ajɔ̌jlájlá lɛ alǒ hladio jí lɛ é wu
1476.0
Oui/ Ɛɛn
1392.1
Cela dépend des auditeurs ; certains ne changeront pas d'avis/ É nɔ sín tóɖómɛtɔ́ lɛ wu; mɛɖe lɛ na ɖyɔ linlin yetɔn ǎ
273.9
Non/ Éo
70.8
Je ne sais pas/ Un tuùn ǎ
38.3","Cela dépend des auditeurs ; certains ne changeront pas d'avis/ É nɔ sín tóɖómɛtɔ́ lɛ wu; mɛɖe lɛ na ɖyɔ linlin yetɔn ǎ
47.6
Oui/ Ɛɛn
33.0
Cela dépend de la qualité/du contenu des publicités ou des émissions radiophoniques/ É nɔ sín ɖagbe/nǔ e ɖò ajɔ̌jlájlá lɛ alǒ hladio jí lɛ é wu
16.7
Je ne sais pas/ Un tuùn ǎ
2.7","Cela dépend des auditeurs ; certains ne changeront pas d'avis/ É nɔ sín tóɖómɛtɔ́ lɛ wu; mɛɖe lɛ na ɖyɔ linlin yetɔn ǎ
18
Oui/ Ɛɛn
19
Cela dépend de la qualité/du contenu des publicités ou des émissions radiophoniques/ É nɔ sín ɖagbe/nǔ e ɖò ajɔ̌jlájlá lɛ alǒ hladio jí lɛ é wu
10
Je ne sais pas/ Un tuùn ǎ
3","Cela dépend des auditeurs ; certains ne changeront pas d'avis/ É nɔ sín tóɖómɛtɔ́ lɛ wu; mɛɖe lɛ na ɖyɔ linlin yetɔn ǎ
88827.2
Oui/ Ɛɛn
61631.4
Cela dépend de la qualité/du contenu des publicités ou des émissions radiophoniques/ É nɔ sín ɖagbe/nǔ e ɖò ajɔ̌jlájlá lɛ alǒ hladio jí lɛ é wu
31184.2
Je ne sais pas/ Un tuùn ǎ
4947.9","Oui/ Ɛɛn
73.7
Cela dépend des auditeurs ; certains ne changeront pas d'avis/ É nɔ sín tóɖómɛtɔ́ lɛ wu; mɛɖe lɛ na ɖyɔ linlin yetɔn ǎ
15.9
Cela dépend de la qualité/du contenu des publicités ou des émissions radiophoniques/ É nɔ sín ɖagbe/nǔ e ɖò ajɔ̌jlájlá lɛ alǒ hladio jí lɛ é wu
5.7
Je ne sais pas/ Un tuùn ǎ
3.4
Non/ Éo
1.2","Oui/ Ɛɛn
86
Cela dépend des auditeurs ; certains ne changeront pas d'avis/ É nɔ sín tóɖómɛtɔ́ lɛ wu; mɛɖe lɛ na ɖyɔ linlin yetɔn ǎ
22
Cela dépend de la qualité/du contenu des publicités ou des émissions radiophoniques/ É nɔ sín ɖagbe/nǔ e ɖò ajɔ̌jlájlá lɛ alǒ hladio jí lɛ é wu
9
Je ne sais pas/ Un tuùn ǎ
9
Non/ Éo
1","Oui/ Ɛɛn
14376.3
Cela dépend des auditeurs ; certains ne changeront pas d'avis/ É nɔ sín tóɖómɛtɔ́ lɛ wu; mɛɖe lɛ na ɖyɔ linlin yetɔn ǎ
3109.1
Cela dépend de la qualité/du contenu des publicités ou des émissions radiophoniques/ É nɔ sín ɖagbe/nǔ e ɖò ajɔ̌jlájlá lɛ alǒ hladio jí lɛ é wu
1115.4
Je ne sais pas/ Un tuùn ǎ
669.4
Non/ Éo
226.6","Cela dépend de la qualité/du contenu des publicités ou des émissions radiophoniques/ É nɔ sín ɖagbe/nǔ e ɖò ajɔ̌jlájlá lɛ alǒ hladio jí lɛ é wu
44.4
Cela dépend des auditeurs ; certains ne changeront pas d'avis/ É nɔ sín tóɖómɛtɔ́ lɛ wu; mɛɖe lɛ na ɖyɔ linlin yetɔn ǎ
29.6
Oui/ Ɛɛn
25.9","Cela dépend de la qualité/du contenu des publicités ou des émissions radiophoniques/ É nɔ sín ɖagbe/nǔ e ɖò ajɔ̌jlájlá lɛ alǒ hladio jí lɛ é wu
12
Cela dépend des auditeurs ; certains ne changeront pas d'avis/ É nɔ sín tóɖómɛtɔ́ lɛ wu; mɛɖe lɛ na ɖyɔ linlin yetɔn ǎ
5
Oui/ Ɛɛn
7","Cela dépend de la qualité/du contenu des publicités ou des émissions radiophoniques/ É nɔ sín ɖagbe/nǔ e ɖò ajɔ̌jlájlá lɛ alǒ hladio jí lɛ é wu
175716.7
Cela dépend des auditeurs ; certains ne changeront pas d'avis/ É nɔ sín tóɖómɛtɔ́ lɛ wu; mɛɖe lɛ na ɖyɔ linlin yetɔn ǎ
117144.5
Oui/ Ɛɛn
102501.4","Cela dépend de la qualité/du contenu des publicités ou des émissions radiophoniques/ É nɔ sín ɖagbe/nǔ e ɖò ajɔ̌jlájlá lɛ alǒ hladio jí lɛ é wu
45.1
Oui/ Ɛɛn
31.0
Cela dépend des auditeurs ; certains ne changeront pas d'avis/ É nɔ sín tóɖómɛtɔ́ lɛ wu; mɛɖe lɛ na ɖyɔ linlin yetɔn ǎ
20.3
Non/ Éo
2.1
Je ne sais pas/ Un tuùn ǎ
1.5","Cela dépend de la qualité/du contenu des publicités ou des émissions radiophoniques/ É nɔ sín ɖagbe/nǔ e ɖò ajɔ̌jlájlá lɛ alǒ hladio jí lɛ é wu
56
Oui/ Ɛɛn
32
Cela dépend des auditeurs ; certains ne changeront pas d'avis/ É nɔ sín tóɖómɛtɔ́ lɛ wu; mɛɖe lɛ na ɖyɔ linlin yetɔn ǎ
17
Non/ Éo
3
Je ne sais pas/ Un tuùn ǎ
2","Cela dépend de la qualité/du contenu des publicités ou des émissions radiophoniques/ É nɔ sín ɖagbe/nǔ e ɖò ajɔ̌jlájlá lɛ alǒ hladio jí lɛ é wu
1318.0
Oui/ Ɛɛn
904.5
Cela dépend des auditeurs ; certains ne changeront pas d'avis/ É nɔ sín tóɖómɛtɔ́ lɛ wu; mɛɖe lɛ na ɖyɔ linlin yetɔn ǎ
593.2
Non/ Éo
60.4
Je ne sais pas/ Un tuùn ǎ
44.2"
Radio Tv Figures,"Autre : veuillez préciser/ ɖevo: kɛnklɛn bo ɖɔ
71.6
Je ne sais pas / Un tùun ǎ
25.6
Je préfère ne pas répondre / Un jló na yigbe ǎ
2.8","Autre : veuillez préciser/ ɖevo: kɛnklɛn bo ɖɔ
180
Je ne sais pas / Un tùun ǎ
94
Je préfère ne pas répondre / Un jló na yigbe ǎ
8","Autre : veuillez préciser/ ɖevo: kɛnklɛn bo ɖɔ
118695.1
Je ne sais pas / Un tùun ǎ
42476.3
Je préfère ne pas répondre / Un jló na yigbe ǎ
4707.4","Je ne sais pas / Un tùun ǎ
56.2
Je préfère ne pas répondre / Un jló na yigbe ǎ
32.2
Autre : veuillez préciser/ ɖevo: kɛnklɛn bo ɖɔ
11.7","Je ne sais pas / Un tùun ǎ
86
Je préfère ne pas répondre / Un jló na yigbe ǎ
52
Autre : veuillez préciser/ ɖevo: kɛnklɛn bo ɖɔ
21","Je ne sais pas / Un tùun ǎ
185030.2
Je préfère ne pas répondre / Un jló na yigbe ǎ
105951.8
Autre : veuillez préciser/ ɖevo: kɛnklɛn bo ɖɔ
38391.4","Autre : veuillez préciser/ ɖevo: kɛnklɛn bo ɖɔ
60.5
Je ne sais pas / Un tùun ǎ
38.4
Je préfère ne pas répondre / Un jló na yigbe ǎ
1.2","Autre : veuillez préciser/ ɖevo: kɛnklɛn bo ɖɔ
43
Je ne sais pas / Un tùun ǎ
31
Je préfère ne pas répondre / Un jló na yigbe ǎ
1","Autre : veuillez préciser/ ɖevo: kɛnklɛn bo ɖɔ
1965.9
Je ne sais pas / Un tùun ǎ
1246.9
Je préfère ne pas répondre / Un jló na yigbe ǎ
38.3","Je ne sais pas / Un tùun ǎ
70.7
Autre : veuillez préciser/ ɖevo: kɛnklɛn bo ɖɔ
25.6
Je préfère ne pas répondre / Un jló na yigbe ǎ
3.7","Je ne sais pas / Un tùun ǎ
25
Autre : veuillez préciser/ ɖevo: kɛnklɛn bo ɖɔ
24
Je préfère ne pas répondre / Un jló na yigbe ǎ
1","Je ne sais pas / Un tùun ǎ
131907.0
Autre : veuillez préciser/ ɖevo: kɛnklɛn bo ɖɔ
47758.9
Je préfère ne pas répondre / Un jló na yigbe ǎ
6924.7","Autre : veuillez préciser/ ɖevo: kɛnklɛn bo ɖɔ
69.9
Je ne sais pas / Un tùun ǎ
26.4
Je préfère ne pas répondre / Un jló na yigbe ǎ
3.7","Autre : veuillez préciser/ ɖevo: kɛnklɛn bo ɖɔ
83
Je ne sais pas / Un tùun ǎ
40
Je préfère ne pas répondre / Un jló na yigbe ǎ
4","Autre : veuillez préciser/ ɖevo: kɛnklɛn bo ɖɔ
13621.2
Je ne sais pas / Un tùun ǎ
5145.3
Je préfère ne pas répondre / Un jló na yigbe ǎ
730.4","Autre : veuillez préciser/ ɖevo: kɛnklɛn bo ɖɔ
81.5
Je ne sais pas / Un tùun ǎ
18.5","Autre : veuillez préciser/ ɖevo: kɛnklɛn bo ɖɔ
19
Je ne sais pas / Un tùun ǎ
5","Autre : veuillez préciser/ ɖevo: kɛnklɛn bo ɖɔ
322147.3
Je ne sais pas / Un tùun ǎ
73215.3","Autre : veuillez préciser/ ɖevo: kɛnklɛn bo ɖɔ
57.3
Je ne sais pas / Un tùun ǎ
42.7","Autre : veuillez préciser/ ɖevo: kɛnklɛn bo ɖɔ
65
Je ne sais pas / Un tùun ǎ
45","Autre : veuillez préciser/ ɖevo: kɛnklɛn bo ɖɔ
1673.3
Je ne sais pas / Un tùun ǎ
1247.0"
Favourite Radio Drama,"-88
8.3
Revue de presse 
Journal 
Émission Société 
Faits divers 
Musique
3.1
Revue de presse 
Journal
Musique 
Grogne matinale
Émission de divertissement.
3.1
-99
2.9
Revue de presse 
Débat 
Émission Harmonie familiale
Musique 
Journal
2.6
Revue de presse 
Journal 
Musique 
Émission santé 
Émission Harmonie familiale
2.2
Revue de presse 
Journal 
Musique 
Émission santé 
Faits divers
2.1
Revue de presse 
Journal 
Musique 
Faits divers 
Émission santé.
2.0
Politique
Chanson
Éducation sur le foyer
Demande de clip aux gens
Les histoires
1.7
Revue de presse 
Journal 
Musique 
Émission Harmonie familiale 
Émission société
1.6
Revue de presse 
Journal 
Musique 
Émission société
Faits divers
1.5
Revue de presse 
Journal 
Musique
Émission Harmonie familiale 
Faits divers.
1.4
Revue de presse 
Journal
Musique 
Émission santé 
Émission Harmonie familiale
1.4
Revue de presse 
Journal 
Émission santé 
Émission sportif 
Émission religieuse
1.4
Revue de presse
Journal 
Musique 
Émission santé 
Émission Harmonie familiale
1.4
Revue de presse 
Journal 
Émission Harmonie familiale 
Émission santé
Émission humour.
1.4
Revue de presse 
Journal 
Émission santé 
Musique
Émission Harmonie familiale
1.3
Revue de presse 
Journal 
Musique 
Faits divers 
Divertissement
1.1
Revue de presse 
Journal 
Musique 
Émission santé 
Faits divers.
1.0
Émission programme santé et famille 
Louange 
Débats sur les actualités
0.9
Revue de presse,
Journal 
Musique,
Émission santé
Divertissement
0.9
Hovicléhoun sur la voix de la lama
0.9
Musique 
Journal en langue locale 
Témoignage et prière
0.8
Hoviclé sur radio Bénin
0.8
Revue de presse 
Divertissement 
Musique 
Émission religieux 
Émission sportif
0.8
Revue de presse 
Journal
Musique 
Émission thérapie traditionnelle
Divertissement
0.8
Xojlajla 
Hinnou xo (programme famille)
Émission culturelle
0.8
Hoviklehoun 
Dédicace 
Programme éducation et santé 
Émission culturelle
0.8
Animation musicale les matin
Xojlajla 
Mahu xo
0.7
Hovicléhoun de la voix de la vallée 
Hoyêli sur la voix de la vallée
0.7
Journal 
Émission de sensibilisation sur la santé et la famille
0.7
Hanlissa
Atchakpodji 
Xojlawema (revue de presse)
0.7
Animation culturelle 
Journal 
Découverte
0.7
Journal 
Émission sportive 
Théâtre
0.7
Journal 
Débats actualités 
Chronique 
Programme santé
0.7
Hoviclehoun
Jeux : Un voleur un mouton 
Jeux: adjemin
Conseil 
Musique
0.7
Revue de presse 
Journal
Musique 
Faits divers
0.7
Revue de presse 
Journal 
Musique 
Émission société 
Faits divers
0.7
Adoration 
Journal 
Leçon de vie
Éducation 
Distraction
0.7
Santé des enfants
Planningdm
Santé maternelle
Santé générale
Sensibiliser sur la prise des médicaments
0.7
Revue de presse 
Journal
Grogne
Émission santé
Émission Harmonie familiale
0.7
Revue de presse 
Journal 
Musique 
Émission communautaire 
Émission humour
0.7
Revue de presse 
Journal 
Musique 
Émission santé 
Divertissement
0.6
Whindomin nan fa
Journal en fon
Hoviklehoun
0.6
Hoviklehoun 
Programme santé et famille 
Ambiance musicale
0.6
Fait divers
0.6
Afountoutou kpalala 
Journal de dah houawé 
Dédicace musicale
0.5
Journal 
Émission programme santé et diversité culturelle
0.5
Revue de presse 
Journal
Musique
Émission santé 
Émission Harmonie familiale
0.5
Azontchenangbo radio lama
Xo sô do atèdji
0.5
Xojlajla 
Nukplonmin ( programme éducation)
0.5
Xojlajla 
Programme éducation
0.5
Émission sportive 
Programme santé et famille 
Jeux concours
0.5
Journal 
Musique
0.5
Revue de presse 
Journal 
Musique 
Émission santé 
Divertissement.
0.5
Journal 
Info sport 
Dédicace 
Hoviklehoun 
Programme santé et famille
0.5
Hõhinhoun sur la Radio Sedohoun
0.5
Revue de presse 
Journal 
Musique 
Émission Harmonie familiale 
Émission santé
0.5
Programme éducation sociale
0.5
Xojlajla 
Hoviklehoun 
Émission sportive
0.5
Rubriques santé
0.5
Journal 
Programmes santé et famille 
Programme éducation sociale 
Débat d'actualité
0.4
Programme santé et famille 
Programme éducation sociale 
Journal 
Dédicace 
Émission culturelle
0.4
Culture et divertissement 
Journal 
Débats 
Dédicace
0.4
Émission programme santé 
Revue de presse en fon
0.4
Xojlajla 
Agbanbibio 
Hwenuxo
Hwendo xo
0.4
Revue de presse 
Journal 
Musique 
Faits divers 
Émission formative
0.4
Whindomin xo
0.4
Revue de presse 
Émission Harmonie familiale 
Émission de divertissement 
Journal 
Émission sportif
0.4
Journal 
Émission et programme santé 
Musique
0.4
Revue de presse 
Journal
Musique 
Émission débat 
Divertissement
0.4
Revue de presse
Journal 
Musique 
Émission santé 
Émission religieuse.
0.4
Hovicléhoun sur la voix de la lama, des enseignements sur les valeurs de notre culture sur diaspora FM, les enseignements sur la santé sur BIP radio
0.4
Débat 
Journal 
Émission culturelle 
Émission sportif 
Émission santé
0.4
Hoviklehoun 
Ambiance 
Jeux concours radiophonique
0.4
Journal, 
Débat 
Témoignage 
Musique 
Revue de presse
0.4
Journal 
Publicité 
Conte 
Faire divers 
Affountountoun kpraa
0.4
Humour pour faire rire par Hervé houandékon à la radio Sedohoun 
Sensibilisation et les actualités d'ici et d'ailleurs par Robert Agoton sur la radio Lama
0.4
Revue de presse 
Journal 
Musique 
Émission santé 
Émission Harmonie familiale.
0.4
Hovicléhoun sur radio ORTB
Les enseignements de tout genre sur les chaînes que j'écoute
0.4
Atchakpodji 
Afountoutou kpalala 
Hoviklehoun 
Journal de dah houawé 
Programme santé et famille
0.4
Conseil 
Musique 
Jeux 
Coeur qui saigne 
As de coeur
0.3
Éducation 
Prière 
Louange 
Distraction 
Jeux
0.3
Le grogne matinal
Les jeux
Les dédicaces 
Miwamidoho
Musique
0.3
Musique
0.3
Conseil 
Musique 
Publicité
0.3
Nouklonme: conseils
Musique
0.3
Conseil sur le foyer
Louange 
Prière mariale
Chapelaire
Musique traditionnelle
0.3
Conseil sur le foyer
Nouyounto hassoun
Un voleur un mouton 
Yoyoomhounba
Journal
0.3
Wendomabou
Parole de Dieu
Adoration et louande
Journal de dah wahoue
Émission su le foyer
0.3
Journal 
Émission de prière et de louange 
Programme santé et famille 
Hoviklehoun 
Dédicace
0.3
Journal 
Dédicace 
Hoviklehoun 
Émission programme santé et famille 
Atchakpodji (voix de la vallée
0.3
Émissions sur la famille à la radio immaculée 
Hoyêli sur la voix de la lama 
Émissions téléphonique sur les besoins et les difficultés de la population sur la voix de la lama
0.3
Hoviklehoun 
Whindomin xo
0.3
Hododagni de Hévé Houandékon sur la Radio Sedohoun 
Sensibilisation et explications sur les méthodes contraceptifs sur la voix de la vallée 
Prières et chansons religieuses sur immaculée FM
0.3
Hovicléhoun sur l'ORTB
Les avis, annonces et publicités
Les faits divers sur les autres chaînes comme Alliance FM et la voix de la lama
0.3
Journal 
Jeux radiophonique 
Fait divers 
Débat contradictoire 
Publicité
0.3
Hoviklehoun 
Atchakpodji 
Afountoutou kpalala 
Journal 
Revue de presse dah houawé
0.3
Les enseignements sur la gestion de famille, sur la gestion de ses activités et aussi sur la santé sur Radio lama 
Hovicléhoun sur lama aussi je crois bien 
Les publicités et les journaux sur les radio que j'écoute
0.3
Do nou essé (journal)
Hoviklehoun
0.3
Revue presse 
Journal
Musique 
Émission de société 
Divertissement
0.3
L'émission de jean Kassette qui donne des enseignements sur différents points
0.3
Les enseignements sur la gestion des activités génératrice de revenu, la gestion des activités champêtre, la gestion du foyer, beaucoup de choses que j'aime écouté à la radio lalo
0.3
Hovicléhoun sur les radio lama et Sedohoun, des émissions sur la gestion du foyer et sur la vie de façon générale
0.3
Revue presse 
Journal 
Musique 
Émission santé 
Émission humour
0.3
Les sensibilisations sur la santé, sur la gestion des activités champêtre, sur la vie et les actualités d'ici et d'ailleurs, hoyi une émission sur les faits de la société
0.3
Hovicléhoun à la radio lama, les publicités à la radio lama et Alliance, les prières et messes à immaculée conception
0.3
Hoviklehoun 
Émission radio téléphonique
0.3
Hovicléhoun, Hohêhi sur la voix de la vallée, des émissions sur la santé et le bien être des enfants et de la famille
0.2
Revue de presse
Journal 
Musique 
Émission santé 
Émission humour
0.2
Journal 
Hoviklehoun
0.2
Hwdominho sur la voix de la lama les jeudis 
Les actualités et les journaux sur Alliance FM 
Les publicités et annonces sur toutes les Radio que j'écoute, ça dépend du jour et l'heure de la division
0.2
Musique 
Éducation sur les enfants 
Politique
0.2
Revue de presse 
Journal 
Émission religieuse 
Émission société 
Émission santé
0.2
Revue de presse 
Journal 
Émission santé 
Émission société 
Faits divers.
0.2
Revue de presse 
Journal 
Musique 
Débat politique 
Émission santé.
0.2
Revue de presse 
Journal 
Musique 
Émission Harmonie familiale 
Émission société.
0.2
Awadjidjê sur la radio Gbètin 
Jusqu'au panier sur la radio Gbètin 
Hozédoatêdji sur la radio Gbètin et Kpassè 
Les publicités et les émissions sur la santé sur Gbètin
0.2
Journal 
Hoviklehoun 
Hanlissa
0.2
Hovicléhoun a la radio Sedohoun, dohami horton toujours à la radio Sedohoun
0.2
Hwendo xo 
Jeux concours radiophonique 
Ambiance
0.2
Coeur plume: sedohoun 
Jeux concours radiophonique
0.2
Journal 
Musique 
Débats 
Programme santé
0.2
Revue de presse 
Journal 
Musique 
Émission Santé 
Émission Harmonie familiale
0.2
Journal 
Hoviklehoun 
Programme santé et famille
0.2
Revue de presse 
Musique 
Journal 
Émission santé 
Émission Harmonie familiale
0.2
Programme santé et famille 
Les émissions biblique
0.2
Débats religieux 
Programme sensibilisation 
Whindomin xo
0.2
Journal 
To xo
Hoviklehoun
0.2
Hozédoatêdji sur Alliance FM, 
Noudjidjê sur Alliance FM, Hodjaladjala houéman sur la voix de la Lama
0.2
Rubriques famille
0.2
Les devinettes et histoire sur radio Kpassè 
Faits divers et actualités sur radio Gbètin 
Émissions sur la santé et la gestion des foyers sur radio Gbètin
0.2
Journal 
Divertissement 
Programme éducation sociale 
Programme santé
0.2
Journal 
Affaire du ménage 
Publicité 
Fait divers 
Débat contradictoire
0.2
Revue presse
Journal 
Interview, débat 
Musique 
Émission faits divers
0.2
Émission téléphonique 
Grogne
Dédicace
0.2
Dédicaces
Informations 
Débats religieux
0.2
Revue de presse 
Journal 
Musique 
Émission santé 
Émission sportif
0.2
Revue de presse 
Journal
Musique 
Faits divers 
Émission religieuse
0.2
Revue de presse 
Journal 
Musique 
Émission santé 
Émission société.
0.2
Afountoutou kpalala : voix de la vallée 
Xojlajla
0.2
Yassého sur Cap Fm avec Thomas hèmandjè
0.2
Revue de presse 
Journal 
Musique 
Émission humour
Émission société.
0.2
Journal en fon
Sensibilisation 
Débats ouvert au public 
Hoviklehoun
0.2
Publicité 
Développement 
Fait divers 
Journal 
Débat radiophonique
0.2
Hovicléhoun sur la voix de la vallée
0.2
Afountoutou kpalala : voix de la vallée
0.2
Revue de presse 
Journal
Musique
Faits divers 
Émission humour
0.2
Conseils pour les familles, fait divers
0.2
Hanlissa, les chansons religieuses et les journaux 
J'écoute aussi les publicités
0.2
Fait divers et rubriques famille
0.1
Rubriques cuisine et conseils famille
0.1
Rubriques fait divers
0.1
Hovicléhoun à la radio lama
0.1
Rubriques fait divers,et humour
0.1
Musique 
Jeux 
Conseil
0.1
Conseil sur le foyer 
Musique 
Prière 
Animation 
Conseil sur le commerce
0.1
Musique 
Revue de presse 
Journal 
Émission Harmonie familiale 
Émission santé.
0.1
Revue de presse 
Journal 
Musique 
Émission Santé 
Émission culturelle.
0.1
Le journal en fon de Dah houawé
Sur cap FM
0.1
Journal
0.1
Hovicléhoun sur la vallée, les prières et chansons religieuses sur Alléluia FM, des enseignements sur la santé, la famille et les actualités du monde sur radio tokpa
0.1
Hovicléhoun sur la radio la voix de la vallée, les blagues et les humour sur la radio la voix de la vallée les mercredis et jeudi
0.1
Hovicléhoun sur radio Sedohoun
0.1
Rubriques (santé, conseils pour les couples et sur l'éducation des enfants)
0.1
Rubriques Conseils famille, rubriques humour
0.1
Rubriques: conseils et éducation des enfants, fait divers
0.1
Rubriques Conseils pour les familles, rubriques sur l'éducation des enfants
0.1
Rubriques sur la famille,Fait divers
0.1
Rubriques (conseils,Fait divers)
0.1
Programme santé de famille 
Xojlajla (journal)
Hoviklehoun
0.1
Revue de presse 
Journal 
Émission journal 
Émission santé
Musique
0.1
Hozédoatêdji sur la radio Gbètin 
Publicités, annonces et actualités sur radio Kpassè
0.1
Hovicléhoun 
Wassého sur capp fm
0.1
Fait divers , conseil sur l'éducation des enfants et familial
0.1
Rubriques éducation des enfants,et respect
0.1
Fait divers, éducation sur les comportements à adopter dans le foyer
0.1
Fait divers, conseil et éducation
0.1
Conseils sur la famille
0.1
Rubriques conseils sur l'éducation des enfants
0.1
Fait divers,conseils et humour
0.1
Conseil pour un couple épanouie
0.1
Rubriques fait divers et sur l'éducation des enfants
0.1
Conseils famille,fait divers
0.1
Rubriques conseils pour avoir la paix et harmonie dans. Les foyers.
0.1
Conseils famille
0.1
Rubriques conseils pour les foyers
0.1
Fais divers, actualités, conseils pour la famille
0.1
Conseils sur l'éducation des enfants
0.1
Journal 
Jeux radiophonique 
Fait divers 
Débat contradictoire 
Témoignage
0.1
Journal 
Publicité 
Fait divers 
Jeux radiophonique 
Chanson
0.1
Fait divers, conseils famille, humour
0.1
Fait divers, conseils pour les familles
0.1
Témoignage 
Jeux radiophonique 
Journal 
Débat contradictoire 
Fait divers
0.1
Grand débat culturel 
Les journaux 
Publicité 
Émission des enfant 
Musique et sport
0.1
Conte 
Journal 
Jeux radiophonique 
Émission sur la santé 
Débat contradictoire
0.1
Conseils sur la santé familiale,sur l'éducation des enfants
0.1
Débat sur la santé 
Témoignage 
Fait divers 
Journal 
Débat contradictoire
0.1
Conseils sur l'entretien dans le foyer 
Prendre soin de la santé des enfants 
Fait divers 
Journal fon
Jeux radiophonique
0.1
Wendomabou 
Enseignement biblique 
Témoignage 
Musique 
Jeux
0.1
Prière 
Conseil sur le foyer
0.1
Journal 
Conseil sur le commerce 
Conseil sur le foyer 
Prière 
Musique
0.1
Conseil sur la famille 
Actualité 
Prière 
Musique 
Conseil général
0.1
Conseil sur le foyer 
Musique 
Dédicaces 
Jeux
0.1
Wendonifa
Journal 
Prière 
Louange et adoration 
Musique
0.1
Wendomena
Conseil sur le commerce 
Politique 
informations générales 
Musique
0.1
Politique 
Journal 
Conseil 
Musique 
Jeux
0.1
Politique 
Jeux
Musique 
Conseils concernant le foyer
0.1
Rubriques santé des enfants, conseils famille
0.1
Fait divers,et l'eucharistie du dimanche matin
0.1
Fait divers, conseil famille
0.1
Conseils pour les familles et pour l'éducation des enfants
0.1
Conseils famille et enfants
0.1
Rubriques fait divers, rubriques conseils
0.1
Rubriques Conseils famille, fait divers
0.1
Rubriques conseils pour les couples
0.1
Rubriques conseils sur l'harmonie des familles
0.1
Rubriques conseils famille
0.1
Rubriques éducation et conseils
0.1
Rubriques conseils de famille et bien être
0.1
Journal fon 
Publicité 
Fait divers 
Débat contradictoire 
Débat radiophonique
0.0
Conseils famille, divertissement, conseils sur l'éducation des enfants, fait divers
0.0
Conseils pour le bien être d'une famille
0.0
Dédicace 
Journal 
Publicité 
Fait divers 
Débat contradictoire
0.0
Émission grogne 
Enseignement 
Fait divers 
Publicité 
Témoignage
0.0
Journal 
Publicité 
Les anciens musique 
Débat contradictoire 
Fait divers
0.0
Conseil pour la famille pour avoir la paix dans son foyer
0.0
Music traditionnelle, Fait divers
0.0
Enseignements sur la famille, la gestion du foyer et la santé sur la radio Gbètin 
Les actualités, publicités et autres choses sur Kpassè
0.0
Fait divers, Conseils famille et sur l'éducation des enfants
0.0
Journal 
Émission sur éducation 
Publicité 
Fait divers 
Grogne
0.0
Rubriques santé, conseils pour les foyers
0.0
Publicité 
Fait divers 
Journal 
Débat contradictoire 
Jeux radiophonique
0.0
Conseille sur les comportements à adopter en foyer
0.0","-88
25
Revue de presse 
Journal 
Émission Société 
Faits divers 
Musique
1
Revue de presse 
Journal
Musique 
Grogne matinale
Émission de divertissement.
1
-99
7
Revue de presse 
Débat 
Émission Harmonie familiale
Musique 
Journal
1
Revue de presse 
Journal 
Musique 
Émission santé 
Émission Harmonie familiale
4
Revue de presse 
Journal 
Musique 
Émission santé 
Faits divers
4
Revue de presse 
Journal 
Musique 
Faits divers 
Émission santé.
1
Politique
Chanson
Éducation sur le foyer
Demande de clip aux gens
Les histoires
1
Revue de presse 
Journal 
Musique 
Émission Harmonie familiale 
Émission société
2
Revue de presse 
Journal 
Musique 
Émission société
Faits divers
1
Revue de presse 
Journal 
Musique
Émission Harmonie familiale 
Faits divers.
1
Revue de presse 
Journal
Musique 
Émission santé 
Émission Harmonie familiale
1
Revue de presse 
Journal 
Émission santé 
Émission sportif 
Émission religieuse
1
Revue de presse
Journal 
Musique 
Émission santé 
Émission Harmonie familiale
1
Revue de presse 
Journal 
Émission Harmonie familiale 
Émission santé
Émission humour.
1
Revue de presse 
Journal 
Émission santé 
Musique
Émission Harmonie familiale
1
Revue de presse 
Journal 
Musique 
Faits divers 
Divertissement
1
Revue de presse 
Journal 
Musique 
Émission santé 
Faits divers.
2
Émission programme santé et famille 
Louange 
Débats sur les actualités
1
Revue de presse,
Journal 
Musique,
Émission santé
Divertissement
1
Hovicléhoun sur la voix de la lama
3
Musique 
Journal en langue locale 
Témoignage et prière
1
Hoviclé sur radio Bénin
1
Revue de presse 
Divertissement 
Musique 
Émission religieux 
Émission sportif
1
Revue de presse 
Journal
Musique 
Émission thérapie traditionnelle
Divertissement
1
Xojlajla 
Hinnou xo (programme famille)
Émission culturelle
1
Hoviklehoun 
Dédicace 
Programme éducation et santé 
Émission culturelle
1
Animation musicale les matin
Xojlajla 
Mahu xo
1
Hovicléhoun de la voix de la vallée 
Hoyêli sur la voix de la vallée
1
Journal 
Émission de sensibilisation sur la santé et la famille
1
Hanlissa
Atchakpodji 
Xojlawema (revue de presse)
1
Animation culturelle 
Journal 
Découverte
1
Journal 
Émission sportive 
Théâtre
1
Journal 
Débats actualités 
Chronique 
Programme santé
1
Hoviclehoun
Jeux : Un voleur un mouton 
Jeux: adjemin
Conseil 
Musique
1
Revue de presse 
Journal
Musique 
Faits divers
1
Revue de presse 
Journal 
Musique 
Émission société 
Faits divers
1
Adoration 
Journal 
Leçon de vie
Éducation 
Distraction
1
Santé des enfants
Planningdm
Santé maternelle
Santé générale
Sensibiliser sur la prise des médicaments
1
Revue de presse 
Journal
Grogne
Émission santé
Émission Harmonie familiale
1
Revue de presse 
Journal 
Musique 
Émission communautaire 
Émission humour
1
Revue de presse 
Journal 
Musique 
Émission santé 
Divertissement
2
Whindomin nan fa
Journal en fon
Hoviklehoun
1
Hoviklehoun 
Programme santé et famille 
Ambiance musicale
1
Fait divers
6
Afountoutou kpalala 
Journal de dah houawé 
Dédicace musicale
1
Journal 
Émission programme santé et diversité culturelle
1
Revue de presse 
Journal
Musique
Émission santé 
Émission Harmonie familiale
1
Azontchenangbo radio lama
Xo sô do atèdji
1
Xojlajla 
Nukplonmin ( programme éducation)
1
Xojlajla 
Programme éducation
1
Émission sportive 
Programme santé et famille 
Jeux concours
1
Journal 
Musique
1
Revue de presse 
Journal 
Musique 
Émission santé 
Divertissement.
1
Journal 
Info sport 
Dédicace 
Hoviklehoun 
Programme santé et famille
1
Hõhinhoun sur la Radio Sedohoun
1
Revue de presse 
Journal 
Musique 
Émission Harmonie familiale 
Émission santé
1
Programme éducation sociale
1
Xojlajla 
Hoviklehoun 
Émission sportive
1
Rubriques santé
1
Journal 
Programmes santé et famille 
Programme éducation sociale 
Débat d'actualité
1
Programme santé et famille 
Programme éducation sociale 
Journal 
Dédicace 
Émission culturelle
1
Culture et divertissement 
Journal 
Débats 
Dédicace
1
Émission programme santé 
Revue de presse en fon
1
Xojlajla 
Agbanbibio 
Hwenuxo
Hwendo xo
1
Revue de presse 
Journal 
Musique 
Faits divers 
Émission formative
1
Whindomin xo
1
Revue de presse 
Émission Harmonie familiale 
Émission de divertissement 
Journal 
Émission sportif
1
Journal 
Émission et programme santé 
Musique
1
Revue de presse 
Journal
Musique 
Émission débat 
Divertissement
1
Revue de presse
Journal 
Musique 
Émission santé 
Émission religieuse.
1
Hovicléhoun sur la voix de la lama, des enseignements sur les valeurs de notre culture sur diaspora FM, les enseignements sur la santé sur BIP radio
1
Débat 
Journal 
Émission culturelle 
Émission sportif 
Émission santé
1
Hoviklehoun 
Ambiance 
Jeux concours radiophonique
1
Journal, 
Débat 
Témoignage 
Musique 
Revue de presse
1
Journal 
Publicité 
Conte 
Faire divers 
Affountountoun kpraa
1
Humour pour faire rire par Hervé houandékon à la radio Sedohoun 
Sensibilisation et les actualités d'ici et d'ailleurs par Robert Agoton sur la radio Lama
1
Revue de presse 
Journal 
Musique 
Émission santé 
Émission Harmonie familiale.
1
Hovicléhoun sur radio ORTB
Les enseignements de tout genre sur les chaînes que j'écoute
1
Atchakpodji 
Afountoutou kpalala 
Hoviklehoun 
Journal de dah houawé 
Programme santé et famille
1
Conseil 
Musique 
Jeux 
Coeur qui saigne 
As de coeur
1
Éducation 
Prière 
Louange 
Distraction 
Jeux
1
Le grogne matinal
Les jeux
Les dédicaces 
Miwamidoho
Musique
1
Musique
1
Conseil 
Musique 
Publicité
1
Nouklonme: conseils
Musique
1
Conseil sur le foyer
Louange 
Prière mariale
Chapelaire
Musique traditionnelle
1
Conseil sur le foyer
Nouyounto hassoun
Un voleur un mouton 
Yoyoomhounba
Journal
1
Wendomabou
Parole de Dieu
Adoration et louande
Journal de dah wahoue
Émission su le foyer
1
Journal 
Émission de prière et de louange 
Programme santé et famille 
Hoviklehoun 
Dédicace
1
Journal 
Dédicace 
Hoviklehoun 
Émission programme santé et famille 
Atchakpodji (voix de la vallée
1
Émissions sur la famille à la radio immaculée 
Hoyêli sur la voix de la lama 
Émissions téléphonique sur les besoins et les difficultés de la population sur la voix de la lama
1
Hoviklehoun 
Whindomin xo
1
Hododagni de Hévé Houandékon sur la Radio Sedohoun 
Sensibilisation et explications sur les méthodes contraceptifs sur la voix de la vallée 
Prières et chansons religieuses sur immaculée FM
1
Hovicléhoun sur l'ORTB
Les avis, annonces et publicités
Les faits divers sur les autres chaînes comme Alliance FM et la voix de la lama
1
Journal 
Jeux radiophonique 
Fait divers 
Débat contradictoire 
Publicité
1
Hoviklehoun 
Atchakpodji 
Afountoutou kpalala 
Journal 
Revue de presse dah houawé
1
Les enseignements sur la gestion de famille, sur la gestion de ses activités et aussi sur la santé sur Radio lama 
Hovicléhoun sur lama aussi je crois bien 
Les publicités et les journaux sur les radio que j'écoute
1
Do nou essé (journal)
Hoviklehoun
1
Revue presse 
Journal
Musique 
Émission de société 
Divertissement
1
L'émission de jean Kassette qui donne des enseignements sur différents points
1
Les enseignements sur la gestion des activités génératrice de revenu, la gestion des activités champêtre, la gestion du foyer, beaucoup de choses que j'aime écouté à la radio lalo
1
Hovicléhoun sur les radio lama et Sedohoun, des émissions sur la gestion du foyer et sur la vie de façon générale
1
Revue presse 
Journal 
Musique 
Émission santé 
Émission humour
1
Les sensibilisations sur la santé, sur la gestion des activités champêtre, sur la vie et les actualités d'ici et d'ailleurs, hoyi une émission sur les faits de la société
1
Hovicléhoun à la radio lama, les publicités à la radio lama et Alliance, les prières et messes à immaculée conception
1
Hoviklehoun 
Émission radio téléphonique
1
Hovicléhoun, Hohêhi sur la voix de la vallée, des émissions sur la santé et le bien être des enfants et de la famille
1
Revue de presse
Journal 
Musique 
Émission santé 
Émission humour
1
Journal 
Hoviklehoun
1
Hwdominho sur la voix de la lama les jeudis 
Les actualités et les journaux sur Alliance FM 
Les publicités et annonces sur toutes les Radio que j'écoute, ça dépend du jour et l'heure de la division
1
Musique 
Éducation sur les enfants 
Politique
1
Revue de presse 
Journal 
Émission religieuse 
Émission société 
Émission santé
1
Revue de presse 
Journal 
Émission santé 
Émission société 
Faits divers.
1
Revue de presse 
Journal 
Musique 
Débat politique 
Émission santé.
1
Revue de presse 
Journal 
Musique 
Émission Harmonie familiale 
Émission société.
1
Awadjidjê sur la radio Gbètin 
Jusqu'au panier sur la radio Gbètin 
Hozédoatêdji sur la radio Gbètin et Kpassè 
Les publicités et les émissions sur la santé sur Gbètin
1
Journal 
Hoviklehoun 
Hanlissa
1
Hovicléhoun a la radio Sedohoun, dohami horton toujours à la radio Sedohoun
1
Hwendo xo 
Jeux concours radiophonique 
Ambiance
1
Coeur plume: sedohoun 
Jeux concours radiophonique
1
Journal 
Musique 
Débats 
Programme santé
1
Revue de presse 
Journal 
Musique 
Émission Santé 
Émission Harmonie familiale
1
Journal 
Hoviklehoun 
Programme santé et famille
1
Revue de presse 
Musique 
Journal 
Émission santé 
Émission Harmonie familiale
1
Programme santé et famille 
Les émissions biblique
1
Débats religieux 
Programme sensibilisation 
Whindomin xo
1
Journal 
To xo
Hoviklehoun
1
Hozédoatêdji sur Alliance FM, 
Noudjidjê sur Alliance FM, Hodjaladjala houéman sur la voix de la Lama
1
Rubriques famille
2
Les devinettes et histoire sur radio Kpassè 
Faits divers et actualités sur radio Gbètin 
Émissions sur la santé et la gestion des foyers sur radio Gbètin
1
Journal 
Divertissement 
Programme éducation sociale 
Programme santé
1
Journal 
Affaire du ménage 
Publicité 
Fait divers 
Débat contradictoire
1
Revue presse
Journal 
Interview, débat 
Musique 
Émission faits divers
1
Émission téléphonique 
Grogne
Dédicace
1
Dédicaces
Informations 
Débats religieux
1
Revue de presse 
Journal 
Musique 
Émission santé 
Émission sportif
1
Revue de presse 
Journal
Musique 
Faits divers 
Émission religieuse
1
Revue de presse 
Journal 
Musique 
Émission santé 
Émission société.
1
Afountoutou kpalala : voix de la vallée 
Xojlajla
1
Yassého sur Cap Fm avec Thomas hèmandjè
1
Revue de presse 
Journal 
Musique 
Émission humour
Émission société.
1
Journal en fon
Sensibilisation 
Débats ouvert au public 
Hoviklehoun
1
Publicité 
Développement 
Fait divers 
Journal 
Débat radiophonique
1
Hovicléhoun sur la voix de la vallée
1
Afountoutou kpalala : voix de la vallée
1
Revue de presse 
Journal
Musique
Faits divers 
Émission humour
1
Conseils pour les familles, fait divers
2
Hanlissa, les chansons religieuses et les journaux 
J'écoute aussi les publicités
1
Fait divers et rubriques famille
1
Rubriques cuisine et conseils famille
1
Rubriques fait divers
1
Hovicléhoun à la radio lama
1
Rubriques fait divers,et humour
1
Musique 
Jeux 
Conseil
1
Conseil sur le foyer 
Musique 
Prière 
Animation 
Conseil sur le commerce
1
Musique 
Revue de presse 
Journal 
Émission Harmonie familiale 
Émission santé.
1
Revue de presse 
Journal 
Musique 
Émission Santé 
Émission culturelle.
1
Le journal en fon de Dah houawé
Sur cap FM
1
Journal
1
Hovicléhoun sur la vallée, les prières et chansons religieuses sur Alléluia FM, des enseignements sur la santé, la famille et les actualités du monde sur radio tokpa
1
Hovicléhoun sur la radio la voix de la vallée, les blagues et les humour sur la radio la voix de la vallée les mercredis et jeudi
1
Hovicléhoun sur radio Sedohoun
1
Rubriques (santé, conseils pour les couples et sur l'éducation des enfants)
1
Rubriques Conseils famille, rubriques humour
1
Rubriques: conseils et éducation des enfants, fait divers
1
Rubriques Conseils pour les familles, rubriques sur l'éducation des enfants
1
Rubriques sur la famille,Fait divers
1
Rubriques (conseils,Fait divers)
1
Programme santé de famille 
Xojlajla (journal)
Hoviklehoun
1
Revue de presse 
Journal 
Émission journal 
Émission santé
Musique
1
Hozédoatêdji sur la radio Gbètin 
Publicités, annonces et actualités sur radio Kpassè
1
Hovicléhoun 
Wassého sur capp fm
1
Fait divers , conseil sur l'éducation des enfants et familial
1
Rubriques éducation des enfants,et respect
1
Fait divers, éducation sur les comportements à adopter dans le foyer
1
Fait divers, conseil et éducation
1
Conseils sur la famille
1
Rubriques conseils sur l'éducation des enfants
1
Fait divers,conseils et humour
1
Conseil pour un couple épanouie
1
Rubriques fait divers et sur l'éducation des enfants
1
Conseils famille,fait divers
1
Rubriques conseils pour avoir la paix et harmonie dans. Les foyers.
1
Conseils famille
1
Rubriques conseils pour les foyers
1
Fais divers, actualités, conseils pour la famille
1
Conseils sur l'éducation des enfants
1
Journal 
Jeux radiophonique 
Fait divers 
Débat contradictoire 
Témoignage
1
Journal 
Publicité 
Fait divers 
Jeux radiophonique 
Chanson
1
Fait divers, conseils famille, humour
1
Fait divers, conseils pour les familles
1
Témoignage 
Jeux radiophonique 
Journal 
Débat contradictoire 
Fait divers
1
Grand débat culturel 
Les journaux 
Publicité 
Émission des enfant 
Musique et sport
1
Conte 
Journal 
Jeux radiophonique 
Émission sur la santé 
Débat contradictoire
1
Conseils sur la santé familiale,sur l'éducation des enfants
1
Débat sur la santé 
Témoignage 
Fait divers 
Journal 
Débat contradictoire
1
Conseils sur l'entretien dans le foyer 
Prendre soin de la santé des enfants 
Fait divers 
Journal fon
Jeux radiophonique
1
Wendomabou 
Enseignement biblique 
Témoignage 
Musique 
Jeux
1
Prière 
Conseil sur le foyer
1
Journal 
Conseil sur le commerce 
Conseil sur le foyer 
Prière 
Musique
1
Conseil sur la famille 
Actualité 
Prière 
Musique 
Conseil général
1
Conseil sur le foyer 
Musique 
Dédicaces 
Jeux
1
Wendonifa
Journal 
Prière 
Louange et adoration 
Musique
1
Wendomena
Conseil sur le commerce 
Politique 
informations générales 
Musique
1
Politique 
Journal 
Conseil 
Musique 
Jeux
1
Politique 
Jeux
Musique 
Conseils concernant le foyer
1
Rubriques santé des enfants, conseils famille
1
Fait divers,et l'eucharistie du dimanche matin
1
Fait divers, conseil famille
1
Conseils pour les familles et pour l'éducation des enfants
1
Conseils famille et enfants
1
Rubriques fait divers, rubriques conseils
1
Rubriques Conseils famille, fait divers
1
Rubriques conseils pour les couples
1
Rubriques conseils sur l'harmonie des familles
1
Rubriques conseils famille
1
Rubriques éducation et conseils
1
Rubriques conseils de famille et bien être
1
Journal fon 
Publicité 
Fait divers 
Débat contradictoire 
Débat radiophonique
1
Conseils famille, divertissement, conseils sur l'éducation des enfants, fait divers
1
Conseils pour le bien être d'une famille
1
Dédicace 
Journal 
Publicité 
Fait divers 
Débat contradictoire
1
Émission grogne 
Enseignement 
Fait divers 
Publicité 
Témoignage
1
Journal 
Publicité 
Les anciens musique 
Débat contradictoire 
Fait divers
1
Conseil pour la famille pour avoir la paix dans son foyer
1
Music traditionnelle, Fait divers
1
Enseignements sur la famille, la gestion du foyer et la santé sur la radio Gbètin 
Les actualités, publicités et autres choses sur Kpassè
1
Fait divers, Conseils famille et sur l'éducation des enfants
1
Journal 
Émission sur éducation 
Publicité 
Fait divers 
Grogne
1
Rubriques santé, conseils pour les foyers
1
Publicité 
Fait divers 
Journal 
Débat contradictoire 
Jeux radiophonique
1
Conseille sur les comportements à adopter en foyer
1","-88
13796.9
Revue de presse 
Journal 
Émission Société 
Faits divers 
Musique
5098.6
Revue de presse 
Journal
Musique 
Grogne matinale
Émission de divertissement.
5098.6
-99
4750.5
Revue de presse 
Débat 
Émission Harmonie familiale
Musique 
Journal
4249.2
Revue de presse 
Journal 
Musique 
Émission santé 
Émission Harmonie familiale
3657.0
Revue de presse 
Journal 
Musique 
Émission santé 
Faits divers
3462.1
Revue de presse 
Journal 
Musique 
Faits divers 
Émission santé.
3342.0
Politique
Chanson
Éducation sur le foyer
Demande de clip aux gens
Les histoires
2832.6
Revue de presse 
Journal 
Musique 
Émission Harmonie familiale 
Émission société
2655.8
Revue de presse 
Journal 
Musique 
Émission société
Faits divers
2549.3
Revue de presse 
Journal 
Musique
Émission Harmonie familiale 
Faits divers.
2266.1
Revue de presse 
Journal
Musique 
Émission santé 
Émission Harmonie familiale
2266.1
Revue de presse 
Journal 
Émission santé 
Émission sportif 
Émission religieuse
2266.1
Revue de presse
Journal 
Musique 
Émission santé 
Émission Harmonie familiale
2266.1
Revue de presse 
Journal 
Émission Harmonie familiale 
Émission santé
Émission humour.
2266.1
Revue de presse 
Journal 
Émission santé 
Musique
Émission Harmonie familiale
2167.9
Revue de presse 
Journal 
Musique 
Faits divers 
Divertissement
1879.9
Revue de presse 
Journal 
Musique 
Émission santé 
Faits divers.
1710.2
Émission programme santé et famille 
Louange 
Débats sur les actualités
1547.3
Revue de presse,
Journal 
Musique,
Émission santé
Divertissement
1547.3
Hovicléhoun sur la voix de la lama
1436.7
Musique 
Journal en langue locale 
Témoignage et prière
1390.2
Hoviclé sur radio Bénin
1390.2
Revue de presse 
Divertissement 
Musique 
Émission religieux 
Émission sportif
1387.5
Revue de presse 
Journal
Musique 
Émission thérapie traditionnelle
Divertissement
1323.4
Xojlajla 
Hinnou xo (programme famille)
Émission culturelle
1323.4
Hoviklehoun 
Dédicace 
Programme éducation et santé 
Émission culturelle
1323.4
Animation musicale les matin
Xojlajla 
Mahu xo
1235.8
Hovicléhoun de la voix de la vallée 
Hoyêli sur la voix de la vallée
1220.9
Journal 
Émission de sensibilisation sur la santé et la famille
1220.9
Hanlissa
Atchakpodji 
Xojlawema (revue de presse)
1220.9
Animation culturelle 
Journal 
Découverte
1174.9
Journal 
Émission sportive 
Théâtre
1174.9
Journal 
Débats actualités 
Chronique 
Programme santé
1174.9
Hoviclehoun
Jeux : Un voleur un mouton 
Jeux: adjemin
Conseil 
Musique
1133.0
Revue de presse 
Journal
Musique 
Faits divers
1133.0
Revue de presse 
Journal 
Musique 
Émission société 
Faits divers
1133.0
Adoration 
Journal 
Leçon de vie
Éducation 
Distraction
1133.0
Santé des enfants
Planningdm
Santé maternelle
Santé générale
Sensibiliser sur la prise des médicaments
1133.0
Revue de presse 
Journal
Grogne
Émission santé
Émission Harmonie familiale
1133.0
Revue de presse 
Journal 
Musique 
Émission communautaire 
Émission humour
1114.0
Revue de presse 
Journal 
Musique 
Émission santé 
Divertissement
1008.5
Whindomin nan fa
Journal en fon
Hoviklehoun
939.9
Hoviklehoun 
Programme santé et famille 
Ambiance musicale
939.9
Fait divers
927.6
Afountoutou kpalala 
Journal de dah houawé 
Dédicace musicale
870.3
Journal 
Émission programme santé et diversité culturelle
870.3
Revue de presse 
Journal
Musique
Émission santé 
Émission Harmonie familiale
870.3
Azontchenangbo radio lama
Xo sô do atèdji
835.5
Xojlajla 
Nukplonmin ( programme éducation)
835.5
Xojlajla 
Programme éducation
835.5
Émission sportive 
Programme santé et famille 
Jeux concours
835.5
Journal 
Musique
835.5
Revue de presse 
Journal 
Musique 
Émission santé 
Divertissement.
835.5
Journal 
Info sport 
Dédicace 
Hoviklehoun 
Programme santé et famille
784.2
Hõhinhoun sur la Radio Sedohoun
780.5
Revue de presse 
Journal 
Musique 
Émission Harmonie familiale 
Émission santé
779.4
Programme éducation sociale
778.3
Xojlajla 
Hoviklehoun 
Émission sportive
778.3
Rubriques santé
778.3
Journal 
Programmes santé et famille 
Programme éducation sociale 
Débat d'actualité
727.7
Programme santé et famille 
Programme éducation sociale 
Journal 
Dédicace 
Émission culturelle
727.7
Culture et divertissement 
Journal 
Débats 
Dédicace
727.7
Émission programme santé 
Revue de presse en fon
695.1
Xojlajla 
Agbanbibio 
Hwenuxo
Hwendo xo
695.1
Revue de presse 
Journal 
Musique 
Faits divers 
Émission formative
693.7
Whindomin xo
693.7
Revue de presse 
Émission Harmonie familiale 
Émission de divertissement 
Journal 
Émission sportif
693.7
Journal 
Émission et programme santé 
Musique
693.7
Revue de presse 
Journal
Musique 
Émission débat 
Divertissement
693.7
Revue de presse
Journal 
Musique 
Émission santé 
Émission religieuse.
661.7
Hovicléhoun sur la voix de la lama, des enseignements sur les valeurs de notre culture sur diaspora FM, les enseignements sur la santé sur BIP radio
626.6
Débat 
Journal 
Émission culturelle 
Émission sportif 
Émission santé
617.9
Hoviklehoun 
Ambiance 
Jeux concours radiophonique
617.9
Journal, 
Débat 
Témoignage 
Musique 
Revue de presse
617.9
Journal 
Publicité 
Conte 
Faire divers 
Affountountoun kpraa
610.4
Humour pour faire rire par Hervé houandékon à la radio Sedohoun 
Sensibilisation et les actualités d'ici et d'ailleurs par Robert Agoton sur la radio Lama
588.2
Revue de presse 
Journal 
Musique 
Émission santé 
Émission Harmonie familiale.
588.2
Hovicléhoun sur radio ORTB
Les enseignements de tout genre sur les chaînes que j'écoute
587.5
Atchakpodji 
Afountoutou kpalala 
Hoviklehoun 
Journal de dah houawé 
Programme santé et famille
587.5
Conseil 
Musique 
Jeux 
Coeur qui saigne 
As de coeur
566.5
Éducation 
Prière 
Louange 
Distraction 
Jeux
566.5
Le grogne matinal
Les jeux
Les dédicaces 
Miwamidoho
Musique
566.5
Musique
566.5
Conseil 
Musique 
Publicité
566.5
Nouklonme: conseils
Musique
566.5
Conseil sur le foyer
Louange 
Prière mariale
Chapelaire
Musique traditionnelle
566.5
Conseil sur le foyer
Nouyounto hassoun
Un voleur un mouton 
Yoyoomhounba
Journal
566.5
Wendomabou
Parole de Dieu
Adoration et louande
Journal de dah wahoue
Émission su le foyer
566.5
Journal 
Émission de prière et de louange 
Programme santé et famille 
Hoviklehoun 
Dédicace
542.6
Journal 
Dédicace 
Hoviklehoun 
Émission programme santé et famille 
Atchakpodji (voix de la vallée
542.6
Émissions sur la famille à la radio immaculée 
Hoyêli sur la voix de la lama 
Émissions téléphonique sur les besoins et les difficultés de la population sur la voix de la lama
542.6
Hoviklehoun 
Whindomin xo
542.6
Hododagni de Hévé Houandékon sur la Radio Sedohoun 
Sensibilisation et explications sur les méthodes contraceptifs sur la voix de la vallée 
Prières et chansons religieuses sur immaculée FM
542.6
Hovicléhoun sur l'ORTB
Les avis, annonces et publicités
Les faits divers sur les autres chaînes comme Alliance FM et la voix de la lama
522.2
Journal 
Jeux radiophonique 
Fait divers 
Débat contradictoire 
Publicité
522.2
Hoviklehoun 
Atchakpodji 
Afountoutou kpalala 
Journal 
Revue de presse dah houawé
522.2
Les enseignements sur la gestion de famille, sur la gestion de ses activités et aussi sur la santé sur Radio lama 
Hovicléhoun sur lama aussi je crois bien 
Les publicités et les journaux sur les radio que j'écoute
522.2
Do nou essé (journal)
Hoviklehoun
520.3
Revue presse 
Journal
Musique 
Émission de société 
Divertissement
515.8
L'émission de jean Kassette qui donne des enseignements sur différents points
463.4
Les enseignements sur la gestion des activités génératrice de revenu, la gestion des activités champêtre, la gestion du foyer, beaucoup de choses que j'aime écouté à la radio lalo
463.4
Hovicléhoun sur les radio lama et Sedohoun, des émissions sur la gestion du foyer et sur la vie de façon générale
441.1
Revue presse 
Journal 
Musique 
Émission santé 
Émission humour
441.1
Les sensibilisations sur la santé, sur la gestion des activités champêtre, sur la vie et les actualités d'ici et d'ailleurs, hoyi une émission sur les faits de la société
435.2
Hovicléhoun à la radio lama, les publicités à la radio lama et Alliance, les prières et messes à immaculée conception
417.7
Hoviklehoun 
Émission radio téléphonique
417.7
Hovicléhoun, Hohêhi sur la voix de la vallée, des émissions sur la santé et le bien être des enfants et de la famille
407.0
Revue de presse
Journal 
Musique 
Émission santé 
Émission humour
407.0
Journal 
Hoviklehoun
407.0
Hwdominho sur la voix de la lama les jeudis 
Les actualités et les journaux sur Alliance FM 
Les publicités et annonces sur toutes les Radio que j'écoute, ça dépend du jour et l'heure de la division
407.0
Musique 
Éducation sur les enfants 
Politique
389.7
Revue de presse 
Journal 
Émission religieuse 
Émission société 
Émission santé
389.7
Revue de presse 
Journal 
Émission santé 
Émission société 
Faits divers.
389.7
Revue de presse 
Journal 
Musique 
Débat politique 
Émission santé.
389.7
Revue de presse 
Journal 
Musique 
Émission Harmonie familiale 
Émission société.
389.7
Awadjidjê sur la radio Gbètin 
Jusqu'au panier sur la radio Gbètin 
Hozédoatêdji sur la radio Gbètin et Kpassè 
Les publicités et les émissions sur la santé sur Gbètin
363.8
Journal 
Hoviklehoun 
Hanlissa
363.8
Hovicléhoun a la radio Sedohoun, dohami horton toujours à la radio Sedohoun
346.9
Hwendo xo 
Jeux concours radiophonique 
Ambiance
346.9
Coeur plume: sedohoun 
Jeux concours radiophonique
346.9
Journal 
Musique 
Débats 
Programme santé
346.9
Revue de presse 
Journal 
Musique 
Émission Santé 
Émission Harmonie familiale
345.9
Journal 
Hoviklehoun 
Programme santé et famille
345.9
Revue de presse 
Musique 
Journal 
Émission santé 
Émission Harmonie familiale
345.9
Programme santé et famille 
Les émissions biblique
345.9
Débats religieux 
Programme sensibilisation 
Whindomin xo
345.9
Journal 
To xo
Hoviklehoun
345.9
Hozédoatêdji sur Alliance FM, 
Noudjidjê sur Alliance FM, Hodjaladjala houéman sur la voix de la Lama
345.9
Rubriques famille
339.4
Les devinettes et histoire sur radio Kpassè 
Faits divers et actualités sur radio Gbètin 
Émissions sur la santé et la gestion des foyers sur radio Gbètin
323.4
Journal 
Divertissement 
Programme éducation sociale 
Programme santé
323.4
Journal 
Affaire du ménage 
Publicité 
Fait divers 
Débat contradictoire
323.4
Revue presse
Journal 
Interview, débat 
Musique 
Émission faits divers
308.9
Émission téléphonique 
Grogne
Dédicace
294.1
Dédicaces
Informations 
Débats religieux
294.1
Revue de presse 
Journal 
Musique 
Émission santé 
Émission sportif
292.3
Revue de presse 
Journal
Musique 
Faits divers 
Émission religieuse
292.3
Revue de presse 
Journal 
Musique 
Émission santé 
Émission société.
292.3
Afountoutou kpalala : voix de la vallée 
Xojlajla
290.1
Yassého sur Cap Fm avec Thomas hèmandjè
290.1
Revue de presse 
Journal 
Musique 
Émission humour
Émission société.
290.1
Journal en fon
Sensibilisation 
Débats ouvert au public 
Hoviklehoun
290.1
Publicité 
Développement 
Fait divers 
Journal 
Débat radiophonique
271.3
Hovicléhoun sur la voix de la vallée
271.3
Afountoutou kpalala : voix de la vallée
271.3
Revue de presse 
Journal
Musique
Faits divers 
Émission humour
271.3
Conseils pour les familles, fait divers
266.2
Hanlissa, les chansons religieuses et les journaux 
J'écoute aussi les publicités
259.4
Fait divers et rubriques famille
208.9
Rubriques cuisine et conseils famille
208.9
Rubriques fait divers
208.9
Hovicléhoun à la radio lama
208.9
Rubriques fait divers,et humour
208.9
Musique 
Jeux 
Conseil
194.8
Conseil sur le foyer 
Musique 
Prière 
Animation 
Conseil sur le commerce
194.8
Musique 
Revue de presse 
Journal 
Émission Harmonie familiale 
Émission santé.
194.8
Revue de presse 
Journal 
Musique 
Émission Santé 
Émission culturelle.
193.4
Le journal en fon de Dah houawé
Sur cap FM
193.4
Journal
193.4
Hovicléhoun sur la vallée, les prières et chansons religieuses sur Alléluia FM, des enseignements sur la santé, la famille et les actualités du monde sur radio tokpa
193.4
Hovicléhoun sur la radio la voix de la vallée, les blagues et les humour sur la radio la voix de la vallée les mercredis et jeudi
193.4
Hovicléhoun sur radio Sedohoun
173.4
Rubriques (santé, conseils pour les couples et sur l'éducation des enfants)
173.4
Rubriques Conseils famille, rubriques humour
173.4
Rubriques: conseils et éducation des enfants, fait divers
173.4
Rubriques Conseils pour les familles, rubriques sur l'éducation des enfants
173.4
Rubriques sur la famille,Fait divers
173.4
Rubriques (conseils,Fait divers)
173.4
Programme santé de famille 
Xojlajla (journal)
Hoviklehoun
173.0
Revue de presse 
Journal 
Émission journal 
Émission santé
Musique
173.0
Hozédoatêdji sur la radio Gbètin 
Publicités, annonces et actualités sur radio Kpassè
161.7
Hovicléhoun 
Wassého sur capp fm
161.7
Fait divers , conseil sur l'éducation des enfants et familial
154.5
Rubriques éducation des enfants,et respect
154.5
Fait divers, éducation sur les comportements à adopter dans le foyer
154.5
Fait divers, conseil et éducation
154.5
Conseils sur la famille
147.0
Rubriques conseils sur l'éducation des enfants
147.0
Fait divers,conseils et humour
147.0
Conseil pour un couple épanouie
147.0
Rubriques fait divers et sur l'éducation des enfants
147.0
Conseils famille,fait divers
135.7
Rubriques conseils pour avoir la paix et harmonie dans. Les foyers.
135.7
Conseils famille
135.7
Rubriques conseils pour les foyers
135.7
Fais divers, actualités, conseils pour la famille
135.7
Conseils sur l'éducation des enfants
130.5
Journal 
Jeux radiophonique 
Fait divers 
Débat contradictoire 
Témoignage
130.5
Journal 
Publicité 
Fait divers 
Jeux radiophonique 
Chanson
130.5
Fait divers, conseils famille, humour
130.5
Fait divers, conseils pour les familles
130.5
Témoignage 
Jeux radiophonique 
Journal 
Débat contradictoire 
Fait divers
130.5
Grand débat culturel 
Les journaux 
Publicité 
Émission des enfant 
Musique et sport
130.5
Conte 
Journal 
Jeux radiophonique 
Émission sur la santé 
Débat contradictoire
130.5
Conseils sur la santé familiale,sur l'éducation des enfants
130.5
Débat sur la santé 
Témoignage 
Fait divers 
Journal 
Débat contradictoire
130.5
Conseils sur l'entretien dans le foyer 
Prendre soin de la santé des enfants 
Fait divers 
Journal fon
Jeux radiophonique
130.5
Wendomabou 
Enseignement biblique 
Témoignage 
Musique 
Jeux
97.4
Prière 
Conseil sur le foyer
97.4
Journal 
Conseil sur le commerce 
Conseil sur le foyer 
Prière 
Musique
97.4
Conseil sur la famille 
Actualité 
Prière 
Musique 
Conseil général
97.4
Conseil sur le foyer 
Musique 
Dédicaces 
Jeux
97.4
Wendonifa
Journal 
Prière 
Louange et adoration 
Musique
97.4
Wendomena
Conseil sur le commerce 
Politique 
informations générales 
Musique
97.4
Politique 
Journal 
Conseil 
Musique 
Jeux
97.4
Politique 
Jeux
Musique 
Conseils concernant le foyer
97.4
Rubriques santé des enfants, conseils famille
96.7
Fait divers,et l'eucharistie du dimanche matin
96.7
Fait divers, conseil famille
96.7
Conseils pour les familles et pour l'éducation des enfants
96.7
Conseils famille et enfants
96.7
Rubriques fait divers, rubriques conseils
86.5
Rubriques Conseils famille, fait divers
86.5
Rubriques conseils pour les couples
86.5
Rubriques conseils sur l'harmonie des familles
86.5
Rubriques conseils famille
86.5
Rubriques éducation et conseils
86.5
Rubriques conseils de famille et bien être
86.5
Journal fon 
Publicité 
Fait divers 
Débat contradictoire 
Débat radiophonique
80.9
Conseils famille, divertissement, conseils sur l'éducation des enfants, fait divers
80.9
Conseils pour le bien être d'une famille
80.9
Dédicace 
Journal 
Publicité 
Fait divers 
Débat contradictoire
80.9
Émission grogne 
Enseignement 
Fait divers 
Publicité 
Témoignage
80.9
Journal 
Publicité 
Les anciens musique 
Débat contradictoire 
Fait divers
80.9
Conseil pour la famille pour avoir la paix dans son foyer
80.9
Music traditionnelle, Fait divers
80.9
Enseignements sur la famille, la gestion du foyer et la santé sur la radio Gbètin 
Les actualités, publicités et autres choses sur Kpassè
80.9
Fait divers, Conseils famille et sur l'éducation des enfants
80.9
Journal 
Émission sur éducation 
Publicité 
Fait divers 
Grogne
80.9
Rubriques santé, conseils pour les foyers
80.9
Publicité 
Fait divers 
Journal 
Débat contradictoire 
Jeux radiophonique
80.9
Conseille sur les comportements à adopter en foyer
80.9","-88
38.7
Musique informations narration témoignage
4.0
Narration témoignage
3.3
Musique émission publicité narration témoignage
3.3
Émission publicité journal
2.5
Musique émission publicité journal
2.5
Musique émission publicité narration
2.2
Journal, sport, santé
2.1
Intervew musique émission publicité journal
2.0
Émission publicité narration témoignage
2.0
Musique émission publicité
2.0
Sport, santé,
1.6
Intervew musique informations émission publicité
1.3
Santé, journal ,
1.3
Santé, conte
1.3
Musique émission publicité journal informations
1.1
Sport, santé et journal
1.0
Santé, journal, sport
1.0
Musique, émission, publicité, narration
1.0
Émission publicité témoignage informations
1.0
Témoignage narration publicité
1.0
-99
1.0
Témoignage émission narration publicité
1.0
Musique informations publicité témoignage
0.7
Musique émission publicité informations
0.7
Musique émission informations
0.7
Narration témoignage émission informations
0.6
Musique émission publicité journal narration
0.6
Narration témoignage émission
0.6
Musique émission journal narration publicité
0.5
Journal informations musique émission narration
0.5
Journal, musique, publicité
0.5
Sport
0.5
Sport, loisirs, religion
0.5
Musique, émission, publicité,
0.5
Musique, émission, journal
0.5
Musique émission publicité, journal, informations
0.5
Musique informations publicité journal narration
0.5
Musique émission journal informations
0.5
Musique, émission, publicité,narration,
0.5
Musique, émission, narration
0.5
Émission, musique, narration,
0.5
Émission, publicité, annonces , musique, narration
0.5
Santé, football, éducation
0.5
Émission publicité
0.5
Santé, journal,sport
0.5
Football, journal, santé
0.5
Émission, publicité, narration
0.5
Narration, publicité
0.5
Musique, émission narration publicité
0.5
Journal,santé et sport
0.5
Le sport, santé ,conte
0.4
Conte, santé, l'éducation
0.4
Musique émission publicité témoignage
0.4
Émission publicité informations
0.4
Musique émission témoignage
0.4
Témoignage émission publicité narration
0.4
Informations, publicité, narration
0.4
Témoignage émission informations publicité
0.3
Témoignage émission narration publicité informations
0.3
Témoignage informations narration publicité
0.3
Témoignage informations narration
0.3
Sport, santé, conte
0.3
Narration témoignage émission musique
0.3
Émission, publicité narration témoignage
0.3
Narration émission publicité informations
0.3
Émission narration publicité informations
0.3
Musique émission publicité narration publicité informations
0.3
Narration témoignage émission publicité informations
0.3
Narration témoignage informations
0.3","-88
60
Musique informations narration témoignage
1
Narration témoignage
1
Musique émission publicité narration témoignage
7
Émission publicité journal
2
Musique émission publicité journal
2
Musique émission publicité narration
5
Journal, sport, santé
1
Intervew musique émission publicité journal
1
Émission publicité narration témoignage
4
Musique émission publicité
2
Sport, santé,
2
Intervew musique informations émission publicité
1
Santé, journal ,
1
Santé, conte
1
Musique émission publicité journal informations
2
Sport, santé et journal
2
Santé, journal, sport
2
Musique, émission, publicité, narration
2
Émission publicité témoignage informations
1
Témoignage narration publicité
1
-99
3
Témoignage émission narration publicité
2
Musique informations publicité témoignage
2
Musique émission publicité informations
2
Musique émission informations
2
Narration témoignage émission informations
2
Musique émission publicité journal narration
2
Narration témoignage émission
2
Musique émission journal narration publicité
1
Journal informations musique émission narration
1
Journal, musique, publicité
1
Sport
1
Sport, loisirs, religion
1
Musique, émission, publicité,
1
Musique, émission, journal
1
Musique émission publicité, journal, informations
1
Musique informations publicité journal narration
1
Musique émission journal informations
1
Musique, émission, publicité,narration,
1
Musique, émission, narration
1
Émission, musique, narration,
1
Émission, publicité, annonces , musique, narration
1
Santé, football, éducation
1
Émission publicité
1
Santé, journal,sport
1
Football, journal, santé
1
Émission, publicité, narration
1
Narration, publicité
1
Musique, émission narration publicité
1
Journal,santé et sport
1
Le sport, santé ,conte
1
Conte, santé, l'éducation
1
Musique émission publicité témoignage
1
Émission publicité informations
1
Musique émission témoignage
1
Témoignage émission publicité narration
1
Informations, publicité, narration
1
Témoignage émission informations publicité
1
Témoignage émission narration publicité informations
1
Témoignage informations narration publicité
1
Témoignage informations narration
1
Sport, santé, conte
1
Narration témoignage émission musique
1
Émission, publicité narration témoignage
1
Narration émission publicité informations
1
Émission narration publicité informations
1
Musique émission publicité narration publicité informations
1
Narration témoignage émission publicité informations
1
Narration témoignage informations
1","-88
127500.1
Musique informations narration témoignage
13288.5
Narration témoignage
10991.4
Musique émission publicité narration témoignage
10774.1
Émission publicité journal
8239.1
Musique émission publicité journal
8239.1
Musique émission publicité narration
7200.9
Journal, sport, santé
7017.8
Intervew musique émission publicité journal
6644.3
Émission publicité narration témoignage
6501.9
Musique émission publicité
6490.8
Sport, santé,
5254.5
Intervew musique informations émission publicité
4257.7
Santé, journal ,
4257.7
Santé, conte
4203.6
Musique émission publicité journal informations
3508.9
Sport, santé et journal
3453.2
Santé, journal, sport
3453.2
Musique, émission, publicité, narration
3397.5
Émission publicité témoignage informations
3322.1
Témoignage narration publicité
3322.1
-99
3193.3
Témoignage émission narration publicité
3166.2
Musique informations publicité témoignage
2285.7
Musique émission publicité informations
2285.7
Musique émission informations
2272.2
Narration témoignage émission informations
2115.3
Musique émission publicité journal narration
2101.8
Narration témoignage émission
2101.8
Musique émission journal narration publicité
1754.5
Journal informations musique émission narration
1754.5
Journal, musique, publicité
1754.5
Sport
1754.5
Sport, loisirs, religion
1754.5
Musique, émission, publicité,
1754.5
Musique, émission, journal
1754.5
Musique émission publicité, journal, informations
1754.5
Musique informations publicité journal narration
1754.5
Musique émission journal informations
1754.5
Musique, émission, publicité,narration,
1698.8
Musique, émission, narration
1698.8
Émission, musique, narration,
1698.8
Émission, publicité, annonces , musique, narration
1698.8
Santé, football, éducation
1698.8
Émission publicité
1605.7
Santé, journal,sport
1605.7
Football, journal, santé
1605.7
Émission, publicité, narration
1605.7
Narration, publicité
1605.7
Musique, émission narration publicité
1605.7
Journal,santé et sport
1605.7
Le sport, santé ,conte
1221.3
Conte, santé, l'éducation
1221.3
Musique émission publicité témoignage
1221.3
Émission publicité informations
1221.3
Musique émission témoignage
1221.3
Témoignage émission publicité narration
1221.3
Informations, publicité, narration
1221.3
Témoignage émission informations publicité
1064.4
Témoignage émission narration publicité informations
1064.4
Témoignage informations narration publicité
1064.4
Témoignage informations narration
1064.4
Sport, santé, conte
1064.4
Narration témoignage émission musique
1064.4
Émission, publicité narration témoignage
1064.4
Narration émission publicité informations
1050.9
Émission narration publicité informations
1050.9
Musique émission publicité narration publicité informations
1050.9
Narration témoignage émission publicité informations
1050.9
Narration témoignage informations
1050.9","Émissions sur le bien être du foyer 

Émissions éducatives pour mieux éduquer les enfants 

Émissions sur les méthodes de la planification familiale
9.4
Conseils sur le bien être du foyer
5.9
Journal et sport, Animation sur l'éducation des couples
4.7
Émissions sur la santé maternelle et reproductive

Émissions sur l'hygiène de la maison pour éviter les maladies
3.5
Émissions sur le bien être du foyer

Programme sur les meilleures pratiques agricoles
2.4
Journal, animation d'éducation, émission HOUENOU XO, Émission sur la famille
2.4
Émissions sur la conciliation des foyer
Émissions sur l'alphabétisation
2.2
Revue de presse 
Émissions de distraction
2.2
Enseignement biblique 

Revue de presse
2.2
Journal, animation sur l'éducation famille, santé et couple
1.6
Revue de presse
Émissions biblique
1.2
Revue de presse 
Émissions éducatives
1.2
Programme de rire, journal, programme d' animation sur l'éducation
1.2
Journal, émission Débat, animation d'éducation, émission de couple, Houenou xo
1.2
Animation sur l'éducation des familles, journal
1.2
Émissions sur l'hygiène à adopter à la maison

Émissions sur le bien être du foyer
1.2
Journal, sport, Animation sur l'éducation, programme santé
1.2
-88
1.2
Émissions sur le bien être de la famille
1.2
J'aime pas de Couffo, journal, soir de devinettes, animation d'éducation,  espace Musique
1.2
Journal, Animation sur l'éducation, animation sur le couple
1.2
Animation sur l'éducation, émission téléphonique, journal
1.2
Drouvitoto, wegnodradra  Journal, animation d'éducation
1.2
Émissions éducatives pour les couples

Émissions éducatives pour les enfants 

Émissions sur comment espacer les naissances
1.2
Émissions éducatives pour les couples

Revue de presse
1.2
JOURNAL, émission sur le Fâ, animation sur l'éducation, la conduite, l'animation sur les couples
1.2
Journal, Animation sur l'éducation, xovi clehoun, animation sur les couples, les émissions de jeudi soir. Les programmes religieux du dimanche vers 6h
1.2
JOURNAL, animation sur l'éducation
1.2
Journal, espace musique, programme de couple, animation sur l'éducation et la santé
1.1
Émissions éducatives pour les jeunes

Revue de presse
1.1
Revue de presse
1.1
Émissions comment vivre en société 
Émissions sur le bien du foyer 
Revue de presse
1.1
Émissions sur comment prendre soin de la maison pour éviter les maladies
1.1
Émissions sur comment prendre soin des enfants 

Émissions sur comment nourrir les enfants
1.1
Émissions sur l'agriculture 
Émissions sur les projets de la commune 
Émissions sur les méthodes de la planification familiale
1.1
Émissions sur l'agriculture, vente groupée des produits 

Émissions sur le bien être du foyer 

Émissions éducatives pour les enfants
1.1
Émissions sur les méthodes de la planification familiale 

Revue de presse
1.1
Émissions sur le bien être du foyer

Émissions sur les méthodes de la planification familiale
1.1
Journal, espace éducation famille, couple, santé
1.1
Journal, animation sur l'éducation, programme santé, programme entrepreneuriat
1.1
Journal, animation sur la santé, et l'éducation familiale
1.1
Journal, animation sur l'éducation et santé,
1.1
Houindo nan fa, lanmin nan non gandji , JOURNAL,
1.1
Journal, Conte du soir, animation d'éducation, programme devinettes
1.1
Journal, Horoscope matinal, émission Théâtre, animation d'éducation, émission traditionnelle Fâ tout les lundi de 7h-8h
1.1
Journal, Xo vi clehoun, animation sur l'éducation et santé, espace Théâtre
1.1
Émissions éducatives sur le bien du foyer et celui des enfants 

Émissions sur comment espacé les naissances
1.1
Journal, animation sur l'éducation, vie de couple, espace santé
1.1
Journal, animation sur l'éducation, programme santé, espace musique
1.1
Journal, animation sur l'éducation, animation santé
1.1
Journal, animation sur l'éducation santé, famille et couple
0.8
Journal, animation sur l'éducation famille, santé, couple, revue de presse, émission de Dah hawe
0.8
Conseils pour les femmes

Conseils pour les couples
0.8
Enlèvement des enfants 

Émissions sur la santé des enfants
0.8
Journal
0.8
Journal 
Émissions sur la santé des nouveaux nés et des mères
0.8
Journal,  Xo vi clehoun, animation sur l'éducation famille, santé et couple, programme conte
0.8
Journal, Gnonnou xo, Houindo min xo, espace musique programme santé et couple
0.8
Émissions sur la santé des enfants 

Émissions sur la planification familiale 

Émissions sur les couples
0.8
Émissions sur la santé
0.8
Émissions sur la gestion du foyer
Jeux radiophoniques
0.8
Journal, Xo baou baou de 21h-22h tous les jeudis et samedi, animation sur l'éducation famille santé et couple, et les émissions de théâtre et divertissement
0.8
Émissions sur l'insertion professionnelle des jeunes

Programme sur les projets de construction d'écoles dans les zones reculées
0.8
Programme de sensibilisation  sur les méthodes contraceptives
0.8
Journal, revue de presse, animation sur l'éducation familiale, santé et couple, Houindo min xo
0.8
Programme éducatif pour maintenir la paix et l'amour dans le foyer 

Conseils pour les couples
0.8
Journal, animation sur l'éducation familiale , santé et couple, programme de partage d'expériences de vie
0.8
Journal, animation sur l'éducation familiale, santé, programme de partage de vie et d'expériences
0.8
Émissions sur comment cultiver la paix et l'harmonie dans le foyer

Émissions sur la santé des enfants. 

Émissions culinaires pour permettre aux mères de maîtriser comment cuisiner les aliments pour les enfants afin de protéger leur santé
0.8
Journal, animation sur l'éducation famille, santé et couple etc
0.8
Journal, animation sur l'éducation famille, santé et couple, Xo baou baou etc
0.8
Journal, animation sur l'éducation famille, santé et couple, espace publicité
0.8
Journal, animation sur l'éducation des enfants, de la famille, Houindo min xo, programme santé et expériences de vie
0.8","Émissions sur le bien être du foyer 

Émissions éducatives pour mieux éduquer les enfants 

Émissions sur les méthodes de la planification familiale
1
Conseils sur le bien être du foyer
2
Journal et sport, Animation sur l'éducation des couples
1
Émissions sur la santé maternelle et reproductive

Émissions sur l'hygiène de la maison pour éviter les maladies
1
Émissions sur le bien être du foyer

Programme sur les meilleures pratiques agricoles
1
Journal, animation d'éducation, émission HOUENOU XO, Émission sur la famille
1
Émissions sur la conciliation des foyer
Émissions sur l'alphabétisation
1
Revue de presse 
Émissions de distraction
1
Enseignement biblique 

Revue de presse
1
Journal, animation sur l'éducation famille, santé et couple
2
Revue de presse
Émissions biblique
1
Revue de presse 
Émissions éducatives
1
Programme de rire, journal, programme d' animation sur l'éducation
1
Journal, émission Débat, animation d'éducation, émission de couple, Houenou xo
1
Animation sur l'éducation des familles, journal
1
Émissions sur l'hygiène à adopter à la maison

Émissions sur le bien être du foyer
1
Journal, sport, Animation sur l'éducation, programme santé
1
-88
1
Émissions sur le bien être de la famille
1
J'aime pas de Couffo, journal, soir de devinettes, animation d'éducation,  espace Musique
1
Journal, Animation sur l'éducation, animation sur le couple
1
Animation sur l'éducation, émission téléphonique, journal
1
Drouvitoto, wegnodradra  Journal, animation d'éducation
1
Émissions éducatives pour les couples

Émissions éducatives pour les enfants 

Émissions sur comment espacer les naissances
1
Émissions éducatives pour les couples

Revue de presse
1
JOURNAL, émission sur le Fâ, animation sur l'éducation, la conduite, l'animation sur les couples
1
Journal, Animation sur l'éducation, xovi clehoun, animation sur les couples, les émissions de jeudi soir. Les programmes religieux du dimanche vers 6h
1
JOURNAL, animation sur l'éducation
1
Journal, espace musique, programme de couple, animation sur l'éducation et la santé
1
Émissions éducatives pour les jeunes

Revue de presse
1
Revue de presse
1
Émissions comment vivre en société 
Émissions sur le bien du foyer 
Revue de presse
1
Émissions sur comment prendre soin de la maison pour éviter les maladies
1
Émissions sur comment prendre soin des enfants 

Émissions sur comment nourrir les enfants
1
Émissions sur l'agriculture 
Émissions sur les projets de la commune 
Émissions sur les méthodes de la planification familiale
1
Émissions sur l'agriculture, vente groupée des produits 

Émissions sur le bien être du foyer 

Émissions éducatives pour les enfants
1
Émissions sur les méthodes de la planification familiale 

Revue de presse
1
Émissions sur le bien être du foyer

Émissions sur les méthodes de la planification familiale
1
Journal, espace éducation famille, couple, santé
1
Journal, animation sur l'éducation, programme santé, programme entrepreneuriat
1
Journal, animation sur la santé, et l'éducation familiale
1
Journal, animation sur l'éducation et santé,
1
Houindo nan fa, lanmin nan non gandji , JOURNAL,
1
Journal, Conte du soir, animation d'éducation, programme devinettes
1
Journal, Horoscope matinal, émission Théâtre, animation d'éducation, émission traditionnelle Fâ tout les lundi de 7h-8h
1
Journal, Xo vi clehoun, animation sur l'éducation et santé, espace Théâtre
1
Émissions éducatives sur le bien du foyer et celui des enfants 

Émissions sur comment espacé les naissances
1
Journal, animation sur l'éducation, vie de couple, espace santé
1
Journal, animation sur l'éducation, programme santé, espace musique
1
Journal, animation sur l'éducation, animation santé
1
Journal, animation sur l'éducation santé, famille et couple
1
Journal, animation sur l'éducation famille, santé, couple, revue de presse, émission de Dah hawe
1
Conseils pour les femmes

Conseils pour les couples
1
Enlèvement des enfants 

Émissions sur la santé des enfants
1
Journal
1
Journal 
Émissions sur la santé des nouveaux nés et des mères
1
Journal,  Xo vi clehoun, animation sur l'éducation famille, santé et couple, programme conte
1
Journal, Gnonnou xo, Houindo min xo, espace musique programme santé et couple
1
Émissions sur la santé des enfants 

Émissions sur la planification familiale 

Émissions sur les couples
1
Émissions sur la santé
1
Émissions sur la gestion du foyer
Jeux radiophoniques
1
Journal, Xo baou baou de 21h-22h tous les jeudis et samedi, animation sur l'éducation famille santé et couple, et les émissions de théâtre et divertissement
1
Émissions sur l'insertion professionnelle des jeunes

Programme sur les projets de construction d'écoles dans les zones reculées
1
Programme de sensibilisation  sur les méthodes contraceptives
1
Journal, revue de presse, animation sur l'éducation familiale, santé et couple, Houindo min xo
1
Programme éducatif pour maintenir la paix et l'amour dans le foyer 

Conseils pour les couples
1
Journal, animation sur l'éducation familiale , santé et couple, programme de partage d'expériences de vie
1
Journal, animation sur l'éducation familiale, santé, programme de partage de vie et d'expériences
1
Émissions sur comment cultiver la paix et l'harmonie dans le foyer

Émissions sur la santé des enfants. 

Émissions culinaires pour permettre aux mères de maîtriser comment cuisiner les aliments pour les enfants afin de protéger leur santé
1
Journal, animation sur l'éducation famille, santé et couple etc
1
Journal, animation sur l'éducation famille, santé et couple, Xo baou baou etc
1
Journal, animation sur l'éducation famille, santé et couple, espace publicité
1
Journal, animation sur l'éducation des enfants, de la famille, Houindo min xo, programme santé et expériences de vie
1","Émissions sur le bien être du foyer 

Émissions éducatives pour mieux éduquer les enfants 

Émissions sur les méthodes de la planification familiale
306.4
Conseils sur le bien être du foyer
191.5
Journal et sport, Animation sur l'éducation des couples
153.2
Émissions sur la santé maternelle et reproductive

Émissions sur l'hygiène de la maison pour éviter les maladies
114.9
Émissions sur le bien être du foyer

Programme sur les meilleures pratiques agricoles
76.6
Journal, animation d'éducation, émission HOUENOU XO, Émission sur la famille
76.6
Émissions sur la conciliation des foyer
Émissions sur l'alphabétisation
70.8
Revue de presse 
Émissions de distraction
70.8
Enseignement biblique 

Revue de presse
70.8
Journal, animation sur l'éducation famille, santé et couple
52.1
Revue de presse
Émissions biblique
38.3
Revue de presse 
Émissions éducatives
38.3
Programme de rire, journal, programme d' animation sur l'éducation
38.3
Journal, émission Débat, animation d'éducation, émission de couple, Houenou xo
38.3
Animation sur l'éducation des familles, journal
38.3
Émissions sur l'hygiène à adopter à la maison

Émissions sur le bien être du foyer
38.3
Journal, sport, Animation sur l'éducation, programme santé
38.3
-88
38.3
Émissions sur le bien être de la famille
38.3
J'aime pas de Couffo, journal, soir de devinettes, animation d'éducation,  espace Musique
38.3
Journal, Animation sur l'éducation, animation sur le couple
38.3
Animation sur l'éducation, émission téléphonique, journal
38.3
Drouvitoto, wegnodradra  Journal, animation d'éducation
38.3
Émissions éducatives pour les couples

Émissions éducatives pour les enfants 

Émissions sur comment espacer les naissances
38.3
Émissions éducatives pour les couples

Revue de presse
38.3
JOURNAL, émission sur le Fâ, animation sur l'éducation, la conduite, l'animation sur les couples
38.3
Journal, Animation sur l'éducation, xovi clehoun, animation sur les couples, les émissions de jeudi soir. Les programmes religieux du dimanche vers 6h
38.3
JOURNAL, animation sur l'éducation
38.3
Journal, espace musique, programme de couple, animation sur l'éducation et la santé
35.4
Émissions éducatives pour les jeunes

Revue de presse
35.4
Revue de presse
35.4
Émissions comment vivre en société 
Émissions sur le bien du foyer 
Revue de presse
35.4
Émissions sur comment prendre soin de la maison pour éviter les maladies
35.4
Émissions sur comment prendre soin des enfants 

Émissions sur comment nourrir les enfants
35.4
Émissions sur l'agriculture 
Émissions sur les projets de la commune 
Émissions sur les méthodes de la planification familiale
35.4
Émissions sur l'agriculture, vente groupée des produits 

Émissions sur le bien être du foyer 

Émissions éducatives pour les enfants
35.4
Émissions sur les méthodes de la planification familiale 

Revue de presse
35.4
Émissions sur le bien être du foyer

Émissions sur les méthodes de la planification familiale
35.4
Journal, espace éducation famille, couple, santé
35.4
Journal, animation sur l'éducation, programme santé, programme entrepreneuriat
35.4
Journal, animation sur la santé, et l'éducation familiale
35.4
Journal, animation sur l'éducation et santé,
35.4
Houindo nan fa, lanmin nan non gandji , JOURNAL,
35.4
Journal, Conte du soir, animation d'éducation, programme devinettes
35.4
Journal, Horoscope matinal, émission Théâtre, animation d'éducation, émission traditionnelle Fâ tout les lundi de 7h-8h
35.4
Journal, Xo vi clehoun, animation sur l'éducation et santé, espace Théâtre
35.4
Émissions éducatives sur le bien du foyer et celui des enfants 

Émissions sur comment espacé les naissances
35.4
Journal, animation sur l'éducation, vie de couple, espace santé
35.4
Journal, animation sur l'éducation, programme santé, espace musique
35.4
Journal, animation sur l'éducation, animation santé
35.4
Journal, animation sur l'éducation santé, famille et couple
26.0
Journal, animation sur l'éducation famille, santé, couple, revue de presse, émission de Dah hawe
26.0
Conseils pour les femmes

Conseils pour les couples
26.0
Enlèvement des enfants 

Émissions sur la santé des enfants
26.0
Journal
26.0
Journal 
Émissions sur la santé des nouveaux nés et des mères
26.0
Journal,  Xo vi clehoun, animation sur l'éducation famille, santé et couple, programme conte
26.0
Journal, Gnonnou xo, Houindo min xo, espace musique programme santé et couple
26.0
Émissions sur la santé des enfants 

Émissions sur la planification familiale 

Émissions sur les couples
26.0
Émissions sur la santé
26.0
Émissions sur la gestion du foyer
Jeux radiophoniques
26.0
Journal, Xo baou baou de 21h-22h tous les jeudis et samedi, animation sur l'éducation famille santé et couple, et les émissions de théâtre et divertissement
26.0
Émissions sur l'insertion professionnelle des jeunes

Programme sur les projets de construction d'écoles dans les zones reculées
26.0
Programme de sensibilisation  sur les méthodes contraceptives
26.0
Journal, revue de presse, animation sur l'éducation familiale, santé et couple, Houindo min xo
26.0
Programme éducatif pour maintenir la paix et l'amour dans le foyer 

Conseils pour les couples
26.0
Journal, animation sur l'éducation familiale , santé et couple, programme de partage d'expériences de vie
26.0
Journal, animation sur l'éducation familiale, santé, programme de partage de vie et d'expériences
26.0
Émissions sur comment cultiver la paix et l'harmonie dans le foyer

Émissions sur la santé des enfants. 

Émissions culinaires pour permettre aux mères de maîtriser comment cuisiner les aliments pour les enfants afin de protéger leur santé
26.0
Journal, animation sur l'éducation famille, santé et couple etc
26.0
Journal, animation sur l'éducation famille, santé et couple, Xo baou baou etc
26.0
Journal, animation sur l'éducation famille, santé et couple, espace publicité
26.0
Journal, animation sur l'éducation des enfants, de la famille, Houindo min xo, programme santé et expériences de vie
26.0","-88
52.4
Je ne sais pas
21.3
Je ne me souviens plus
4.6
Je ne connais plus les noms
3.2
Solidarité 
Les autres je ne connais pas
3.2
Je ne connais pas les noms
2.4
Je ne m'en souviens plus
1.9
-99
1.6
Narration, appel téléphonique, Témoignage, politique et musique
0.9
Je ne me souviens plus des noms
0.9
Le sport, la musique, les narration, appel téléphonique, enseignement biblique
0.9
Les émissions de narration, appel téléphonique, Témoignage,  musique et les interviews
0.9
Solidarité 
Le reste je ne sais pas
0.9
Sport, musique, journal, interviews et comédie
0.8
Journal, Musique, conte, témoignage et enseignement religieux
0.8
Musique, journal, sport, les appels téléphoniques et les spots publicitaires
0.8
Journal, interviews, narration,commedi et musique
0.8
Conseilles au agriculteurs, violence sur les femmes, santé , musique et la comédie
0.8
Émissions appel téléphonique, Journal, Conte, Sport et Musique
0.8","-88
24
Je ne sais pas
7
Je ne me souviens plus
2
Je ne connais plus les noms
1
Solidarité 
Les autres je ne connais pas
1
Je ne connais pas les noms
1
Je ne m'en souviens plus
1
-99
2
Narration, appel téléphonique, Témoignage, politique et musique
1
Je ne me souviens plus des noms
1
Le sport, la musique, les narration, appel téléphonique, enseignement biblique
1
Les émissions de narration, appel téléphonique, Témoignage,  musique et les interviews
1
Solidarité 
Le reste je ne sais pas
1
Sport, musique, journal, interviews et comédie
1
Journal, Musique, conte, témoignage et enseignement religieux
1
Musique, journal, sport, les appels téléphoniques et les spots publicitaires
1
Journal, interviews, narration,commedi et musique
1
Conseilles au agriculteurs, violence sur les femmes, santé , musique et la comédie
1
Émissions appel téléphonique, Journal, Conte, Sport et Musique
1","-88
97774.9
Je ne sais pas
39816.9
Je ne me souviens plus
8655.9
Je ne connais plus les noms
5942.0
Solidarité 
Les autres je ne connais pas
5942.0
Je ne connais pas les noms
4456.5
Je ne m'en souviens plus
3462.3
-99
2971.0
Narration, appel téléphonique, Témoignage, politique et musique
1731.2
Je ne me souviens plus des noms
1731.2
Le sport, la musique, les narration, appel téléphonique, enseignement biblique
1731.2
Les émissions de narration, appel téléphonique, Témoignage,  musique et les interviews
1731.2
Solidarité 
Le reste je ne sais pas
1731.2
Sport, musique, journal, interviews et comédie
1485.5
Journal, Musique, conte, témoignage et enseignement religieux
1485.5
Musique, journal, sport, les appels téléphoniques et les spots publicitaires
1485.5
Journal, interviews, narration,commedi et musique
1485.5
Conseilles au agriculteurs, violence sur les femmes, santé , musique et la comédie
1485.5
Émissions appel téléphonique, Journal, Conte, Sport et Musique
1485.5","-88
12.8
La voix de la vallée
6.4
Musique 
Revue de presse 
Journal 
Émission santé 
Divertissement
4.6
-99
3.3
Revue de presse 
Journal 
Émission Harmonie familiale 
Divertissement 
Musique
3.2
Gbahoungba kololo sur radio wêkè
2.9
Revue de presse 
Émission téléphonique
2.6
Journal 
Hoviklehoun
Info sport
2.1
Revue de presse 
Journal 
Musique 
Faits divers
Émission religieuse
1.9
Les prières et enseignements biblique sur Alléluia FM
1.8
Whindomin xo 
Afountoutou kpalala 
Émission culturelle et divertissement
1.8
Journal 
Réveil matinal 
Grogne
Débats
1.8
Les prières et les messes sur Alléluia FM 
Les enseignements, les bonnes pratiques de la vie sur radio wêkè
1.8
Revue de presse 
Musique 
Messe
Journal 
Émission débat
1.7
Revue de presse 
Journal 
Émission religieuse 
Émission sportif 
Divertissement (contes)
1.6
Journal 
Revue de presse 
Émission religieuse 
Musique
1.6
Revue de presse 
Divertissement 
Musique 
Journal
Faits divers
1.6
Journal
Émission d'Appel téléphonique 
Hanlissa
Émission ludique
Bar du samedi soir
1.5
la voix de la vallée
1.3
Hodjaladjala sur la voix de la vallée et les faits divers sur ORTB
1.2
Atchakpodji: voix de la vallée 
Agbanbibio: voix de la vallée 
Afountoutou kpalala : voix de la vallée 
Sebo.gnon nouwi: radio tonanse
1.2
Alléluia Fm,La voix de la vallée
1.2
Jeux radiophonique 
Musique louange 
Hwendo xo
Nukplonmin
1.2
La voix de la vallée,radio Adjohoun , Radio adja wéré
1.1
Voix de la vallée, l'émission hohinhi, Radio Bénin, journal en fon, Radio Adja ouèrè, les chansons religieuses
1.1
Émission jeunesse,
Atchakpodji moeurs et pratiques régionale
1.1
Informations sur une bonne santé surtout des enfants
1.1
Émissions sur l'état de nos routes et les réalisations, sensibilisations sur comment garder son foyer et l'hygiène de sa maison, sensibilisations sur la santé des enfants, des conseils à la radio sur l'espacement des naissances
1.1
Journal 
Revue de presse 
Divertissement 
Musique 
Débat
1.0
L'émission de Dossinon les dimanches à 20h sur la chaîne Adja ouèrè
0.9
Whindomin man bou
Lan min nan non gandji
Hoviklehoun
0.9
Lan min nan non gandji: voix de la vallée 
Revue de presse 
Journal
0.9
Gankeke
Journal
Nuvename wèyin dokaka
Doyin doslo
Ho hè hí
0.9
Émissions sur l'éducation des jeunes filles et la santé des enfants sur la voie de la vallée, il y a aussi les émissions sur la sensibilisation des placements d'enfants à l'étranger car c'est une très très mauvaise chose
0.9
La Voix de la vallée ,Radio Adja wére
0.9
Musique,
Journal, 
Revue de presse,
Divertissement,
Émission religieux
0.8
Journal 
Revue de presse 
Divertissement 
Musique
0.8
Journal 
Musique 
Divertissement 
Louange
0.8
Les émissions sur l'alimentation des enfants, l'hygiène domestique, la santé de la mère et de l'enfant, et les actualités
0.8
Afountoutou kpalala 
Nécrologie
0.8
Musique 
Émission sportif 
Journal 
Divertissement 
Émission santé
0.8
Les prières et conseils sur Alléluia FM 
Les avis, publicités et enseignements sur radio wêkè
0.8
Fait divers
0.8
Les devinettes et jeux sur radio wêkè 
Les enseignements sur la vie et le foyer Sur wêkè
0.7
Creu de la midi
Gbahoungba klolo
Whindomin xo 
Journal
0.7
Whindomin xo 
Débats 
Programme éducation sociale
0.7
Atchakpodji 
Journal 
Divertissement musical
0.7
Xojlajla 
Musique 
Émission programme santé 
Hwendo xo
0.6
Hohêhi sur la vallée 
Éducation des enfants sur Adja ouèrè, les sensibilisations sur comment gérer son foyer sur Adja ouèrè
0.6
Revue de presse 
Journal 
Musique 
Débat 
Faits divers
0.6
Journal 
Programme éducation sociale 
Programme santé et famille
0.6
Journal 
Revue de presse 
Musique 
Émission religieuse 
Émissions sanitaire
0.6
Revue de presse 
Journal 
Musique 
Émission Harmonie familiale 
Émission santé
0.6
Journal 
Revue de presse 
Musique 
Émission religieuse 
Divertissement
0.6
Houindomin sur Radio wêkè
Comédie et fous rires sur radio wêkè 
Wassého sur capp fm
0.5
Actualités dans le monde à la radio vallée
0.5
L'émission Hohêhi sur la voie de la vallée, journal en fon sur maranatha
0.5
Émission culturelle 
Jeux concours radio
Journal 
Revue de presse
0.5
Émissions de jean Kassette
0.5
Revue de presse 
Journal 
Musique 
Émission sur bien être familiale 
Debat
0.5
Afountoutou kpalala :voix de la vallée 
Hwendo nan fa : voix de la vallée 
Gbemin tan: voix de la vallée
0.5
Adja ouere ,la voix de la vallée
0.5
Radio Immaculée,la voix de la vallée,capp Fm
0.4
Hozédoatêdji sur la radio Attakè 
Wassého sur la radio Capp fm
0.4
Revue de presse 
Divertissement 
Faits divers 
Musique 
Journal
0.4
Des actualités sur la santé des enfants, l'hygiène sanitaire et le lavage des mains, la sensibilisation sur la planification familiale sur la voix de la vallée
0.4
Alléluia FM ,la voix de la vallée
0.4
La prière matinale et du soir sur Alléluia FM 
Les faits divers, actualités du monde, gbahoungba kololo sur radio wêkè
0.4
Gbahoungba kololo sur radio wêkè 
Wassého sur radio tokpa
0.4
Ho hèhi : la voix de la vallée 
Hwendo na fa : ORTB
0.3
Journal 
Revue de presse 
Débat politique
Émission sport 
Musique
0.3
Journal 
Les émissions d'appel téléphonique
0.3
Xojlajla 
Adoration 
Jeux concours radio
0.3
La voix de la vallée, Alléluia Fm
0.3
Alléluia FM , ADJA OUERE, La voix de la vallée
0.2
Rubriques conseils sur l'éducation des enfants
0.2
La voix de la vallée, Fait divers, actualités
0.2
La voix d ela vallé, ADJA OUERE,Radio Alafia
0.2
Radio Immaculée,ADJA OUERE,La VOIX de la Vallée
0.2
Journal 
Émission waxého
Émission la clé de midi 
Publicité 
Fait divers
0.2
Conseils sur l'éducation familiale et fait divers
0.2
Journal 
Publicité 
Enseignement sur la parole de Dieu 
Émission waxého 
Débat radiophonique
0.2
Conseils pour les couples et sur l'éducation des enfants
0.2
Journal 
Publicité 
Fait divers 
Débat contradictoire 
Émission Gbahoungba-klolo
0.2
Journal 
Publicité 
Fait divers 
Émission Gbahoungba-klolo 
Débat radiophonique
0.2
Conseils pour les familles et fait divers
0.2
Journal 
Publicité 
Émission comédie 
Émission Gbahoungba-klolo 
Fait divers
0.2
Journal 
Publicité 
Émission sur les messages bibliques
Émission sur débat contradictoire bibliques 
Débat radiophonique
0.2
Conseils divers, éducation
0.2
Journal 
Publicité 
Jeux radiophonique 
Débat contradictoire 
Fait divers
0.2
Journal 
Publicité 
Fait divers 
Émission comédie 
Débat contradictoire
0.2
Les publications des journaux 
Émission Gbahoungba-klolo
Émission Rigolade 
Fait divers 
Débat contradictoire
0.2
Fait divers, conseils famille
0.2
Journal 
Publicité 
Émission comédie 
Fait divers 
Débat contradictoire
0.2
Journal 
Publicité 
Fait divers 
Jeux radiophonique 
Débat contradictoire
0.2
Fait divers, conseils pour les familles, éducation
0.2
Fait divers, conseils sur la famille
0.2
Journal 
Débat contradictoire 
Témoignage 
Publicité 
Fait divers
0.2
Fait divers,Prière , conseils famille
0.2
ADJA OUERE,la voix de la vallée
0.1
Adja ouere,la voix de la vallée
0.1","-88
17
La voix de la vallée
3
Musique 
Revue de presse 
Journal 
Émission santé 
Divertissement
1
-99
5
Revue de presse 
Journal 
Émission Harmonie familiale 
Divertissement 
Musique
1
Gbahoungba kololo sur radio wêkè
1
Revue de presse 
Émission téléphonique
1
Journal 
Hoviklehoun
Info sport
1
Revue de presse 
Journal 
Musique 
Faits divers
Émission religieuse
1
Les prières et enseignements biblique sur Alléluia FM
1
Whindomin xo 
Afountoutou kpalala 
Émission culturelle et divertissement
1
Journal 
Réveil matinal 
Grogne
Débats
1
Les prières et les messes sur Alléluia FM 
Les enseignements, les bonnes pratiques de la vie sur radio wêkè
1
Revue de presse 
Musique 
Messe
Journal 
Émission débat
1
Revue de presse 
Journal 
Émission religieuse 
Émission sportif 
Divertissement (contes)
1
Journal 
Revue de presse 
Émission religieuse 
Musique
1
Revue de presse 
Divertissement 
Musique 
Journal
Faits divers
1
Journal
Émission d'Appel téléphonique 
Hanlissa
Émission ludique
Bar du samedi soir
1
la voix de la vallée
2
Hodjaladjala sur la voix de la vallée et les faits divers sur ORTB
1
Atchakpodji: voix de la vallée 
Agbanbibio: voix de la vallée 
Afountoutou kpalala : voix de la vallée 
Sebo.gnon nouwi: radio tonanse
1
Alléluia Fm,La voix de la vallée
1
Jeux radiophonique 
Musique louange 
Hwendo xo
Nukplonmin
1
La voix de la vallée,radio Adjohoun , Radio adja wéré
1
Voix de la vallée, l'émission hohinhi, Radio Bénin, journal en fon, Radio Adja ouèrè, les chansons religieuses
1
Émission jeunesse,
Atchakpodji moeurs et pratiques régionale
1
Informations sur une bonne santé surtout des enfants
1
Émissions sur l'état de nos routes et les réalisations, sensibilisations sur comment garder son foyer et l'hygiène de sa maison, sensibilisations sur la santé des enfants, des conseils à la radio sur l'espacement des naissances
1
Journal 
Revue de presse 
Divertissement 
Musique 
Débat
1
L'émission de Dossinon les dimanches à 20h sur la chaîne Adja ouèrè
1
Whindomin man bou
Lan min nan non gandji
Hoviklehoun
1
Lan min nan non gandji: voix de la vallée 
Revue de presse 
Journal
1
Gankeke
Journal
Nuvename wèyin dokaka
Doyin doslo
Ho hè hí
1
Émissions sur l'éducation des jeunes filles et la santé des enfants sur la voie de la vallée, il y a aussi les émissions sur la sensibilisation des placements d'enfants à l'étranger car c'est une très très mauvaise chose
1
La Voix de la vallée ,Radio Adja wére
1
Musique,
Journal, 
Revue de presse,
Divertissement,
Émission religieux
1
Journal 
Revue de presse 
Divertissement 
Musique
1
Journal 
Musique 
Divertissement 
Louange
1
Les émissions sur l'alimentation des enfants, l'hygiène domestique, la santé de la mère et de l'enfant, et les actualités
1
Afountoutou kpalala 
Nécrologie
1
Musique 
Émission sportif 
Journal 
Divertissement 
Émission santé
1
Les prières et conseils sur Alléluia FM 
Les avis, publicités et enseignements sur radio wêkè
1
Fait divers
4
Les devinettes et jeux sur radio wêkè 
Les enseignements sur la vie et le foyer Sur wêkè
1
Creu de la midi
Gbahoungba klolo
Whindomin xo 
Journal
1
Whindomin xo 
Débats 
Programme éducation sociale
1
Atchakpodji 
Journal 
Divertissement musical
1
Xojlajla 
Musique 
Émission programme santé 
Hwendo xo
1
Hohêhi sur la vallée 
Éducation des enfants sur Adja ouèrè, les sensibilisations sur comment gérer son foyer sur Adja ouèrè
1
Revue de presse 
Journal 
Musique 
Débat 
Faits divers
1
Journal 
Programme éducation sociale 
Programme santé et famille
1
Journal 
Revue de presse 
Musique 
Émission religieuse 
Émissions sanitaire
1
Revue de presse 
Journal 
Musique 
Émission Harmonie familiale 
Émission santé
1
Journal 
Revue de presse 
Musique 
Émission religieuse 
Divertissement
1
Houindomin sur Radio wêkè
Comédie et fous rires sur radio wêkè 
Wassého sur capp fm
1
Actualités dans le monde à la radio vallée
1
L'émission Hohêhi sur la voie de la vallée, journal en fon sur maranatha
1
Émission culturelle 
Jeux concours radio
Journal 
Revue de presse
1
Émissions de jean Kassette
1
Revue de presse 
Journal 
Musique 
Émission sur bien être familiale 
Debat
1
Afountoutou kpalala :voix de la vallée 
Hwendo nan fa : voix de la vallée 
Gbemin tan: voix de la vallée
1
Adja ouere ,la voix de la vallée
1
Radio Immaculée,la voix de la vallée,capp Fm
1
Hozédoatêdji sur la radio Attakè 
Wassého sur la radio Capp fm
1
Revue de presse 
Divertissement 
Faits divers 
Musique 
Journal
1
Des actualités sur la santé des enfants, l'hygiène sanitaire et le lavage des mains, la sensibilisation sur la planification familiale sur la voix de la vallée
1
Alléluia FM ,la voix de la vallée
1
La prière matinale et du soir sur Alléluia FM 
Les faits divers, actualités du monde, gbahoungba kololo sur radio wêkè
1
Gbahoungba kololo sur radio wêkè 
Wassého sur radio tokpa
1
Ho hèhi : la voix de la vallée 
Hwendo na fa : ORTB
1
Journal 
Revue de presse 
Débat politique
Émission sport 
Musique
1
Journal 
Les émissions d'appel téléphonique
1
Xojlajla 
Adoration 
Jeux concours radio
1
La voix de la vallée, Alléluia Fm
1
Alléluia FM , ADJA OUERE, La voix de la vallée
1
Rubriques conseils sur l'éducation des enfants
1
La voix de la vallée, Fait divers, actualités
1
La voix d ela vallé, ADJA OUERE,Radio Alafia
1
Radio Immaculée,ADJA OUERE,La VOIX de la Vallée
1
Journal 
Émission waxého
Émission la clé de midi 
Publicité 
Fait divers
1
Conseils sur l'éducation familiale et fait divers
1
Journal 
Publicité 
Enseignement sur la parole de Dieu 
Émission waxého 
Débat radiophonique
1
Conseils pour les couples et sur l'éducation des enfants
1
Journal 
Publicité 
Fait divers 
Débat contradictoire 
Émission Gbahoungba-klolo
1
Journal 
Publicité 
Fait divers 
Émission Gbahoungba-klolo 
Débat radiophonique
1
Conseils pour les familles et fait divers
1
Journal 
Publicité 
Émission comédie 
Émission Gbahoungba-klolo 
Fait divers
1
Journal 
Publicité 
Émission sur les messages bibliques
Émission sur débat contradictoire bibliques 
Débat radiophonique
1
Conseils divers, éducation
1
Journal 
Publicité 
Jeux radiophonique 
Débat contradictoire 
Fait divers
1
Journal 
Publicité 
Fait divers 
Émission comédie 
Débat contradictoire
1
Les publications des journaux 
Émission Gbahoungba-klolo
Émission Rigolade 
Fait divers 
Débat contradictoire
1
Fait divers, conseils famille
1
Journal 
Publicité 
Émission comédie 
Fait divers 
Débat contradictoire
1
Journal 
Publicité 
Fait divers 
Jeux radiophonique 
Débat contradictoire
1
Fait divers, conseils pour les familles, éducation
1
Fait divers, conseils sur la famille
1
Journal 
Débat contradictoire 
Témoignage 
Publicité 
Fait divers
1
Fait divers,Prière , conseils famille
1
ADJA OUERE,la voix de la vallée
1
Adja ouere,la voix de la vallée
1","-88
2488.8
La voix de la vallée
1248.2
Musique 
Revue de presse 
Journal 
Émission santé 
Divertissement
906.5
-99
645.0
Revue de presse 
Journal 
Émission Harmonie familiale 
Divertissement 
Musique
629.5
Gbahoungba kololo sur radio wêkè
571.7
Revue de presse 
Émission téléphonique
503.8
Journal 
Hoviklehoun
Info sport
402.9
Revue de presse 
Journal 
Musique 
Faits divers
Émission religieuse
360.8
Les prières et enseignements biblique sur Alléluia FM
346.9
Whindomin xo 
Afountoutou kpalala 
Émission culturelle et divertissement
346.9
Journal 
Réveil matinal 
Grogne
Débats
346.9
Les prières et les messes sur Alléluia FM 
Les enseignements, les bonnes pratiques de la vie sur radio wêkè
346.9
Revue de presse 
Musique 
Messe
Journal 
Émission débat
334.0
Revue de presse 
Journal 
Émission religieuse 
Émission sportif 
Divertissement (contes)
320.7
Journal 
Revue de presse 
Émission religieuse 
Musique
314.8
Revue de presse 
Divertissement 
Musique 
Journal
Faits divers
314.8
Journal
Émission d'Appel téléphonique 
Hanlissa
Émission ludique
Bar du samedi soir
298.5
la voix de la vallée
249.1
Hodjaladjala sur la voix de la vallée et les faits divers sur ORTB
226.6
Atchakpodji: voix de la vallée 
Agbanbibio: voix de la vallée 
Afountoutou kpalala : voix de la vallée 
Sebo.gnon nouwi: radio tonanse
226.6
Alléluia Fm,La voix de la vallée
226.6
Jeux radiophonique 
Musique louange 
Hwendo xo
Nukplonmin
226.6
La voix de la vallée,radio Adjohoun , Radio adja wéré
223.9
Voix de la vallée, l'émission hohinhi, Radio Bénin, journal en fon, Radio Adja ouèrè, les chansons religieuses
223.9
Émission jeunesse,
Atchakpodji moeurs et pratiques régionale
223.9
Informations sur une bonne santé surtout des enfants
223.9
Émissions sur l'état de nos routes et les réalisations, sensibilisations sur comment garder son foyer et l'hygiène de sa maison, sensibilisations sur la santé des enfants, des conseils à la radio sur l'espacement des naissances
223.9
Journal 
Revue de presse 
Divertissement 
Musique 
Débat
201.4
L'émission de Dossinon les dimanches à 20h sur la chaîne Adja ouèrè
181.3
Whindomin man bou
Lan min nan non gandji
Hoviklehoun
180.4
Lan min nan non gandji: voix de la vallée 
Revue de presse 
Journal
180.4
Gankeke
Journal
Nuvename wèyin dokaka
Doyin doslo
Ho hè hí
167.9
Émissions sur l'éducation des jeunes filles et la santé des enfants sur la voie de la vallée, il y a aussi les émissions sur la sensibilisation des placements d'enfants à l'étranger car c'est une très très mauvaise chose
167.9
La Voix de la vallée ,Radio Adja wére
167.9
Musique,
Journal, 
Revue de presse,
Divertissement,
Émission religieux
160.3
Journal 
Revue de presse 
Divertissement 
Musique
160.3
Journal 
Musique 
Divertissement 
Louange
160.3
Les émissions sur l'alimentation des enfants, l'hygiène domestique, la santé de la mère et de l'enfant, et les actualités
160.3
Afountoutou kpalala 
Nécrologie
160.3
Musique 
Émission sportif 
Journal 
Divertissement 
Émission santé
157.4
Les prières et conseils sur Alléluia FM 
Les avis, publicités et enseignements sur radio wêkè
154.2
Fait divers
148.5
Les devinettes et jeux sur radio wêkè 
Les enseignements sur la vie et le foyer Sur wêkè
142.9
Creu de la midi
Gbahoungba klolo
Whindomin xo 
Journal
142.9
Whindomin xo 
Débats 
Programme éducation sociale
142.9
Atchakpodji 
Journal 
Divertissement musical
142.9
Xojlajla 
Musique 
Émission programme santé 
Hwendo xo
120.3
Hohêhi sur la vallée 
Éducation des enfants sur Adja ouèrè, les sensibilisations sur comment gérer son foyer sur Adja ouèrè
120.3
Revue de presse 
Journal 
Musique 
Débat 
Faits divers
120.3
Journal 
Programme éducation sociale 
Programme santé et famille
115.6
Journal 
Revue de presse 
Musique 
Émission religieuse 
Émissions sanitaire
112.0
Revue de presse 
Journal 
Musique 
Émission Harmonie familiale 
Émission santé
112.0
Journal 
Revue de presse 
Musique 
Émission religieuse 
Divertissement
112.0
Houindomin sur Radio wêkè
Comédie et fous rires sur radio wêkè 
Wassého sur capp fm
107.2
Actualités dans le monde à la radio vallée
100.7
L'émission Hohêhi sur la voie de la vallée, journal en fon sur maranatha
100.7
Émission culturelle 
Jeux concours radio
Journal 
Revue de presse
100.7
Émissions de jean Kassette
100.7
Revue de presse 
Journal 
Musique 
Émission sur bien être familiale 
Debat
100.7
Afountoutou kpalala :voix de la vallée 
Hwendo nan fa : voix de la vallée 
Gbemin tan: voix de la vallée
100.7
Adja ouere ,la voix de la vallée
100.7
Radio Immaculée,la voix de la vallée,capp Fm
80.2
Hozédoatêdji sur la radio Attakè 
Wassého sur la radio Capp fm
77.1
Revue de presse 
Divertissement 
Faits divers 
Musique 
Journal
75.5
Des actualités sur la santé des enfants, l'hygiène sanitaire et le lavage des mains, la sensibilisation sur la planification familiale sur la voix de la vallée
75.5
Alléluia FM ,la voix de la vallée
75.5
La prière matinale et du soir sur Alléluia FM 
Les faits divers, actualités du monde, gbahoungba kololo sur radio wêkè
71.5
Gbahoungba kololo sur radio wêkè 
Wassého sur radio tokpa
71.5
Ho hèhi : la voix de la vallée 
Hwendo na fa : ORTB
56.0
Journal 
Revue de presse 
Débat politique
Émission sport 
Musique
56.0
Journal 
Les émissions d'appel téléphonique
56.0
Xojlajla 
Adoration 
Jeux concours radio
50.4
La voix de la vallée, Alléluia Fm
50.4
Alléluia FM , ADJA OUERE, La voix de la vallée
40.1
Rubriques conseils sur l'éducation des enfants
40.1
La voix de la vallée, Fait divers, actualités
40.1
La voix d ela vallé, ADJA OUERE,Radio Alafia
40.1
Radio Immaculée,ADJA OUERE,La VOIX de la Vallée
40.1
Journal 
Émission waxého
Émission la clé de midi 
Publicité 
Fait divers
38.5
Conseils sur l'éducation familiale et fait divers
38.5
Journal 
Publicité 
Enseignement sur la parole de Dieu 
Émission waxého 
Débat radiophonique
38.5
Conseils pour les couples et sur l'éducation des enfants
38.5
Journal 
Publicité 
Fait divers 
Débat contradictoire 
Émission Gbahoungba-klolo
38.5
Journal 
Publicité 
Fait divers 
Émission Gbahoungba-klolo 
Débat radiophonique
38.5
Conseils pour les familles et fait divers
38.5
Journal 
Publicité 
Émission comédie 
Émission Gbahoungba-klolo 
Fait divers
38.5
Journal 
Publicité 
Émission sur les messages bibliques
Émission sur débat contradictoire bibliques 
Débat radiophonique
38.5
Conseils divers, éducation
38.5
Journal 
Publicité 
Jeux radiophonique 
Débat contradictoire 
Fait divers
35.7
Journal 
Publicité 
Fait divers 
Émission comédie 
Débat contradictoire
35.7
Les publications des journaux 
Émission Gbahoungba-klolo
Émission Rigolade 
Fait divers 
Débat contradictoire
35.7
Fait divers, conseils famille
35.7
Journal 
Publicité 
Émission comédie 
Fait divers 
Débat contradictoire
35.7
Journal 
Publicité 
Fait divers 
Jeux radiophonique 
Débat contradictoire
35.7
Fait divers, conseils pour les familles, éducation
35.7
Fait divers, conseils sur la famille
35.7
Journal 
Débat contradictoire 
Témoignage 
Publicité 
Fait divers
35.7
Fait divers,Prière , conseils famille
35.7
ADJA OUERE,la voix de la vallée
25.2
Adja ouere,la voix de la vallée
25.2","Sensibilisation sur la planification familiale 

Conseils pour les parents sur comment prendre soin des enfants

Conseils sur le bien du foyer
14.8
Conseils sur la santé de la famille 

Journal
3.7
Conseils sur la santé des enfants 

Conseils sur l'hygiène de la maison
3.7
Émissions sur la santé de la famille 

Émissions sur comment prendre soin des enfants
3.7
Émissions sur la santé de la famille 

Journal
3.7
Émissions sur la santé de la famille 

Conseils sur la gestion des finances 

Conseils sur comment organiser son commerce

Conseils sur le bien être du foyer
3.7
Émissions sur la planification familiale 

Émissions sur la santé des enfants 

Conseils pour les parents sur les attitudes à avoir pour réussir l'éducation des enfants
3.7
Émissions sur la planification familiale 

Conseils sur le bien être du foyer 

Conseils sur la gestion du foyer
3.7
Émission sur les projets du pays

Entrepreneuriat des jeunes, conseils et directives
3.7
Journal, revue de presse, samedi soir Xo vi clehoun, animation sur l'éducation de la famille, santé et couple, Atchakpodji
3.7
Journal, revue de presse, animation sur l'éducation familiale, santé et couple
3.7
Journal, revue de presse, animation sur l'éducation de la famille, santé et couple
3.7
Journal, programme d'animations sur l'éducation familiale, santé et couple, espace échange et discutions
3.7
Journal, programme d'animations sur l'éducation de la famille, santé et couple
3.7
Journal, mardi matin émission éducation sur Ala ketou, émission Marius AGBOZO sur la radio ALAFIA FM, programme d'animations sur l'éducation de la famille, santé et couple etc
3.7
Journal, espace divertissement, animation d'éducation familiale, santé et couple ,
3.7
Journal, animation sur l'éducation de la famille, santé et couple, espace divertissement, espace publicité
3.7
Journal, animation sur l'éducation de la famille, santé et couple,
3.7
Journal, Houindo xo, programme éducation santé, famille et couple
3.7
Journal, Houindo min xo, programme d'avis sur des thématiques, animation sur l'éducation de la famille, santé et couple
3.7
Journal, Houindo min xo, programme d' animation sur l'éducation de la famille, santé et couple
3.7
Journal radiophonique

Émissions éducatives pour la jeunesse
3.7
Conseils sur le bien être du foyer, la paix et l'harmonie dans le foyer 

Conseils sur la gestion du foyer
3.7
Émissions sur la scolarisation des enfants 

Émissions sur comment vivre en société
3.7","Sensibilisation sur la planification familiale 

Conseils pour les parents sur comment prendre soin des enfants

Conseils sur le bien du foyer
1
Conseils sur la santé de la famille 

Journal
1
Conseils sur la santé des enfants 

Conseils sur l'hygiène de la maison
1
Émissions sur la santé de la famille 

Émissions sur comment prendre soin des enfants
1
Émissions sur la santé de la famille 

Journal
1
Émissions sur la santé de la famille 

Conseils sur la gestion des finances 

Conseils sur comment organiser son commerce

Conseils sur le bien être du foyer
1
Émissions sur la planification familiale 

Émissions sur la santé des enfants 

Conseils pour les parents sur les attitudes à avoir pour réussir l'éducation des enfants
1
Émissions sur la planification familiale 

Conseils sur le bien être du foyer 

Conseils sur la gestion du foyer
1
Émission sur les projets du pays

Entrepreneuriat des jeunes, conseils et directives
1
Journal, revue de presse, samedi soir Xo vi clehoun, animation sur l'éducation de la famille, santé et couple, Atchakpodji
1
Journal, revue de presse, animation sur l'éducation familiale, santé et couple
1
Journal, revue de presse, animation sur l'éducation de la famille, santé et couple
1
Journal, programme d'animations sur l'éducation familiale, santé et couple, espace échange et discutions
1
Journal, programme d'animations sur l'éducation de la famille, santé et couple
1
Journal, mardi matin émission éducation sur Ala ketou, émission Marius AGBOZO sur la radio ALAFIA FM, programme d'animations sur l'éducation de la famille, santé et couple etc
1
Journal, espace divertissement, animation d'éducation familiale, santé et couple ,
1
Journal, animation sur l'éducation de la famille, santé et couple, espace divertissement, espace publicité
1
Journal, animation sur l'éducation de la famille, santé et couple,
1
Journal, Houindo xo, programme éducation santé, famille et couple
1
Journal, Houindo min xo, programme d'avis sur des thématiques, animation sur l'éducation de la famille, santé et couple
1
Journal, Houindo min xo, programme d' animation sur l'éducation de la famille, santé et couple
1
Journal radiophonique

Émissions éducatives pour la jeunesse
1
Conseils sur le bien être du foyer, la paix et l'harmonie dans le foyer 

Conseils sur la gestion du foyer
1
Émissions sur la scolarisation des enfants 

Émissions sur comment vivre en société
1","Sensibilisation sur la planification familiale 

Conseils pour les parents sur comment prendre soin des enfants

Conseils sur le bien du foyer
58572.2
Conseils sur la santé de la famille 

Journal
14643.1
Conseils sur la santé des enfants 

Conseils sur l'hygiène de la maison
14643.1
Émissions sur la santé de la famille 

Émissions sur comment prendre soin des enfants
14643.1
Émissions sur la santé de la famille 

Journal
14643.1
Émissions sur la santé de la famille 

Conseils sur la gestion des finances 

Conseils sur comment organiser son commerce

Conseils sur le bien être du foyer
14643.1
Émissions sur la planification familiale 

Émissions sur la santé des enfants 

Conseils pour les parents sur les attitudes à avoir pour réussir l'éducation des enfants
14643.1
Émissions sur la planification familiale 

Conseils sur le bien être du foyer 

Conseils sur la gestion du foyer
14643.1
Émission sur les projets du pays

Entrepreneuriat des jeunes, conseils et directives
14643.1
Journal, revue de presse, samedi soir Xo vi clehoun, animation sur l'éducation de la famille, santé et couple, Atchakpodji
14643.1
Journal, revue de presse, animation sur l'éducation familiale, santé et couple
14643.1
Journal, revue de presse, animation sur l'éducation de la famille, santé et couple
14643.1
Journal, programme d'animations sur l'éducation familiale, santé et couple, espace échange et discutions
14643.1
Journal, programme d'animations sur l'éducation de la famille, santé et couple
14643.1
Journal, mardi matin émission éducation sur Ala ketou, émission Marius AGBOZO sur la radio ALAFIA FM, programme d'animations sur l'éducation de la famille, santé et couple etc
14643.1
Journal, espace divertissement, animation d'éducation familiale, santé et couple ,
14643.1
Journal, animation sur l'éducation de la famille, santé et couple, espace divertissement, espace publicité
14643.1
Journal, animation sur l'éducation de la famille, santé et couple,
14643.1
Journal, Houindo xo, programme éducation santé, famille et couple
14643.1
Journal, Houindo min xo, programme d'avis sur des thématiques, animation sur l'éducation de la famille, santé et couple
14643.1
Journal, Houindo min xo, programme d' animation sur l'éducation de la famille, santé et couple
14643.1
Journal radiophonique

Émissions éducatives pour la jeunesse
14643.1
Conseils sur le bien être du foyer, la paix et l'harmonie dans le foyer 

Conseils sur la gestion du foyer
14643.1
Émissions sur la scolarisation des enfants 

Émissions sur comment vivre en société
14643.1","Émissions sur le bien être de la famille 

Émissions sur la santé maternelle et infantile 

Émissions culinaires des aliments pour les enfants
4.2
Émissions sur la santé d'un foyer 

Émissions sur la planification familiale
4.2
Conseils sur la vie d'un chrétien 
Théâtre sur le vivre ensemble
2.5
Émissions sur la planification familiale 

Émissions sur la santé de la famille
2.1
Conseils pour la paix et l'harmonie dans le couple
2.1
Conseils pour les couples

Conseils sur le bien être d u foyer

Conseils sur l'hygiène et l'alimentation
2.1
-88
1.4
Journal, animation sur l'éducation, famille, santé, couple
1.0
Journal, Houindo min xo, programme santé et couple, espace musique
1.0
Journal, animation sur l'éducation famille santé et couple
1.0
Journal, animation sur l'éducation famille santé et couple, programme de gestion financière
1.0
Journal, animation sur l'éducation famille santé et couple, émission Houindo min xo
1.0
Journal, animation sur l'éducation famille,  émission santé 10h-11h ( lundi, jeudi, vendredi) sur Tonnanse, couple,
1.0
Journal, animation sur l'éducation, famille, Xo bassa, programme santé
1.0
Journal, revue de presse, animation sur l'éducation famille santé et couple
1.0
Journal, animation sur l'éducation, la famille, la santé
1.0
Journal, animation sur l'éducation,famille,santé et couple, Houindo min xo, Atchakpodji, espace musique
1.0
Journal 

Conseils sur la planification familiale
1.0
Émissions sur comment cultiver la paix dans le foyer

Émissions sur la santé
1.0
Émissions sur l'agriculture 
Jeux radiophoniques
1.0
Émissions sur la vaccination des nouveaux nés 

Émissions sur la planification familiale 

Émissions sur l'hygiène 

Journal
1.0
Émissions sur la vaccination des nouveaux nés 

Émissions sur la santé de la famille 

Émissions culinaires 

Émissions sur l'alimentation des nouveaux nés
1.0
Journal, Atchakpodji, Houindo min xo, animation sur l'éducation santé, couple
1.0
Journal, animation sur l'éducation, famille, santé , l' émission des invités des personnels de santé
1.0
Conseils aux femmes  sur comment gérer son foyer
1.0
Atchakpodji, Vi do dodji, animation sur l'éducation, la famille et les émissions spirituelles du soir
1.0
Conseils sur la planification familiale 

Se rendre toujours à l'hôpital avant de choisir une méthode
1.0
Comment une femme au foyer doit gérer son foyer pour éviter les disputes 

Conseils sur la santé de la famille en général 

Revue de presse
1.0
Comment se comporter dans le foyer pour éviter les disputes
1.0
Espace musique, Houindo min xo, Atchakpodji
1.0
Hygiène à la maison 

Santé 

Conseils pour les couples
1.0
Animation sur l'éducation famille santé et couple, journal
1.0
Journal, xo vi clehoun, espace musique, programme d'animations sur l'éducation de la famille, santé et couple
0.8
Journal, animation sur l'éducation famille, santé, Houindo min xo, espace actualités
0.8
Émissions éducatives pour les couples

Revue de presse
0.8
Conseils pour les jeunes filles

Conseils pour le bien être du foyer

Émissions éducatives pour les enfants
0.8
Journal, espace musique, animation sur l'éducation de la famille, santé, couple etc
0.8
Journal, espace musique, programme d'animations sur l'éducation de la famille, santé, Houindo min
0.8
Journal, espace sportif, Nou dje do tomin, animation d'éducation sur la famille, la santé,  espace interview des personnalités
0.8
Jeux radiophoniques 

Émissions de distraction 

Émissions culinaires
0.8
Revue de presse et les communiqués 

Jeux radiophoniques 

Émissions de distraction
0.8
Émissions sur la santé de la famille 

Conseils pour les femmes au foyers
0.8
Sensibilisation sur la planification familiale 

Programme éducatif pour la paix et l'harmonie dans le foyer
0.8
To tche xo, Journal, animation sur l'éducation familiale, santé et couple, Nou Plon min
0.8
Conseils sur les comportements à adopter par une femme / l'homme pour que la paix et l'amour teigne t dans son foyer

Émissions sur les avantages et inconvénients des méthodes contraceptives
0.8
Émissions sur l'hygiène 
Émissions sur comment se porter dans le foyer
0.8
Émissions sur la gestion du foyer, 

Émissions sur la santé des enfants 

Émissions éducatives
0.8
Émissions sur santé de la famille 

Conseils sur les bonnes pratiques d'hygiène à adopter à la maison
0.8
Jeux radiophoniques 

Émissions de distraction 

Émissions sur la santé des mères et des enfants 

Conseils à l'endroit des couples
0.8
Journal, programme d'animations sur l'éducation, famille, santé et couple
0.8
Conseils sur les méthodes contraceptives 

Conseils sur l'hygiène à adopter à la maison
0.8
Journal, animation sur l'éducation de la famille, santé, espace actualités,  espace musique Houindo min xo
0.8
Journal, Houindo min xo, programme éducation santé, famille et couple
0.8
Journal, Xo vi clehoun, animation sur l'éducation de famille, santé et couple
0.8
Journal, animation sur l'éducation de  famille, santé et couple
0.8
Journal, animation sur l'éducation de la famille, la santé, couple et expériences de vie
0.8
Journal, animation sur l'éducation de la famille, santé, couple, actualités,
0.8
Journal, animation sur l'éducation de la famille, santé, couple, émission sur le Fâ
0.8
Émissions éducatives sur comment entretenir son foyer pour éviter les disputes
0.8
Journal, Xovi clehoun, Houindo min xo, espaces spirituels, animation d'éducation familiale, santé et couple
0.7
Animation sur l'éducation de la famille, santé et couple, journal, xovi clehoun, xo kpe kpe
0.7
Conseils sur le bien être du foyer 

Conseils sur la planification familiale
0.7
Journal, Houindo nan fa, programme d'animations sur l'éducation de la famille, santé, couple
0.7
Émissions sur la santé de la famille 

Conseils sur le bien être du foyer
0.7
Conseils pour les femmes au foyer
Émissions sur la santé des enfants
0.7
Émissions de distraction 

Jeux radiophoniques 

Émissions sur la santé de la famille
0.7
Émissions biblique 

Émissions sur santé de la famille 

Conseils sur le bien être du foyer
0.7
Émissions sur la santé de la famille 

Jeux radiophoniques 

Émissions de distraction
0.7
Émissions sur la santé de la famille 
Sensibilisation sur les pratiques à adopter pour éviter le paludisme
0.7
Conseils sur le bien être du foyer 

Émissions sur la santé des enfants
0.7
Émissions sur la santé des enfants et de la famille 

Conseils sur les bonnes pratiques d'hygiène à adopter 

Sensibilisation sur le paludisme et autres maladies
0.7
Journal, animation sur l'éducation familiale, l'éducation des enfants, sur la santé et couple
0.7
Journal, animation sur l'éducation de la famille, santé, vie  de couple
0.7
Jeux radiophoniques 

Émissions de distraction
0.7
Émissions sur les avantages des méthodes contraceptives 

Conseils pour le bien être du foyer
0.7
Journal, programme sur la santé, espace éducation, musique, Houindo xo, espace spirituel
0.7
Journal, espace musique, espace jeu concours, programme d'animations sur l'éducation de la famille, santé et couple
0.7
Journal, espace musique, programme d'animations sur l'éducation de la famille, santé et de, Xo boté, xo heti heti, espace de partage d'expériences de vie
0.7
Journal, animation sur l'éducation de la famille, santé, couple, émission d'expériences de vie
0.7
Émissions sur santé des mères et des enfants 

Jeux radiophoniques
0.7
Journal, animation sur l'éducation de la famille, santé, espace musique, espace divertissement
0.7
Journal, revue de presse, les divertissements du soir, espace musique, programme d'animations sur l'éducation familiale, santé et couple
0.7
Journal, animation sur l'éducation de la famille, santé et couple, Houindo min xo
0.7
Journal, xovi clehoun, animation sur l'éducation de la famille, sur la santé et couple, espace musique
0.7
Journal, Animation du Père BOCOVO Immaculée conception le matin, animation sur l'éducation (santé, couple, enfants)
0.6
Journal, Xo baou baou, To tche xo, espace musique matinal
0.6
Journal, ALLOHADO FM 23h30-01h Houindo min xo, Jeudi et samedi 21h- 22h Tonignon ( Xo baou baou),
0.6
Journal, To tche xo, Xo baou baou, Xo vi clehoun , gbadalisa ,
0.6
Émissions sur la santé 

Comment développer le pays
0.6
Émissions sur les du gestion du foyer. Les droits et devoirs des conjoints
0.6
Journal, Xo baou baou, To Tche xo, etc
0.6
Journal, animation sur la vie de couple de 5h radio Tonignon ( Houindo min xo), code de conduite vers 13h carrefour, émission de 14h Tonignon
0.6
Émissions sur la gestion des apprentis
Émissions sur comment cuisiner les aliments pour en tirer profit
0.6
Revue de presse
Émissions sur le respect, la paix et l'harmonie dans un foyer 
Émissions éducatives pour les enfants
0.6
Journal, animation sur l'éducation, santé et couple, Xo baou baou
0.6
Journal, houenou xo, programme éducation, santé , couplé
0.6
Conseils pour les couples 

Revue de presse
0.6
Journal, émission de BOCOVO sur Immaculée FM à 6h,  ZITI les jeudi soir 21h (Xo heti heti),
0.6
Journal, émission sur l'éducation des enfants, santé, couple, espace musique, To tche xo, Atoo gbe vendredi et dimanche,
0.6
Marketing de certains produits 

Revue de presse 

Émissions biblique
0.6
ALLOHADO FM 9h-12h( Xo ba dji) , Tonignon dimanche 10h-12h ( To tche xo), 14h dimanche allodaho ( ze daga)
0.6
Comment éduquer les jeunes filles 

Le journal
0.6
Théâtre 
Revue de presse 
Musique
Conseils sur comment gerer le foyer
0.6
Xo heti heti sur Tonignon, Xo vi clehoun, Gbadalisa, To tche xo
0.6
Émission sur le bien être du foyer, comment cultiver la paix et l'amour dans le foyer
0.6
Émissions sur comment entretenir son homme pour que la paix et l'amour puisse régner dans le foyer
0.6
Émissions sur comment maintenir la paix dans le foyer 

Conseils aux couples
0.6
Émissions sur comment prendre soin des enfants 

Émissions sur fabriquer les farines enrichies pour les enfants, l'hygiène à adopter et comment préparer la bouillie pour les enfants
0.6
Journal, Xo vi clehoun, animation sur l'éducation santé et famille
0.6","Émissions sur le bien être de la famille 

Émissions sur la santé maternelle et infantile 

Émissions culinaires des aliments pour les enfants
1
Émissions sur la santé d'un foyer 

Émissions sur la planification familiale
1
Conseils sur la vie d'un chrétien 
Théâtre sur le vivre ensemble
1
Émissions sur la planification familiale 

Émissions sur la santé de la famille
1
Conseils pour la paix et l'harmonie dans le couple
1
Conseils pour les couples

Conseils sur le bien être d u foyer

Conseils sur l'hygiène et l'alimentation
1
-88
2
Journal, animation sur l'éducation, famille, santé, couple
1
Journal, Houindo min xo, programme santé et couple, espace musique
1
Journal, animation sur l'éducation famille santé et couple
1
Journal, animation sur l'éducation famille santé et couple, programme de gestion financière
1
Journal, animation sur l'éducation famille santé et couple, émission Houindo min xo
1
Journal, animation sur l'éducation famille,  émission santé 10h-11h ( lundi, jeudi, vendredi) sur Tonnanse, couple,
1
Journal, animation sur l'éducation, famille, Xo bassa, programme santé
1
Journal, revue de presse, animation sur l'éducation famille santé et couple
1
Journal, animation sur l'éducation, la famille, la santé
1
Journal, animation sur l'éducation,famille,santé et couple, Houindo min xo, Atchakpodji, espace musique
1
Journal 

Conseils sur la planification familiale
1
Émissions sur comment cultiver la paix dans le foyer

Émissions sur la santé
1
Émissions sur l'agriculture 
Jeux radiophoniques
1
Émissions sur la vaccination des nouveaux nés 

Émissions sur la planification familiale 

Émissions sur l'hygiène 

Journal
1
Émissions sur la vaccination des nouveaux nés 

Émissions sur la santé de la famille 

Émissions culinaires 

Émissions sur l'alimentation des nouveaux nés
1
Journal, Atchakpodji, Houindo min xo, animation sur l'éducation santé, couple
1
Journal, animation sur l'éducation, famille, santé , l' émission des invités des personnels de santé
1
Conseils aux femmes  sur comment gérer son foyer
1
Atchakpodji, Vi do dodji, animation sur l'éducation, la famille et les émissions spirituelles du soir
1
Conseils sur la planification familiale 

Se rendre toujours à l'hôpital avant de choisir une méthode
1
Comment une femme au foyer doit gérer son foyer pour éviter les disputes 

Conseils sur la santé de la famille en général 

Revue de presse
1
Comment se comporter dans le foyer pour éviter les disputes
1
Espace musique, Houindo min xo, Atchakpodji
1
Hygiène à la maison 

Santé 

Conseils pour les couples
1
Animation sur l'éducation famille santé et couple, journal
1
Journal, xo vi clehoun, espace musique, programme d'animations sur l'éducation de la famille, santé et couple
1
Journal, animation sur l'éducation famille, santé, Houindo min xo, espace actualités
1
Émissions éducatives pour les couples

Revue de presse
1
Conseils pour les jeunes filles

Conseils pour le bien être du foyer

Émissions éducatives pour les enfants
1
Journal, espace musique, animation sur l'éducation de la famille, santé, couple etc
1
Journal, espace musique, programme d'animations sur l'éducation de la famille, santé, Houindo min
1
Journal, espace sportif, Nou dje do tomin, animation d'éducation sur la famille, la santé,  espace interview des personnalités
1
Jeux radiophoniques 

Émissions de distraction 

Émissions culinaires
1
Revue de presse et les communiqués 

Jeux radiophoniques 

Émissions de distraction
1
Émissions sur la santé de la famille 

Conseils pour les femmes au foyers
1
Sensibilisation sur la planification familiale 

Programme éducatif pour la paix et l'harmonie dans le foyer
1
To tche xo, Journal, animation sur l'éducation familiale, santé et couple, Nou Plon min
1
Conseils sur les comportements à adopter par une femme / l'homme pour que la paix et l'amour teigne t dans son foyer

Émissions sur les avantages et inconvénients des méthodes contraceptives
1
Émissions sur l'hygiène 
Émissions sur comment se porter dans le foyer
1
Émissions sur la gestion du foyer, 

Émissions sur la santé des enfants 

Émissions éducatives
1
Émissions sur santé de la famille 

Conseils sur les bonnes pratiques d'hygiène à adopter à la maison
1
Jeux radiophoniques 

Émissions de distraction 

Émissions sur la santé des mères et des enfants 

Conseils à l'endroit des couples
1
Journal, programme d'animations sur l'éducation, famille, santé et couple
1
Conseils sur les méthodes contraceptives 

Conseils sur l'hygiène à adopter à la maison
1
Journal, animation sur l'éducation de la famille, santé, espace actualités,  espace musique Houindo min xo
1
Journal, Houindo min xo, programme éducation santé, famille et couple
1
Journal, Xo vi clehoun, animation sur l'éducation de famille, santé et couple
1
Journal, animation sur l'éducation de  famille, santé et couple
1
Journal, animation sur l'éducation de la famille, la santé, couple et expériences de vie
1
Journal, animation sur l'éducation de la famille, santé, couple, actualités,
1
Journal, animation sur l'éducation de la famille, santé, couple, émission sur le Fâ
1
Émissions éducatives sur comment entretenir son foyer pour éviter les disputes
1
Journal, Xovi clehoun, Houindo min xo, espaces spirituels, animation d'éducation familiale, santé et couple
1
Animation sur l'éducation de la famille, santé et couple, journal, xovi clehoun, xo kpe kpe
1
Conseils sur le bien être du foyer 

Conseils sur la planification familiale
1
Journal, Houindo nan fa, programme d'animations sur l'éducation de la famille, santé, couple
1
Émissions sur la santé de la famille 

Conseils sur le bien être du foyer
1
Conseils pour les femmes au foyer
Émissions sur la santé des enfants
1
Émissions de distraction 

Jeux radiophoniques 

Émissions sur la santé de la famille
1
Émissions biblique 

Émissions sur santé de la famille 

Conseils sur le bien être du foyer
1
Émissions sur la santé de la famille 

Jeux radiophoniques 

Émissions de distraction
1
Émissions sur la santé de la famille 
Sensibilisation sur les pratiques à adopter pour éviter le paludisme
1
Conseils sur le bien être du foyer 

Émissions sur la santé des enfants
1
Émissions sur la santé des enfants et de la famille 

Conseils sur les bonnes pratiques d'hygiène à adopter 

Sensibilisation sur le paludisme et autres maladies
1
Journal, animation sur l'éducation familiale, l'éducation des enfants, sur la santé et couple
1
Journal, animation sur l'éducation de la famille, santé, vie  de couple
1
Jeux radiophoniques 

Émissions de distraction
1
Émissions sur les avantages des méthodes contraceptives 

Conseils pour le bien être du foyer
1
Journal, programme sur la santé, espace éducation, musique, Houindo xo, espace spirituel
1
Journal, espace musique, espace jeu concours, programme d'animations sur l'éducation de la famille, santé et couple
1
Journal, espace musique, programme d'animations sur l'éducation de la famille, santé et de, Xo boté, xo heti heti, espace de partage d'expériences de vie
1
Journal, animation sur l'éducation de la famille, santé, couple, émission d'expériences de vie
1
Émissions sur santé des mères et des enfants 

Jeux radiophoniques
1
Journal, animation sur l'éducation de la famille, santé, espace musique, espace divertissement
1
Journal, revue de presse, les divertissements du soir, espace musique, programme d'animations sur l'éducation familiale, santé et couple
1
Journal, animation sur l'éducation de la famille, santé et couple, Houindo min xo
1
Journal, xovi clehoun, animation sur l'éducation de la famille, sur la santé et couple, espace musique
1
Journal, Animation du Père BOCOVO Immaculée conception le matin, animation sur l'éducation (santé, couple, enfants)
1
Journal, Xo baou baou, To tche xo, espace musique matinal
1
Journal, ALLOHADO FM 23h30-01h Houindo min xo, Jeudi et samedi 21h- 22h Tonignon ( Xo baou baou),
1
Journal, To tche xo, Xo baou baou, Xo vi clehoun , gbadalisa ,
1
Émissions sur la santé 

Comment développer le pays
1
Émissions sur les du gestion du foyer. Les droits et devoirs des conjoints
1
Journal, Xo baou baou, To Tche xo, etc
1
Journal, animation sur la vie de couple de 5h radio Tonignon ( Houindo min xo), code de conduite vers 13h carrefour, émission de 14h Tonignon
1
Émissions sur la gestion des apprentis
Émissions sur comment cuisiner les aliments pour en tirer profit
1
Revue de presse
Émissions sur le respect, la paix et l'harmonie dans un foyer 
Émissions éducatives pour les enfants
1
Journal, animation sur l'éducation, santé et couple, Xo baou baou
1
Journal, houenou xo, programme éducation, santé , couplé
1
Conseils pour les couples 

Revue de presse
1
Journal, émission de BOCOVO sur Immaculée FM à 6h,  ZITI les jeudi soir 21h (Xo heti heti),
1
Journal, émission sur l'éducation des enfants, santé, couple, espace musique, To tche xo, Atoo gbe vendredi et dimanche,
1
Marketing de certains produits 

Revue de presse 

Émissions biblique
1
ALLOHADO FM 9h-12h( Xo ba dji) , Tonignon dimanche 10h-12h ( To tche xo), 14h dimanche allodaho ( ze daga)
1
Comment éduquer les jeunes filles 

Le journal
1
Théâtre 
Revue de presse 
Musique
Conseils sur comment gerer le foyer
1
Xo heti heti sur Tonignon, Xo vi clehoun, Gbadalisa, To tche xo
1
Émission sur le bien être du foyer, comment cultiver la paix et l'amour dans le foyer
1
Émissions sur comment entretenir son homme pour que la paix et l'amour puisse régner dans le foyer
1
Émissions sur comment maintenir la paix dans le foyer 

Conseils aux couples
1
Émissions sur comment prendre soin des enfants 

Émissions sur fabriquer les farines enrichies pour les enfants, l'hygiène à adopter et comment préparer la bouillie pour les enfants
1
Journal, Xo vi clehoun, animation sur l'éducation santé et famille
1","Émissions sur le bien être de la famille 

Émissions sur la santé maternelle et infantile 

Émissions culinaires des aliments pour les enfants
122.6
Émissions sur la santé d'un foyer 

Émissions sur la planification familiale
122.6
Conseils sur la vie d'un chrétien 
Théâtre sur le vivre ensemble
73.7
Émissions sur la planification familiale 

Émissions sur la santé de la famille
61.3
Conseils pour la paix et l'harmonie dans le couple
61.3
Conseils pour les couples

Conseils sur le bien être d u foyer

Conseils sur l'hygiène et l'alimentation
61.3
-88
39.4
Journal, animation sur l'éducation, famille, santé, couple
30.6
Journal, Houindo min xo, programme santé et couple, espace musique
30.6
Journal, animation sur l'éducation famille santé et couple
30.6
Journal, animation sur l'éducation famille santé et couple, programme de gestion financière
30.6
Journal, animation sur l'éducation famille santé et couple, émission Houindo min xo
30.6
Journal, animation sur l'éducation famille,  émission santé 10h-11h ( lundi, jeudi, vendredi) sur Tonnanse, couple,
30.6
Journal, animation sur l'éducation, famille, Xo bassa, programme santé
30.6
Journal, revue de presse, animation sur l'éducation famille santé et couple
30.6
Journal, animation sur l'éducation, la famille, la santé
30.6
Journal, animation sur l'éducation,famille,santé et couple, Houindo min xo, Atchakpodji, espace musique
30.6
Journal 

Conseils sur la planification familiale
30.6
Émissions sur comment cultiver la paix dans le foyer

Émissions sur la santé
30.6
Émissions sur l'agriculture 
Jeux radiophoniques
30.6
Émissions sur la vaccination des nouveaux nés 

Émissions sur la planification familiale 

Émissions sur l'hygiène 

Journal
30.6
Émissions sur la vaccination des nouveaux nés 

Émissions sur la santé de la famille 

Émissions culinaires 

Émissions sur l'alimentation des nouveaux nés
30.6
Journal, Atchakpodji, Houindo min xo, animation sur l'éducation santé, couple
30.6
Journal, animation sur l'éducation, famille, santé , l' émission des invités des personnels de santé
30.6
Conseils aux femmes  sur comment gérer son foyer
30.6
Atchakpodji, Vi do dodji, animation sur l'éducation, la famille et les émissions spirituelles du soir
30.6
Conseils sur la planification familiale 

Se rendre toujours à l'hôpital avant de choisir une méthode
30.6
Comment une femme au foyer doit gérer son foyer pour éviter les disputes 

Conseils sur la santé de la famille en général 

Revue de presse
30.6
Comment se comporter dans le foyer pour éviter les disputes
30.6
Espace musique, Houindo min xo, Atchakpodji
30.6
Hygiène à la maison 

Santé 

Conseils pour les couples
30.6
Animation sur l'éducation famille santé et couple, journal
30.6
Journal, xo vi clehoun, espace musique, programme d'animations sur l'éducation de la famille, santé et couple
23.2
Journal, animation sur l'éducation famille, santé, Houindo min xo, espace actualités
23.2
Émissions éducatives pour les couples

Revue de presse
23.2
Conseils pour les jeunes filles

Conseils pour le bien être du foyer

Émissions éducatives pour les enfants
23.2
Journal, espace musique, animation sur l'éducation de la famille, santé, couple etc
23.2
Journal, espace musique, programme d'animations sur l'éducation de la famille, santé, Houindo min
23.2
Journal, espace sportif, Nou dje do tomin, animation d'éducation sur la famille, la santé,  espace interview des personnalités
23.2
Jeux radiophoniques 

Émissions de distraction 

Émissions culinaires
23.2
Revue de presse et les communiqués 

Jeux radiophoniques 

Émissions de distraction
23.2
Émissions sur la santé de la famille 

Conseils pour les femmes au foyers
23.2
Sensibilisation sur la planification familiale 

Programme éducatif pour la paix et l'harmonie dans le foyer
23.2
To tche xo, Journal, animation sur l'éducation familiale, santé et couple, Nou Plon min
23.2
Conseils sur les comportements à adopter par une femme / l'homme pour que la paix et l'amour teigne t dans son foyer

Émissions sur les avantages et inconvénients des méthodes contraceptives
23.2
Émissions sur l'hygiène 
Émissions sur comment se porter dans le foyer
23.2
Émissions sur la gestion du foyer, 

Émissions sur la santé des enfants 

Émissions éducatives
23.2
Émissions sur santé de la famille 

Conseils sur les bonnes pratiques d'hygiène à adopter à la maison
23.2
Jeux radiophoniques 

Émissions de distraction 

Émissions sur la santé des mères et des enfants 

Conseils à l'endroit des couples
23.2
Journal, programme d'animations sur l'éducation, famille, santé et couple
23.2
Conseils sur les méthodes contraceptives 

Conseils sur l'hygiène à adopter à la maison
23.2
Journal, animation sur l'éducation de la famille, santé, espace actualités,  espace musique Houindo min xo
23.2
Journal, Houindo min xo, programme éducation santé, famille et couple
23.2
Journal, Xo vi clehoun, animation sur l'éducation de famille, santé et couple
23.2
Journal, animation sur l'éducation de  famille, santé et couple
23.2
Journal, animation sur l'éducation de la famille, la santé, couple et expériences de vie
23.2
Journal, animation sur l'éducation de la famille, santé, couple, actualités,
23.2
Journal, animation sur l'éducation de la famille, santé, couple, émission sur le Fâ
23.2
Émissions éducatives sur comment entretenir son foyer pour éviter les disputes
23.2
Journal, Xovi clehoun, Houindo min xo, espaces spirituels, animation d'éducation familiale, santé et couple
21.0
Animation sur l'éducation de la famille, santé et couple, journal, xovi clehoun, xo kpe kpe
21.0
Conseils sur le bien être du foyer 

Conseils sur la planification familiale
21.0
Journal, Houindo nan fa, programme d'animations sur l'éducation de la famille, santé, couple
21.0
Émissions sur la santé de la famille 

Conseils sur le bien être du foyer
21.0
Conseils pour les femmes au foyer
Émissions sur la santé des enfants
21.0
Émissions de distraction 

Jeux radiophoniques 

Émissions sur la santé de la famille
21.0
Émissions biblique 

Émissions sur santé de la famille 

Conseils sur le bien être du foyer
21.0
Émissions sur la santé de la famille 

Jeux radiophoniques 

Émissions de distraction
21.0
Émissions sur la santé de la famille 
Sensibilisation sur les pratiques à adopter pour éviter le paludisme
21.0
Conseils sur le bien être du foyer 

Émissions sur la santé des enfants
21.0
Émissions sur la santé des enfants et de la famille 

Conseils sur les bonnes pratiques d'hygiène à adopter 

Sensibilisation sur le paludisme et autres maladies
21.0
Journal, animation sur l'éducation familiale, l'éducation des enfants, sur la santé et couple
21.0
Journal, animation sur l'éducation de la famille, santé, vie  de couple
21.0
Jeux radiophoniques 

Émissions de distraction
21.0
Émissions sur les avantages des méthodes contraceptives 

Conseils pour le bien être du foyer
21.0
Journal, programme sur la santé, espace éducation, musique, Houindo xo, espace spirituel
21.0
Journal, espace musique, espace jeu concours, programme d'animations sur l'éducation de la famille, santé et couple
21.0
Journal, espace musique, programme d'animations sur l'éducation de la famille, santé et de, Xo boté, xo heti heti, espace de partage d'expériences de vie
21.0
Journal, animation sur l'éducation de la famille, santé, couple, émission d'expériences de vie
21.0
Émissions sur santé des mères et des enfants 

Jeux radiophoniques
21.0
Journal, animation sur l'éducation de la famille, santé, espace musique, espace divertissement
21.0
Journal, revue de presse, les divertissements du soir, espace musique, programme d'animations sur l'éducation familiale, santé et couple
21.0
Journal, animation sur l'éducation de la famille, santé et couple, Houindo min xo
21.0
Journal, xovi clehoun, animation sur l'éducation de la famille, sur la santé et couple, espace musique
21.0
Journal, Animation du Père BOCOVO Immaculée conception le matin, animation sur l'éducation (santé, couple, enfants)
18.4
Journal, Xo baou baou, To tche xo, espace musique matinal
18.4
Journal, ALLOHADO FM 23h30-01h Houindo min xo, Jeudi et samedi 21h- 22h Tonignon ( Xo baou baou),
18.4
Journal, To tche xo, Xo baou baou, Xo vi clehoun , gbadalisa ,
18.4
Émissions sur la santé 

Comment développer le pays
18.4
Émissions sur les du gestion du foyer. Les droits et devoirs des conjoints
18.4
Journal, Xo baou baou, To Tche xo, etc
18.4
Journal, animation sur la vie de couple de 5h radio Tonignon ( Houindo min xo), code de conduite vers 13h carrefour, émission de 14h Tonignon
18.4
Émissions sur la gestion des apprentis
Émissions sur comment cuisiner les aliments pour en tirer profit
18.4
Revue de presse
Émissions sur le respect, la paix et l'harmonie dans un foyer 
Émissions éducatives pour les enfants
18.4
Journal, animation sur l'éducation, santé et couple, Xo baou baou
18.4
Journal, houenou xo, programme éducation, santé , couplé
18.4
Conseils pour les couples 

Revue de presse
18.4
Journal, émission de BOCOVO sur Immaculée FM à 6h,  ZITI les jeudi soir 21h (Xo heti heti),
18.4
Journal, émission sur l'éducation des enfants, santé, couple, espace musique, To tche xo, Atoo gbe vendredi et dimanche,
18.4
Marketing de certains produits 

Revue de presse 

Émissions biblique
18.4
ALLOHADO FM 9h-12h( Xo ba dji) , Tonignon dimanche 10h-12h ( To tche xo), 14h dimanche allodaho ( ze daga)
18.4
Comment éduquer les jeunes filles 

Le journal
18.4
Théâtre 
Revue de presse 
Musique
Conseils sur comment gerer le foyer
18.4
Xo heti heti sur Tonignon, Xo vi clehoun, Gbadalisa, To tche xo
18.4
Émission sur le bien être du foyer, comment cultiver la paix et l'amour dans le foyer
18.4
Émissions sur comment entretenir son homme pour que la paix et l'amour puisse régner dans le foyer
18.4
Émissions sur comment maintenir la paix dans le foyer 

Conseils aux couples
18.4
Émissions sur comment prendre soin des enfants 

Émissions sur fabriquer les farines enrichies pour les enfants, l'hygiène à adopter et comment préparer la bouillie pour les enfants
18.4
Journal, Xo vi clehoun, animation sur l'éducation santé et famille
18.4"
