,label,split,group,weighted_agreement,agree_n,agree_pct,agree_weighted_n,disagree_n,disagree_pct,disagree_weighted_n,total_n,total_weighted_n
0,"Après l'accouchement, il n'est pas nécessaire d'utiliser un moyen de contraception jusqu'au retour des règles.",none,all,0.345713766511398,281.0,0.6444954128440367,537450.6764188372,155.0,0.3555045871559633,166046.366316842,697.0,1074311.6013280025
1,Il est acceptable d'utiliser des contraceptifs avant même d'avoir atteint le nombre d'enfants souhaité.,none,all,0.39790506312559165,427.0,0.7517605633802817,700229.0265239931,141.0,0.2482394366197183,272755.0009810189,697.0,1074311.6013280025
2,"Il est important d'avoir beaucoup d'enfants, car ils apportent des avantages à la famille.",none,all,-0.3902521276326577,126.0,0.18556701030927836,300702.5092329001,553.0,0.8144329896907216,719954.8973916008,697.0,1074311.6013280025
3,Il est possible d'utiliser des contraceptifs sans que les autres ne le sachent.,none,all,0.5778228069631884,537.0,0.9010067114093959,754571.0411942364,59.0,0.09899328859060402,133809.2961617721,697.0,1074311.6013280025
4,Il existe des situations où la contraception est utile même si l'on n'est pas sexuellement actif.,none,all,-0.14021644448083873,209.0,0.6943521594684385,232921.97813722846,92.0,0.30564784053156147,383558.1311399573,697.0,1074311.6013280025
5,Il m'est trop difficile de me rendre dans un établissement de santé qui fournit des contraceptifs.,none,all,-0.5254002292830107,164.0,0.26282051282051283,217148.7094902409,460.0,0.7371794871794872,781592.2711493718,697.0,1074311.6013280025
6,Il n'est pas nécessaire d'avoir beaucoup d'enfants pour réussir dans la vie.,none,all,0.5994438323520638,557.0,0.8288690476190477,840735.9541165212,115.0,0.17113095238095238,196746.49067618066,697.0,1074311.6013280025
7,Il n'y a aucune raison valable qui m'empêche d'utiliser un moyen de contraception.,none,all,0.10004379453969287,295.0,0.5230496453900709,493078.1553428329,269.0,0.4769503546099291,385599.94622796593,697.0,1074311.6013280025
8,Je ne connais pas suffisamment les différentes méthodes contraceptives disponibles.,none,all,0.5352922403513201,453.0,0.7389885807504079,760462.6229028828,160.0,0.26101141924959215,185391.9589926019,697.0,1074311.6013280025
9,Je ne crains pas que les préservatifs puissent se perdre à l'intérieur du corps.,none,all,0.2924697744366987,240.0,0.7570977917981072,448058.8200401773,77.0,0.24290220820189273,133855.1483250479,697.0,1074311.6013280025
10,Je ne pense pas avoir suffisamment d'informations pour utiliser correctement les contraceptifs.,none,all,0.3475375359577845,426.0,0.6995073891625616,657285.4806734496,183.0,0.30049261083743845,283921.8738970539,697.0,1074311.6013280025
11,Je ne vois pas d'avantages évidents à utiliser des contraceptifs modernes.,none,all,0.01123179635241785,277.0,0.4751286449399657,454068.61261490214,306.0,0.5248713550600344,442002.16348974605,697.0,1074311.6013280025
12,Je peux utiliser un contraceptif même si mon mari n'est pas d'accord.,none,all,-0.6587101500374987,79.0,0.12042682926829268,161983.9258513365,577.0,0.8795731707317073,869643.8819491304,697.0,1074311.6013280025
13,Je sais pourquoi je n'utilise pas de contraception.,none,all,0.7188326905787953,552.0,0.9230769230769231,818382.9199754595,46.0,0.07692307692307693,46132.62107283732,697.0,1074311.6013280025
14,Je suis convaincue que je pourrais choisir la méthode contraceptive qui me convient.,none,all,0.2043348745077683,350.0,0.6457564575645757,539533.6024560244,192.0,0.35424354243542433,320014.27621642733,697.0,1074311.6013280025
15,Je suis convaincue que les contraceptifs “modernes” peuvent être utilisés en toute sécurité dans le corps.,none,all,0.10034816370296022,262.0,0.6107226107226107,470449.709037118,167.0,0.38927738927738925,362644.51259906625,697.0,1074311.6013280025
16,L'utilisation de contraceptifs n'encourage pas la promiscuité/l’adultère.,none,all,0.11681370331012716,258.0,0.5620915032679739,409446.85714097484,201.0,0.43790849673202614,283952.5404808179,697.0,1074311.6013280025
17,L'utilisation de contraceptifs peut entraîner des problèmes cardiaques soudains.,none,all,-0.035942600426700916,147.0,0.6901408450704225,170284.6636721418,66.0,0.30985915492957744,208898.21629244337,697.0,1074311.6013280025
18,L'utilisation de contraceptifs peut rendre les règles plus douloureuses.,none,all,0.5432045999210031,447.0,0.93125,670920.922887502,33.0,0.06875,87349.91929763216,697.0,1074311.6013280025
19,L'utilisation de contraceptifs rend les femmes plus susceptibles de contracter des infections lorsqu'elles urinent dans des endroits sales.,none,all,0.19925002412338524,215.0,0.8333333333333334,276073.6507835017,43.0,0.16666666666666666,62017.03830286464,697.0,1074311.6013280025
20,L'utilisation de contraceptifs va à l'encontre de ma foi.,none,all,-0.18029296484165128,151.0,0.3075356415478615,321935.43038434326,340.0,0.6924643584521385,515626.2541515509,697.0,1074311.6013280025
21,L'utilisation de la contraception n'est pas importante pour moi ou ma famille.,none,all,0.04846253308022051,279.0,0.48776223776223776,514735.0312180028,293.0,0.5122377622377622,462671.1697001798,697.0,1074311.6013280025
22,Les chefs religieux que j'admire n'utilisent pas et n'encouragent pas la contraception.,none,all,0.2184901395077548,139.0,0.556,343006.46552172455,111.0,0.444,108279.97387276975,697.0,1074311.6013280025
23,Les contraceptifs affaiblissent l'utérus des femmes.,none,all,0.11422678976616721,168.0,0.7850467289719626,316702.98930595233,46.0,0.21495327102803738,193987.8238777041,697.0,1074311.6013280025
24,Les contraceptifs ne causent pas la mort.,none,all,0.20815844773905556,222.0,0.7681660899653979,350108.19690980966,67.0,0.23183391003460208,126481.16158931352,697.0,1074311.6013280025
25,Les contraceptifs ne provoquent pas de cancer.,none,all,0.18889345661803428,146.0,0.7684210526315789,282390.2398980394,44.0,0.23157894736842105,79459.80803833733,697.0,1074311.6013280025
26,Les contraceptifs peuvent empêcher une femme de concevoir à nouveau.,none,all,0.5235110766762654,443.0,0.8601941747572815,696610.7922978948,72.0,0.13980582524271845,134196.76920086937,697.0,1074311.6013280025
27,Les contraceptifs peuvent faire perdre trop de poids à une femme.,none,all,0.5603997533819741,539.0,0.9590747330960854,760566.7455579196,23.0,0.04092526690391459,158522.78911831343,697.0,1074311.6013280025
28,Les contraceptifs peuvent provoquer des gonflements ou des inflammations dans le corps.,none,all,0.36741171869298694,286.0,0.9438943894389439,418055.59494652646,17.0,0.056105610561056105,23340.92309079006,697.0,1074311.6013280025
29,Les contraceptifs peuvent provoquer l'apparition de boutons chez les femmes.,none,all,0.07841645954218929,191.0,0.8414096916299559,260614.2777488112,36.0,0.15859030837004406,176370.56552756933,697.0,1074311.6013280025
30,Les contraceptifs peuvent provoquer une sécheresse pendant les rapports intimes.,none,all,0.019705201646227438,108.0,0.631578947368421,223286.12300177044,63.0,0.3684210526315789,202116.5962667206,697.0,1074311.6013280025
31,Les contraceptifs provoquent souvent des saignements excessifs chez les femmes.,none,all,0.6469294724014352,547.0,0.9447322970639033,829285.4944039386,32.0,0.055267702936096716,134281.65696207303,697.0,1074311.6013280025
32,Les contraceptifs provoquent souvent des vertiges ou des maux de tête.,none,all,0.5423929510260147,416.0,0.9102844638949672,695357.9375998747,41.0,0.08971553610503283,112658.8978340961,697.0,1074311.6013280025
33,Les contraceptifs rendent les femmes fatiguées en permanence.,none,all,0.4113335469660803,356.0,0.8640776699029126,553843.0815005212,56.0,0.13592233009708737,111942.67997946433,697.0,1074311.6013280025
34,Les contraceptifs sont dangereux car ils peuvent perturber les règles mensuelles des femmes.,none,all,0.5775535933621698,469.0,0.881578947368421,783449.0236626483,63.0,0.11842105263157894,162976.4979249935,697.0,1074311.6013280025
35,Les contraceptifs “modernes” sont fiables.,none,all,0.08556236936265889,262.0,0.6193853427895981,409624.3165758283,161.0,0.3806146572104019,317703.67053241224,697.0,1074311.6013280025
36,Les couples peuvent décider eux-mêmes de l'espacement entre les naissances de leurs enfants.,none,all,0.8799397406245053,646.0,0.9802731411229135,990387.4583245692,13.0,0.019726858877086494,45057.98650210972,697.0,1074311.6013280025
37,Les effets secondaires des contraceptifs sont gérables.,none,all,-0.005164507756800162,275.0,0.6707317073170732,384080.9668134416,135.0,0.32926829268292684,389629.25741172046,697.0,1074311.6013280025
38,"Les enfants naissent naturellement à des intervalles suffisants, sans contraception.",none,all,0.39293050478814834,376.0,0.6811594202898551,605495.5466034991,176.0,0.3188405797101449,183365.74679392308,697.0,1074311.6013280025
39,Les familles peuvent planifier les besoins de leurs enfants tout en continuant à faire confiance à Dieu.,none,all,0.5657541851696394,612.0,0.9244712990936556,820683.5246395381,50.0,0.0755287009063444,212887.24001192366,697.0,1074311.6013280025
40,Les femmes qui utilisent des contraceptifs ne sont pas plus susceptibles de souffrir de complications lors de l'accouchement.,none,all,0.20338772664208646,155.0,0.541958041958042,358092.29677028547,131.0,0.458041958041958,139590.50247096346,697.0,1074311.6013280025
41,Les femmes qui utilisent des contraceptifs prennent souvent trop de poids.,none,all,0.8334127895218161,575.0,0.9745762711864406,931782.4690711963,15.0,0.025423728813559324,36437.44059277665,697.0,1074311.6013280025
42,Les frais de transport pour me rendre dans un établissement de santé sont abordables pour moi.,none,all,0.5824955617834952,435.0,0.6702619414483821,821690.9896251189,214.0,0.32973805855161786,195909.24987903808,697.0,1074311.6013280025
43,Les frères et sœurs ne devraient pas influencer la décision d'une femme d'utiliser ou non un moyen de contraception.,none,all,0.012356186178227127,424.0,0.6356821589205397,524862.4400187997,243.0,0.36431784107946025,511588.04585936165,697.0,1074311.6013280025
44,Les implants et les Dispositifs Intra-utérins DIU (aussi appelés stérilets) ne se déplacent pas dangereusement à l'intérieur du corps.,none,all,0.31730393661611833,183.0,0.5479041916167665,503115.3062752046,151.0,0.45209580838323354,162232.00602146352,697.0,1074311.6013280025
45,Les membres de ma communauté me regarderaient de haut si j'utilisais des contraceptifs.,none,all,-0.036098437200892224,131.0,0.34203655352480417,225365.59988160623,252.0,0.6579634464751958,264146.5697563351,697.0,1074311.6013280025
46,Les méthodes “traditionnelles” de prévention de la grossesse sont plus acceptables que les méthodes “modernes”.,none,all,0.12713149386814931,185.0,0.4755784061696658,384575.5993835897,204.0,0.5244215938303342,247996.76062687705,697.0,1074311.6013280025
47,Les préservatifs ne réduisent pas le plaisir intime.,none,all,-0.27441246533487085,126.0,0.3452054794520548,136986.654692765,239.0,0.6547945205479452,431791.14975103515,697.0,1074311.6013280025
48,Ma religion autorise l'espacement des naissances grâce à des méthodes “modernes”.,none,all,0.27876697074228984,355.0,0.728952772073922,576240.5248956634,132.0,0.27104722792607805,276757.93416015746,697.0,1074311.6013280025
49,Mes parents doivent donner leur accord pour que je puisse utiliser un moyen de contraception.,none,all,-0.6803155846045167,81.0,0.12217194570135746,153098.5303438269,582.0,0.8778280542986425,883969.4554487013,697.0,1074311.6013280025
50,Mon conjoint doit donner son accord pour que je puisse utiliser un moyen de contraception.,none,all,0.48862120548456234,563.0,0.8517397881996974,782495.4899699069,98.0,0.14826021180030258,257564.06026296763,697.0,1074311.6013280025
51,"Même si je souhaite avoir davantage d'enfants, je peux tout de même utiliser un moyen de contraception pour l'instant.",none,all,0.3087144651440631,416.0,0.7160068846815835,650380.5244005661,165.0,0.28399311531841653,318724.99299852987,697.0,1074311.6013280025
52,"Même si je voulais utiliser une méthode contraceptive moderne, son coût me rendrait cela impossible.",none,all,-0.5733346387762022,106.0,0.1815068493150685,135659.60343196514,478.0,0.8184931506849316,751599.6573124388,697.0,1074311.6013280025
53,"Pour les personnes comme moi, l'accès aux contraceptifs est réaliste, malgré les coûts potentiels.",none,all,0.4749760263341343,374.0,0.684981684981685,712559.5003299691,172.0,0.315018315018315,202287.24488653388,697.0,1074311.6013280025
54,"Si je voulais des contraceptifs, je ne saurais pas où m'adresser pour les obtenir.",none,all,-0.3149645974875319,180.0,0.29079159935379645,317882.6885879581,439.0,0.7092084006462036,656252.8096764182,697.0,1074311.6013280025
55,"Si un enfant meurt, il est important d'en avoir un autre rapidement.",none,all,-0.545207111610793,93.0,0.15577889447236182,160267.34331610287,504.0,0.8442211055276382,745989.6684461089,697.0,1074311.6013280025
56,"Si une famille n'a pas encore eu d'enfant d'un certain genre, elle doit continuer à avoir des enfants jusqu'à ce qu'elle y parvienne.",none,all,-0.5112514710542075,96.0,0.14545454545454545,223769.84732856677,564.0,0.8545454545454545,773013.2338781096,697.0,1074311.6013280025
57,Un couple ne devrait pas utiliser de contraception avant d'avoir son premier enfant.,none,all,0.7109707216299577,550.0,0.870253164556962,896751.9934046129,82.0,0.12974683544303797,132947.89895300756,697.0,1074311.6013280025
58,Une femme doit donner naissance à tous les enfants qu'elle porte en elle.,none,all,-0.6559770595498486,76.0,0.11603053435114503,159435.01025224495,579.0,0.8839694656488549,864158.7755316773,697.0,1074311.6013280025
59,Une femme ménopausée n'a pas besoin de contraception.,none,all,0.7592161117138271,529.0,0.9583333333333334,848496.6223917253,23.0,0.041666666666666664,32861.9456624241,697.0,1074311.6013280025
60,Une femme n'a pas besoin d'avoir davantage d'enfants que ses coépouses pour gagner le respect.,none,all,0.8494372744674151,614.0,0.9016152716593245,982291.1323444797,67.0,0.09838472834067548,69730.81378369716,697.0,1074311.6013280025
61,Une femme ne peut pas utiliser de contraception pendant qu'elle allaite.,none,all,0.2096563800227355,304.0,0.6623093681917211,522700.4440034412,155.0,0.33769063180827885,297464.16265258397,697.0,1074311.6013280025
62,"Après l'accouchement, il n'est pas nécessaire d'utiliser un moyen de contraception jusqu'au retour des règles.",use,nonuser,0.3785117162485673,173.0,0.7119341563786008,371540.489310475,70.0,0.2880658436213992,85643.25488715094,435.0,755319.3789002199
63,"Après l'accouchement, il n'est pas nécessaire d'utiliser un moyen de contraception jusqu'au retour des règles.",use,user,0.2680537946282662,108.0,0.5595854922279793,165910.18710836212,85.0,0.44041450777202074,80403.11142969107,262.0,318992.2224277827
64,Il est acceptable d'utiliser des contraceptifs avant même d'avoir atteint le nombre d'enfants souhaité.,use,nonuser,0.22149880620615503,211.0,0.6492307692307693,414520.60913066124,114.0,0.3507692307692308,247218.26839988807,435.0,755319.3789002199
65,Il est acceptable d'utiliser des contraceptifs avant même d'avoir atteint le nombre d'enfants souhaité.,use,user,0.8156051041999995,216.0,0.8888888888888888,285708.417393332,27.0,0.1111111111111111,25536.73258113081,262.0,318992.2224277827
66,"Il est important d'avoir beaucoup d'enfants, car ils apportent des avantages à la famille.",use,nonuser,-0.23814900542197573,90.0,0.21377672209026127,263329.7829661451,331.0,0.7862232779097387,443208.34182717686,435.0,755319.3789002199
67,"Il est important d'avoir beaucoup d'enfants, car ils apportent des avantages à la famille.",use,user,-0.7504064753549315,36.0,0.13953488372093023,37372.72626675508,222.0,0.8604651162790697,276746.55556442385,262.0,318992.2224277827
68,Il est possible d'utiliser des contraceptifs sans que les autres ne le sachent.,use,nonuser,0.47896166712099075,304.0,0.881159420289855,469869.86802231835,41.0,0.11884057971014493,108100.83909547767,435.0,755319.3789002199
69,Il est possible d'utiliser des contraceptifs sans que les autres ne le sachent.,use,user,0.8119091874230803,233.0,0.9282868525896414,284701.1731719179,18.0,0.07171314741035857,25708.457066294402,262.0,318992.2224277827
70,Il existe des situations où la contraception est utile même si l'on n'est pas sexuellement actif.,use,nonuser,-0.17002655437865324,97.0,0.5843373493975904,130883.54409253842,69.0,0.41566265060240964,259307.89554236725,435.0,755319.3789002199
71,Il existe des situations où la contraception est utile même si l'on n'est pas sexuellement actif.,use,user,-0.0696311696374621,112.0,0.8296296296296296,102038.43404469005,23.0,0.17037037037037037,124250.23559759004,262.0,318992.2224277827
72,Il m'est trop difficile de me rendre dans un établissement de santé qui fournit des contraceptifs.,use,nonuser,-0.5021102026521647,106.0,0.28342245989304815,151771.49375610403,268.0,0.7165775401069518,531025.0601628007,435.0,755319.3789002199
73,Il m'est trop difficile de me rendre dans un établissement de santé qui fournit des contraceptifs.,use,user,-0.5805470548560467,58.0,0.232,65377.21573413688,192.0,0.768,250567.21098657112,262.0,318992.2224277827
74,Il n'est pas nécessaire d'avoir beaucoup d'enfants pour réussir dans la vie.,use,nonuser,0.5166121756662978,342.0,0.8181818181818182,558266.4627255539,76.0,0.18181818181818182,168059.27506899444,435.0,755319.3789002199
75,Il n'est pas nécessaire d'avoir beaucoup d'enfants pour réussir dans la vie.,use,user,0.7955751204599835,215.0,0.8464566929133859,282469.4913909674,39.0,0.15354330708661418,28687.215607186263,262.0,318992.2224277827
76,Il n'y a aucune raison valable qui m'empêche d'utiliser un moyen de contraception.,use,nonuser,-0.11378420956737245,131.0,0.3981762917933131,259547.00130640954,198.0,0.601823708206687,345490.4198054898,435.0,755319.3789002199
77,Il n'y a aucune raison valable qui m'empêche d'utiliser un moyen de contraception.,use,user,0.6063521741748309,164.0,0.6978723404255319,233531.15403642337,71.0,0.3021276595744681,40109.52642247606,262.0,318992.2224277827
78,Je ne connais pas suffisamment les différentes méthodes contraceptives disponibles.,use,nonuser,0.5923069636223446,300.0,0.8042895442359249,540538.9661910356,73.0,0.19571045576407506,93158.03830953105,435.0,755319.3789002199
79,Je ne connais pas suffisamment les différentes méthodes contraceptives disponibles.,use,user,0.400291063703549,153.0,0.6375,219923.6567118471,87.0,0.3625,92233.92068307089,262.0,318992.2224277827
80,Je ne crains pas que les préservatifs puissent se perdre à l'intérieur du corps.,use,nonuser,0.20530073033324575,116.0,0.7160493827160493,258805.39704084472,46.0,0.2839506172839506,103737.77691777606,435.0,755319.3789002199
81,Je ne crains pas que les préservatifs puissent se perdre à l'intérieur du corps.,use,user,0.49887125893198814,124.0,0.8,189253.42299933263,31.0,0.2,30117.37140727186,262.0,318992.2224277827
82,Je ne pense pas avoir suffisamment d'informations pour utiliser correctement les contraceptifs.,use,nonuser,0.5446899106669634,287.0,0.779891304347826,521953.0350997754,81.0,0.22010869565217392,110538.19008158839,435.0,755319.3789002199
83,Je ne pense pas avoir suffisamment d'informations pour utiliser correctement les contraceptifs.,use,user,-0.11928578682010263,139.0,0.5767634854771784,135332.44557367425,102.0,0.42323651452282157,173383.68381546545,262.0,318992.2224277827
84,Je ne vois pas d'avantages évidents à utiliser des contraceptifs modernes.,use,nonuser,0.20176295212209538,202.0,0.5889212827988338,371083.32827848196,141.0,0.4110787172011662,218687.8605965461,435.0,755319.3789002199
85,Je ne vois pas d'avantages évidents à utiliser des contraceptifs modernes.,use,user,-0.4399136050677511,75.0,0.3125,82985.28433642017,165.0,0.6875,223314.30289320002,262.0,318992.2224277827
86,Je peux utiliser un contraceptif même si mon mari n'est pas d'accord.,use,nonuser,-0.6717565031384424,45.0,0.11138613861386139,109328.3148001488,359.0,0.8886138613861386,616719.0195228606,435.0,755319.3789002199
87,Je peux utiliser un contraceptif même si mon mari n'est pas d'accord.,use,user,-0.6278186027573808,34.0,0.1349206349206349,52655.611051187734,218.0,0.8650793650793651,252924.86242626992,262.0,318992.2224277827
88,Je sais pourquoi je n'utilise pas de contraception.,use,nonuser,0.8763955830809316,382.0,0.9646464646464646,677572.9646295048,14.0,0.03535353535353535,15614.397145919382,435.0,755319.3789002199
89,Je sais pourquoi je n'utilise pas de contraception.,use,user,0.34575053454165616,170.0,0.8415841584158416,140809.95534595472,32.0,0.15841584158415842,30518.223926917937,262.0,318992.2224277827
90,Je suis convaincue que je pourrais choisir la méthode contraceptive qui me convient.,use,nonuser,0.004215384121446578,149.0,0.48534201954397393,277432.992676544,158.0,0.5146579804560261,274249.0313601071,435.0,755319.3789002199
91,Je suis convaincue que je pourrais choisir la méthode contraceptive qui me convient.,use,user,0.6781838230307845,201.0,0.8553191489361702,262100.60977948023,34.0,0.14468085106382977,45765.244856320125,262.0,318992.2224277827
92,Je suis convaincue que les contraceptifs “modernes” peuvent être utilisés en toute sécurité dans le corps.,use,nonuser,-0.08392975300534294,118.0,0.48360655737704916,252598.10643083302,126.0,0.5163934426229508,315991.8753420774,435.0,755319.3789002199
93,Je suis convaincue que les contraceptifs “modernes” peuvent être utilisés en toute sécurité dans le corps.,use,user,0.5366869575889246,144.0,0.7783783783783784,217851.602606285,41.0,0.22162162162162163,46652.637256988775,262.0,318992.2224277827
94,L'utilisation de contraceptifs n'encourage pas la promiscuité/l’adultère.,use,nonuser,0.029461309965061445,147.0,0.550561797752809,236546.99260052218,120.0,0.449438202247191,214294.2942561251,435.0,755319.3789002199
95,L'utilisation de contraceptifs n'encourage pas la promiscuité/l’adultère.,use,user,0.3236493276544788,111.0,0.578125,172899.8645404526,81.0,0.421875,69658.24622469278,262.0,318992.2224277827
96,L'utilisation de contraceptifs peut entraîner des problèmes cardiaques soudains.,use,nonuser,0.07336657494762489,91.0,0.8125,127682.65181707354,21.0,0.1875,72267.45599559709,435.0,755319.3789002199
97,L'utilisation de contraceptifs peut entraîner des problèmes cardiaques soudains.,use,user,-0.2947681536751743,56.0,0.5544554455445545,42602.01185506823,45.0,0.44554455445544555,136630.76029684627,262.0,318992.2224277827
98,L'utilisation de contraceptifs peut rendre les règles plus douloureuses.,use,nonuser,0.5732160213349006,263.0,0.9392857142857143,484658.17028905,17.0,0.060714285714285714,51697.001078717694,435.0,755319.3789002199
99,L'utilisation de contraceptifs peut rendre les règles plus douloureuses.,use,user,0.47214265361480545,184.0,0.92,186262.75259845203,16.0,0.08,35652.918218914456,262.0,318992.2224277827
100,L'utilisation de contraceptifs rend les femmes plus susceptibles de contracter des infections lorsqu'elles urinent dans des endroits sales.,use,nonuser,0.2226801377882256,120.0,0.8955223880597015,195851.93704616258,14.0,0.1044776119402985,27657.313678544604,435.0,755319.3789002199
101,L'utilisation de contraceptifs rend les femmes plus susceptibles de contracter des infections lorsqu'elles urinent dans des endroits sales.,use,user,0.14377149625772434,95.0,0.7661290322580645,80221.71373733915,29.0,0.23387096774193547,34359.724624320035,262.0,318992.2224277827
102,L'utilisation de contraceptifs va à l'encontre de ma foi.,use,nonuser,-0.0367378534718658,106.0,0.3509933774834437,261960.92357913803,196.0,0.6490066225165563,289709.736245635,435.0,755319.3789002199
103,L'utilisation de contraceptifs va à l'encontre de ma foi.,use,user,-0.5202070753881111,45.0,0.23809523809523808,59974.5068052052,144.0,0.7619047619047619,225916.5179059159,262.0,318992.2224277827
104,L'utilisation de la contraception n'est pas importante pour moi ou ma famille.,use,nonuser,0.347608512963905,232.0,0.6590909090909091,476408.29240803013,120.0,0.3409090909090909,213852.84629570425,435.0,755319.3789002199
105,L'utilisation de la contraception n'est pas importante pour moi ou ma famille.,use,user,-0.6598643157895687,47.0,0.21363636363636362,38326.73880997271,173.0,0.7863636363636364,248818.32340447555,262.0,318992.2224277827
106,Les chefs religieux que j'admire n'utilisent pas et n'encouragent pas la contraception.,use,nonuser,0.1954134415111927,82.0,0.5540540540540541,208484.04791251346,66.0,0.44594594594594594,60884.48864152498,435.0,755319.3789002199
107,Les chefs religieux que j'admire n'utilisent pas et n'encouragent pas la contraception.,use,user,0.27313183912404365,57.0,0.5588235294117647,134522.41760921106,45.0,0.4411764705882353,47395.485231244784,262.0,318992.2224277827
108,Les contraceptifs affaiblissent l'utérus des femmes.,use,nonuser,0.17760880709123536,109.0,0.8384615384615385,238209.85449792535,21.0,0.16153846153846155,104058.4806385645,435.0,755319.3789002199
109,Les contraceptifs affaiblissent l'utérus des femmes.,use,user,-0.03585105725799225,59.0,0.7023809523809523,78493.13480802692,25.0,0.2976190476190476,89929.34323913956,262.0,318992.2224277827
110,Les contraceptifs ne causent pas la mort.,use,nonuser,0.09542726646934888,93.0,0.6458333333333334,172623.597189723,51.0,0.3541666666666667,100545.53354994864,435.0,755319.3789002199
111,Les contraceptifs ne causent pas la mort.,use,user,0.4750867294735728,129.0,0.8896551724137931,177484.5997200866,16.0,0.1103448275862069,25935.62803936489,262.0,318992.2224277827
112,Les contraceptifs ne provoquent pas de cancer.,use,nonuser,0.10126682969013298,66.0,0.6804123711340206,131260.50417244493,31.0,0.31958762886597936,54771.70526769932,435.0,755319.3789002199
113,Les contraceptifs ne provoquent pas de cancer.,use,user,0.39637841948821106,80.0,0.8602150537634409,151129.73572559442,13.0,0.13978494623655913,24688.10277063802,262.0,318992.2224277827
114,Les contraceptifs peuvent empêcher une femme de concevoir à nouveau.,use,nonuser,0.5999425504833149,290.0,0.9034267912772586,544313.8011200544,31.0,0.09657320872274143,91165.5665131831,435.0,755319.3789002199
115,Les contraceptifs peuvent empêcher une femme de concevoir à nouveau.,use,user,0.3425343340930231,153.0,0.788659793814433,152296.99117784033,41.0,0.211340206185567,43031.20268768626,262.0,318992.2224277827
116,Les contraceptifs peuvent faire perdre trop de poids à une femme.,use,nonuser,0.631244884625407,308.0,0.9535603715170279,545746.8297868109,15.0,0.04643962848297214,68955.33559760754,435.0,755319.3789002199
117,Les contraceptifs peuvent faire perdre trop de poids à une femme.,use,user,0.3926505207466587,231.0,0.9665271966527197,214819.91577110876,8.0,0.03347280334728033,89567.45352070591,262.0,318992.2224277827
118,Les contraceptifs peuvent provoquer des gonflements ou des inflammations dans le corps.,use,nonuser,0.38486535958146845,156.0,0.968944099378882,295233.6354366443,5.0,0.031055900621118012,4537.3710773597095,435.0,755319.3789002199
119,Les contraceptifs peuvent provoquer des gonflements ou des inflammations dans le corps.,use,user,0.32608446282730524,130.0,0.9154929577464789,122821.95950988216,12.0,0.08450704225352113,18803.55201343035,262.0,318992.2224277827
120,Les contraceptifs peuvent provoquer l'apparition de boutons chez les femmes.,use,nonuser,0.13087310460192358,98.0,0.8521739130434782,166473.3059541389,17.0,0.14782608695652175,67622.3138714705,435.0,755319.3789002199
121,Les contraceptifs peuvent provoquer l'apparition de boutons chez les femmes.,use,user,-0.04579196241918882,93.0,0.8303571428571429,94140.97179467227,19.0,0.16964285714285715,108748.25165609882,262.0,318992.2224277827
122,Les contraceptifs peuvent provoquer une sécheresse pendant les rapports intimes.,use,nonuser,0.04959786249861042,71.0,0.6826923076923077,149576.8293939857,33.0,0.3173076923076923,112114.60269675677,435.0,755319.3789002199
123,Les contraceptifs peuvent provoquer une sécheresse pendant les rapports intimes.,use,user,-0.05107553983034078,37.0,0.5522388059701493,73709.2936077847,30.0,0.44776119402985076,90001.99356996386,262.0,318992.2224277827
124,Les contraceptifs provoquent souvent des saignements excessifs chez les femmes.,use,nonuser,0.7477440104099167,324.0,0.9557522123893806,613589.8056198384,15.0,0.04424778761061947,48804.26410066055,435.0,755319.3789002199
125,Les contraceptifs provoquent souvent des saignements excessifs chez les femmes.,use,user,0.4082177770091813,223.0,0.9291666666666667,215695.68878410023,17.0,0.07083333333333333,85477.39286141247,262.0,318992.2224277827
126,Les contraceptifs provoquent souvent des vertiges ou des maux de tête.,use,nonuser,0.5358201888407931,246.0,0.9213483146067416,475148.91006845393,21.0,0.07865168539325842,70433.53783102763,435.0,755319.3789002199
127,Les contraceptifs provoquent souvent des vertiges ou des maux de tête.,use,user,0.5579561350234689,170.0,0.8947368421052632,220209.02753142084,20.0,0.10526315789473684,42225.36000306848,262.0,318992.2224277827
128,Les contraceptifs rendent les femmes fatiguées en permanence.,use,nonuser,0.3903128371196119,206.0,0.8841201716738197,355017.2482939322,27.0,0.11587982832618025,60206.39858396418,435.0,755319.3789002199
129,Les contraceptifs rendent les femmes fatiguées en permanence.,use,user,0.46110701600064496,150.0,0.8379888268156425,198825.83320658904,29.0,0.16201117318435754,51736.281395500155,262.0,318992.2224277827
130,Les contraceptifs sont dangereux car ils peuvent perturber les règles mensuelles des femmes.,use,nonuser,0.7384011629196446,284.0,0.9161290322580645,603768.4440716451,26.0,0.08387096774193549,46039.73631597901,435.0,755319.3789002199
131,Les contraceptifs sont dangereux car ils peuvent perturber les règles mensuelles des femmes.,use,user,0.196693880197011,185.0,0.8333333333333334,179680.57959100307,37.0,0.16666666666666666,116936.7616090145,262.0,318992.2224277827
132,Les contraceptifs “modernes” sont fiables.,use,nonuser,-0.0774041410405498,119.0,0.5151515151515151,203775.2741315072,112.0,0.48484848484848486,262240.1218665603,435.0,755319.3789002199
133,Les contraceptifs “modernes” sont fiables.,use,user,0.4714393743957667,143.0,0.7447916666666666,205849.04244432112,49.0,0.2552083333333333,55463.548665851944,262.0,318992.2224277827
134,Les couples peuvent décider eux-mêmes de l'espacement entre les naissances de leurs enfants.,use,nonuser,0.847535192765101,395.0,0.9753086419753086,680811.7515482559,10.0,0.024691358024691357,40651.99615284161,435.0,755319.3789002199
135,Les couples peuvent décider eux-mêmes de l'espacement entre les naissances de leurs enfants.,use,user,0.9566682037087383,251.0,0.9881889763779528,309575.70677631325,3.0,0.011811023622047244,4405.990349268105,262.0,318992.2224277827
136,Les effets secondaires des contraceptifs sont gérables.,use,nonuser,-0.2230635584788451,111.0,0.5260663507109005,167592.73353948866,100.0,0.47393364928909953,336076.9619850029,435.0,755319.3789002199
137,Les effets secondaires des contraceptifs sont gérables.,use,user,0.5107834185020692,164.0,0.8241206030150754,216488.2332739529,35.0,0.17587939698492464,53552.2954267176,262.0,318992.2224277827
138,"Les enfants naissent naturellement à des intervalles suffisants, sans contraception.",use,nonuser,0.3989630753752583,248.0,0.7469879518072289,415566.58438309754,84.0,0.25301204819277107,114222.04208653577,435.0,755319.3789002199
139,"Les enfants naissent naturellement à des intervalles suffisants, sans contraception.",use,user,0.3786464027045647,128.0,0.5818181818181818,189928.9622204016,92.0,0.41818181818181815,69143.7047073873,262.0,318992.2224277827
140,Les familles peuvent planifier les besoins de leurs enfants tout en continuant à faire confiance à Dieu.,use,nonuser,0.6537789189327361,376.0,0.9193154034229829,608307.8503595757,33.0,0.08068459657701711,114495.96337324422,435.0,755319.3789002199
141,Les familles peuvent planifier les besoins de leurs enfants tout en continuant à faire confiance à Dieu.,use,user,0.3573265729608444,236.0,0.932806324110672,212375.67427996246,17.0,0.06719367588932806,98391.27663867947,262.0,318992.2224277827
142,Les femmes qui utilisent des contraceptifs ne sont pas plus susceptibles de souffrir de complications lors de l'accouchement.,use,nonuser,0.16118287731963016,94.0,0.5662650602409639,217074.4761218466,72.0,0.43373493975903615,95329.92533543322,435.0,755319.3789002199
143,Les femmes qui utilisent des contraceptifs ne sont pas plus susceptibles de souffrir de complications lors de l'accouchement.,use,user,0.30332163830362247,61.0,0.5083333333333333,141017.82064843882,59.0,0.49166666666666664,44260.57713553026,262.0,318992.2224277827
144,Les femmes qui utilisent des contraceptifs prennent souvent trop de poids.,use,nonuser,0.8460329765215838,338.0,0.976878612716763,654972.7920345925,8.0,0.023121387283236993,15947.689679205323,435.0,755319.3789002199
145,Les femmes qui utilisent des contraceptifs prennent souvent trop de poids.,use,user,0.8035303311542695,237.0,0.9713114754098361,276809.67703660403,7.0,0.028688524590163935,20489.750913571326,262.0,318992.2224277827
146,Les frais de transport pour me rendre dans un établissement de santé sont abordables pour moi.,use,nonuser,0.5291681705287916,253.0,0.6503856041131105,549320.2093066468,136.0,0.3496143958868895,149629.23540907417,435.0,755319.3789002199
147,Les frais de transport pour me rendre dans un établissement de santé sont abordables pour moi.,use,user,0.708765762775591,182.0,0.7,272370.7803184722,78.0,0.3,46280.01446996386,262.0,318992.2224277827
148,Les frères et sœurs ne devraient pas influencer la décision d'une femme d'utiliser ou non un moyen de contraception.,use,nonuser,-0.08721536232958596,250.0,0.6067961165048543,328848.52166663425,162.0,0.3932038834951456,394723.9749719748,435.0,755319.3789002199
149,Les frères et sœurs ne devraient pas influencer la décision d'une femme d'utiliser ou non un moyen de contraception.,use,user,0.24812469364420806,174.0,0.6823529411764706,196013.91835216555,81.0,0.3176470588235294,116864.07088738684,262.0,318992.2224277827
150,Les implants et les Dispositifs Intra-utérins DIU (aussi appelés stérilets) ne se déplacent pas dangereusement à l'intérieur du corps.,use,nonuser,0.25909678022839394,100.0,0.5555555555555556,314738.74097387545,80.0,0.4444444444444444,119037.92185671817,435.0,755319.3789002199
151,Les implants et les Dispositifs Intra-utérins DIU (aussi appelés stérilets) ne se déplacent pas dangereusement à l'intérieur du corps.,use,user,0.4551285922635682,83.0,0.538961038961039,188376.56530132916,71.0,0.461038961038961,43194.084164745334,262.0,318992.2224277827
152,Les membres de ma communauté me regarderaient de haut si j'utilisais des contraceptifs.,use,nonuser,0.04662057622625102,88.0,0.4131455399061033,187442.85721433317,125.0,0.5868544600938967,152229.43253515087,435.0,755319.3789002199
153,Les membres de ma communauté me regarderaient de haut si j'utilisais des contraceptifs.,use,user,-0.23196300521296537,43.0,0.2529411764705882,37922.74266727305,127.0,0.7470588235294118,111917.1372211842,262.0,318992.2224277827
154,Les méthodes “traditionnelles” de prévention de la grossesse sont plus acceptables que les méthodes “modernes”.,use,nonuser,0.2812195196693748,114.0,0.5158371040723982,319766.5391454202,107.0,0.4841628959276018,107355.9862141298,435.0,755319.3789002199
155,Les méthodes “traditionnelles” de prévention de la grossesse sont plus acceptables que les méthodes “modernes”.,use,user,-0.2377227682776669,71.0,0.4226190476190476,64809.06023816951,97.0,0.5773809523809523,140640.77441274727,262.0,318992.2224277827
156,Les préservatifs ne réduisent pas le plaisir intime.,use,nonuser,-0.24788611006439507,67.0,0.3383838383838384,87435.93500329841,131.0,0.6616161616161617,274669.1176951289,435.0,755319.3789002199
157,Les préservatifs ne réduisent pas le plaisir intime.,use,user,-0.33722236720299015,59.0,0.3532934131736527,49550.71968946658,108.0,0.6467065868263473,157122.0320559062,262.0,318992.2224277827
158,Ma religion autorise l'espacement des naissances grâce à des méthodes “modernes”.,use,nonuser,0.1527160955333485,197.0,0.6700680272108843,342432.0978771508,97.0,0.3299319727891156,227082.67145083536,435.0,755319.3789002199
159,Ma religion autorise l'espacement des naissances grâce à des méthodes “modernes”.,use,user,0.5772340244153654,158.0,0.8186528497409327,233808.42701851254,35.0,0.18134715025906736,49675.262709322116,262.0,318992.2224277827
160,Mes parents doivent donner leur accord pour que je puisse utiliser un moyen de contraception.,use,nonuser,-0.6165680641262756,58.0,0.1411192214111922,130142.28569908213,353.0,0.8588807785888077,595848.0929446516,435.0,755319.3789002199
161,Mes parents doivent donner leur accord pour que je puisse utiliser un moyen de contraception.,use,user,-0.8312588809883484,23.0,0.09126984126984126,22956.24464474476,229.0,0.9087301587301587,288121.3625040498,262.0,318992.2224277827
162,Mon conjoint doit donner son accord pour que je puisse utiliser un moyen de contraception.,use,nonuser,0.45138363112442,347.0,0.8484107579462102,536786.4318004055,62.0,0.15158924205378974,195847.62789378254,435.0,755319.3789002199
163,Mon conjoint doit donner son accord pour que je puisse utiliser un moyen de contraception.,use,user,0.5767934540848272,216.0,0.8571428571428571,245709.05816950134,36.0,0.14285714285714285,61716.432369185066,262.0,318992.2224277827
164,"Même si je souhaite avoir davantage d'enfants, je peux tout de même utiliser un moyen de contraception pour l'instant.",use,nonuser,0.08957912996806254,195.0,0.5786350148367952,364813.2188655841,142.0,0.42136498516320475,297152.36605568504,435.0,755319.3789002199
165,"Même si je souhaite avoir davantage d'enfants, je peux tout de même utiliser un moyen de contraception pour l'instant.",use,user,0.8275897029179244,221.0,0.9057377049180327,285567.305534982,23.0,0.0942622950819672,21572.626942844807,262.0,318992.2224277827
166,"Même si je voulais utiliser une méthode contraceptive moderne, son coût me rendrait cela impossible.",use,nonuser,-0.5937703521375625,65.0,0.19005847953216373,94198.74250410208,277.0,0.8099415204678363,542684.9960900105,435.0,755319.3789002199
167,"Même si je voulais utiliser une méthode contraceptive moderne, son coût me rendrait cela impossible.",use,user,-0.5249463420145776,41.0,0.16942148760330578,41460.86092786307,201.0,0.8305785123966942,208914.66122242817,262.0,318992.2224277827
168,"Pour les personnes comme moi, l'accès aux contraceptifs est réaliste, malgré les coûts potentiels.",use,nonuser,0.3860084691064544,196.0,0.6068111455108359,457528.5529375735,127.0,0.3931888544891641,165968.87580186166,435.0,755319.3789002199
169,"Pour les personnes comme moi, l'accès aux contraceptifs est réaliste, malgré les coûts potentiels.",use,user,0.6856360843005764,178.0,0.7982062780269058,255030.94739239564,45.0,0.20179372197309417,36318.36908467219,262.0,318992.2224277827
170,"Si je voulais des contraceptifs, je ne saurais pas où m'adresser pour les obtenir.",use,nonuser,-0.27690545239805425,116.0,0.31607629427792916,224031.78212593045,251.0,0.6839237057220708,433183.8364453132,435.0,755319.3789002199
171,"Si je voulais des contraceptifs, je ne saurais pas où m'adresser pour les obtenir.",use,user,-0.4050821859718894,64.0,0.25396825396825395,93850.90646202759,188.0,0.746031746031746,223068.97323110502,262.0,318992.2224277827
172,"Si un enfant meurt, il est important d'en avoir un autre rapidement.",use,nonuser,-0.43908923051558735,69.0,0.19166666666666668,136208.02266841425,291.0,0.8083333333333333,467860.6275432232,435.0,755319.3789002199
173,"Si un enfant meurt, il est important d'en avoir un autre rapidement.",use,user,-0.7964762222775401,24.0,0.10126582278481013,24059.320647688644,213.0,0.8987341772151899,278129.04090288584,262.0,318992.2224277827
174,"Si une famille n'a pas encore eu d'enfant d'un certain genre, elle doit continuer à avoir des enfants jusqu'à ce qu'elle y parvienne.",use,nonuser,-0.3962660842971047,71.0,0.17574257425742573,190771.32361376972,333.0,0.8242574257425742,490078.77628428105,435.0,755319.3789002199
175,"Si une famille n'a pas encore eu d'enfant d'un certain genre, elle doit continuer à avoir des enfants jusqu'à ce qu'elle y parvienne.",use,user,-0.7835173283436868,25.0,0.09765625,32998.523714797004,231.0,0.90234375,282934.45759382844,262.0,318992.2224277827
176,Un couple ne devrait pas utiliser de contraception avant d'avoir son premier enfant.,use,nonuser,0.768842030531978,356.0,0.9035532994923858,649494.1792429755,38.0,0.09644670050761421,68772.89426917821,435.0,755319.3789002199
177,Un couple ne devrait pas utiliser de contraception avant d'avoir son premier enfant.,use,user,0.5739412957607655,194.0,0.8151260504201681,247257.81416163727,44.0,0.18487394957983194,64175.00468382933,262.0,318992.2224277827
178,Une femme doit donner naissance à tous les enfants qu'elle porte en elle.,use,nonuser,-0.6101461136577985,53.0,0.1311881188118812,126375.08940629508,351.0,0.8688118811881188,587230.2730126865,435.0,755319.3789002199
179,Une femme doit donner naissance à tous les enfants qu'elle porte en elle.,use,user,-0.7644969517344612,23.0,0.09163346613545817,33059.92084594978,228.0,0.9083665338645418,276928.50251899083,262.0,318992.2224277827
180,Une femme ménopausée n'a pas besoin de contraception.,use,nonuser,0.73194181412864,313.0,0.9601226993865031,577971.9465492611,13.0,0.03987730061349693,25122.110110516613,435.0,755319.3789002199
181,Une femme ménopausée n'a pas besoin de contraception.,use,user,0.8237970138912997,216.0,0.9557522123893806,270524.6758424642,10.0,0.04424778761061947,7739.835551907491,262.0,318992.2224277827
182,Une femme n'a pas besoin d'avoir davantage d'enfants que ses coépouses pour gagner le respect.,use,nonuser,0.845070147521919,378.0,0.8978622327790974,685779.7691411908,43.0,0.1021377672209026,47481.91018781767,435.0,755319.3789002199
183,Une femme n'a pas besoin d'avoir davantage d'enfants que ses coépouses pour gagner le respect.,use,user,0.8597778890032354,236.0,0.9076923076923077,296511.36320328905,24.0,0.09230769230769231,22248.903595879492,262.0,318992.2224277827
184,Une femme ne peut pas utiliser de contraception pendant qu'elle allaite.,use,nonuser,0.35159635501340414,190.0,0.7392996108949417,399929.73223004316,67.0,0.2607003891050584,134362.19173773756,435.0,755319.3789002199
185,Une femme ne peut pas utiliser de contraception pendant qu'elle allaite.,use,user,-0.12643336202524202,114.0,0.5643564356435643,122770.71177339801,88.0,0.43564356435643564,163101.97091484643,262.0,318992.2224277827
186,"Après l'accouchement, il n'est pas nécessaire d'utiliser un moyen de contraception jusqu'au retour des règles.",gender,Femme Nyɔnu,0.4505063373118212,135.0,0.5532786885245902,364103.6236064452,109.0,0.44672131147540983,110511.14557833501,347.0,562905.4621990462
187,"Après l'accouchement, il n'est pas nécessaire d'utiliser un moyen de contraception jusqu'au retour des règles.",gender,Homme Sunnu,0.2303684352998695,146.0,0.7604166666666666,173347.052812392,46.0,0.23958333333333334,55535.220738506985,350.0,511406.1391289565
188,Il est acceptable d'utiliser des contraceptifs avant même d'avoir atteint le nombre d'enfants souhaité.,gender,Femme Nyɔnu,0.5703376508600532,230.0,0.8127208480565371,433728.5369638845,53.0,0.1872791519434629,112682.35799698811,347.0,562905.4621990462
189,Il est acceptable d'utiliser des contraceptifs avant même d'avoir atteint le nombre d'enfants souhaité.,gender,Homme Sunnu,0.20810826940276722,197.0,0.6912280701754386,266500.4895601087,88.0,0.3087719298245614,160072.64298403074,350.0,511406.1391289565
190,"Il est important d'avoir beaucoup d'enfants, car ils apportent des avantages à la famille.",gender,Femme Nyɔnu,-0.5998988947099145,38.0,0.11176470588235295,109176.81311861292,302.0,0.888235294117647,446863.17771799426,347.0,562905.4621990462
191,"Il est important d'avoir beaucoup d'enfants, car ils apportent des avantages à la famille.",gender,Homme Sunnu,-0.1594936339603689,88.0,0.25958702064896755,191525.6961142872,251.0,0.7404129793510325,273091.7196736065,350.0,511406.1391289565
192,Il est possible d'utiliser des contraceptifs sans que les autres ne le sachent.,gender,Femme Nyɔnu,0.6501291946625565,272.0,0.918918918918919,432004.44699928316,24.0,0.08108108108108109,66043.17218866316,347.0,562905.4621990462
193,Il est possible d'utiliser des contraceptifs sans que les autres ne le sachent.,gender,Homme Sunnu,0.4982350635364461,265.0,0.8833333333333333,322566.59419495316,35.0,0.11666666666666667,67766.12397310893,350.0,511406.1391289565
194,Il existe des situations où la contraception est utile même si l'on n'est pas sexuellement actif.,gender,Femme Nyɔnu,-0.41062387618357576,77.0,0.6111111111111112,81545.95227658919,49.0,0.3888888888888889,312688.3750896688,347.0,562905.4621990462
195,Il existe des situations où la contraception est utile même si l'on n'est pas sexuellement actif.,gender,Homme Sunnu,0.15742139886602005,132.0,0.7542857142857143,151376.02586063926,43.0,0.24571428571428572,70869.75605028847,350.0,511406.1391289565
196,Il m'est trop difficile de me rendre dans un établissement de santé qui fournit des contraceptifs.,gender,Femme Nyɔnu,-0.7650656361533688,74.0,0.2334384858044164,53007.930423516984,243.0,0.7665615141955836,483667.5559550363,347.0,562905.4621990462
197,Il m'est trop difficile de me rendre dans un établissement de santé qui fournit des contraceptifs.,gender,Homme Sunnu,-0.261600176242461,90.0,0.2931596091205212,164140.77906672395,217.0,0.7068403908794788,297924.7151943355,350.0,511406.1391289565
198,Il n'est pas nécessaire d'avoir beaucoup d'enfants pour réussir dans la vie.,gender,Femme Nyɔnu,0.5760970070683346,285.0,0.8407079646017699,438908.89412474545,54.0,0.1592920353982301,114620.74208945743,347.0,562905.4621990462
199,Il n'est pas nécessaire d'avoir beaucoup d'enfants pour réussir dans la vie.,gender,Homme Sunnu,0.6251417160333234,272.0,0.8168168168168168,401827.05999177566,61.0,0.1831831831831832,82125.74858672326,350.0,511406.1391289565
200,Il n'y a aucune raison valable qui m'empêche d'utiliser un moyen de contraception.,gender,Femme Nyɔnu,0.14842691038918596,146.0,0.49324324324324326,295471.8177657546,150.0,0.5067567567567568,211921.49917035343,347.0,562905.4621990462
201,Il n'y a aucune raison valable qui m'empêche d'utiliser un moyen de contraception.,gender,Homme Sunnu,0.04678843034661395,149.0,0.5559701492537313,197606.33757707835,119.0,0.44402985074626866,173678.44705761236,350.0,511406.1391289565
202,Je ne connais pas suffisamment les différentes méthodes contraceptives disponibles.,gender,Femme Nyɔnu,0.7204005317208824,230.0,0.71875,479124.60699724057,90.0,0.28125,73607.2127204587,347.0,562905.4621990462
203,Je ne connais pas suffisamment les différentes méthodes contraceptives disponibles.,gender,Homme Sunnu,0.3315432816709778,223.0,0.7610921501706485,281338.01590564207,70.0,0.23890784982935154,111784.74627214321,350.0,511406.1391289565
204,Je ne crains pas que les préservatifs puissent se perdre à l'intérieur du corps.,gender,Femme Nyɔnu,0.44912197902500567,90.0,0.8256880733944955,274102.82831715886,19.0,0.1743119266055046,21289.613130337726,347.0,562905.4621990462
205,Je ne crains pas que les préservatifs puissent se perdre à l'intérieur du corps.,gender,Homme Sunnu,0.12004247080973757,150.0,0.7211538461538461,173955.99172301852,58.0,0.27884615384615385,112565.53519471017,350.0,511406.1391289565
206,Je ne pense pas avoir suffisamment d'informations pour utiliser correctement les contraceptifs.,gender,Femme Nyɔnu,0.3082455676770134,212.0,0.6708860759493671,359725.0264561296,104.0,0.3291139240506329,186211.91271209306,347.0,562905.4621990462
207,Je ne pense pas avoir suffisamment d'informations pour utiliser correctement les contraceptifs.,gender,Homme Sunnu,0.3907862611363075,214.0,0.7303754266211604,297560.45421732,79.0,0.2696245733788396,97709.9611849608,350.0,511406.1391289565
208,Je ne vois pas d'avantages évidents à utiliser des contraceptifs modernes.,gender,Femme Nyɔnu,-0.14501273223259215,133.0,0.4539249146757679,209884.84903773028,160.0,0.5460750853242321,291513.30809986417,347.0,562905.4621990462
209,Je ne vois pas d'avantages évidents à utiliser des contraceptifs modernes.,gender,Homme Sunnu,0.18321037042471575,144.0,0.496551724137931,244183.76357717183,146.0,0.503448275862069,150488.85538988197,350.0,511406.1391289565
210,Je peux utiliser un contraceptif même si mon mari n'est pas d'accord.,gender,Femme Nyɔnu,-0.5309948481957821,54.0,0.16119402985074627,125017.065647569,281.0,0.8388059701492537,423916.9660965281,347.0,562905.4621990462
211,Je peux utiliser un contraceptif même si mon mari n'est pas d'accord.,gender,Homme Sunnu,-0.7992865637965323,25.0,0.0778816199376947,36966.86020376755,296.0,0.9221183800623053,445726.91585260245,350.0,511406.1391289565
212,Je sais pourquoi je n'utilise pas de contraception.,gender,Femme Nyɔnu,0.707050651539697,279.0,0.9587628865979382,410336.267020438,12.0,0.041237113402061855,12333.593217348034,347.0,562905.4621990462
213,Je sais pourquoi je n'utilise pas de contraception.,gender,Homme Sunnu,0.7318011976488255,273.0,0.8892508143322475,408046.65295502153,34.0,0.11074918566775244,33799.02785548928,350.0,511406.1391289565
214,Je suis convaincue que je pourrais choisir la méthode contraceptive qui me convient.,gender,Femme Nyɔnu,0.2518454478541696,191.0,0.6996336996336996,315534.6821877349,82.0,0.30036630036630035,173769.5039606578,347.0,562905.4621990462
215,Je suis convaincue que je pourrais choisir la méthode contraceptive qui me convient.,gender,Homme Sunnu,0.15203991908457193,159.0,0.5910780669144982,223998.92026828934,110.0,0.40892193308550184,146244.77225576947,350.0,511406.1391289565
216,Je suis convaincue que les contraceptifs “modernes” peuvent être utilisés en toute sécurité dans le corps.,gender,Femme Nyɔnu,0.30177546371630204,126.0,0.72,283911.70433951716,49.0,0.28,114040.64745596074,347.0,562905.4621990462
217,Je suis convaincue que les contraceptifs “modernes” peuvent être utilisés en toute sécurité dans le corps.,gender,Homme Sunnu,-0.12136315092192149,136.0,0.5354330708661418,186538.0046976008,118.0,0.4645669291338583,248603.8651431055,350.0,511406.1391289565
218,L'utilisation de contraceptifs n'encourage pas la promiscuité/l’adultère.,gender,Femme Nyɔnu,0.3867913163198097,122.0,0.5922330097087378,261371.94950288645,84.0,0.4077669902912621,43645.004815306536,347.0,562905.4621990462
219,L'utilisation de contraceptifs n'encourage pas la promiscuité/l’adultère.,gender,Homme Sunnu,-0.18035103799206756,136.0,0.5375494071146245,148074.90763808833,117.0,0.4624505928853755,240307.53566551136,350.0,511406.1391289565
220,L'utilisation de contraceptifs peut entraîner des problèmes cardiaques soudains.,gender,Femme Nyɔnu,-0.19884375600891482,67.0,0.7528089887640449,47899.33483537517,22.0,0.24719101123595505,159829.57121696774,347.0,562905.4621990462
221,L'utilisation de contraceptifs peut entraîner des problèmes cardiaques soudains.,gender,Homme Sunnu,0.14336293241642806,80.0,0.6451612903225806,122385.32883676661,44.0,0.3548387096774194,49068.64507547562,350.0,511406.1391289565
222,L'utilisation de contraceptifs peut rendre les règles plus douloureuses.,gender,Femme Nyɔnu,0.33045418121920445,209.0,0.9047619047619048,263927.72802329005,22.0,0.09523809523809523,77913.26440848642,347.0,562905.4621990462
223,L'utilisation de contraceptifs peut rendre les règles plus douloureuses.,gender,Homme Sunnu,0.777379287335497,238.0,0.9558232931726908,406993.19486421195,11.0,0.04417670682730924,9436.654889145739,350.0,511406.1391289565
224,L'utilisation de contraceptifs rend les femmes plus susceptibles de contracter des infections lorsqu'elles urinent dans des endroits sales.,gender,Femme Nyɔnu,0.18629702405862833,120.0,0.9375,142205.13472273693,8.0,0.0625,37337.52228870796,347.0,562905.4621990462
225,L'utilisation de contraceptifs rend les femmes plus susceptibles de contracter des infections lorsqu'elles urinent dans des endroits sales.,gender,Homme Sunnu,0.21350740965406156,95.0,0.7307692307692307,133868.51606076478,35.0,0.2692307692307692,24679.516014156678,350.0,511406.1391289565
226,L'utilisation de contraceptifs va à l'encontre de ma foi.,gender,Femme Nyɔnu,-0.011976649326503165,72.0,0.38095238095238093,198584.0794546424,117.0,0.6190476190476191,205325.8007793736,347.0,562905.4621990462
227,L'utilisation de contraceptifs va à l'encontre de ma foi.,gender,Homme Sunnu,-0.36555897189833164,79.0,0.26158940397350994,123351.35092970086,223.0,0.7384105960264901,310300.4533721773,350.0,511406.1391289565
228,L'utilisation de la contraception n'est pas importante pour moi ou ma famille.,gender,Femme Nyɔnu,-0.08685670948588234,126.0,0.4632352941176471,234381.56078812908,146.0,0.5367647058823529,283273.67698636797,347.0,562905.4621990462
229,L'utilisation de la contraception n'est pas importante pour moi ou ma famille.,gender,Homme Sunnu,0.1974086151723039,153.0,0.51,280353.4704298737,147.0,0.49,179397.4927138118,350.0,511406.1391289565
230,Les chefs religieux que j'admire n'utilisent pas et n'encouragent pas la contraception.,gender,Femme Nyɔnu,0.2982028865405154,55.0,0.55,221848.5849450441,45.0,0.45,53988.55126786562,347.0,562905.4621990462
231,Les chefs religieux que j'admire n'utilisent pas et n'encouragent pas la contraception.,gender,Homme Sunnu,0.13075020586507888,84.0,0.56,121157.88057668036,66.0,0.44,54291.422604904146,350.0,511406.1391289565
232,Les contraceptifs affaiblissent l'utérus des femmes.,gender,Femme Nyɔnu,-0.06338701822515347,38.0,0.6129032258064516,117565.31627868813,24.0,0.3870967741935484,153246.2150701375,347.0,562905.4621990462
233,Les contraceptifs affaiblissent l'utérus des femmes.,gender,Homme Sunnu,0.3097265599695047,130.0,0.8552631578947368,199137.6730272642,22.0,0.14473684210526316,40741.60880756659,350.0,511406.1391289565
234,Les contraceptifs ne causent pas la mort.,gender,Femme Nyɔnu,0.3601332437411498,108.0,0.8307692307692308,238902.36753037068,22.0,0.16923076923076924,36181.39750901702,347.0,562905.4621990462
235,Les contraceptifs ne causent pas la mort.,gender,Homme Sunnu,0.04087957437263144,114.0,0.7169811320754716,111205.82937943896,45.0,0.2830188679245283,90299.76408029649,350.0,511406.1391289565
236,Les contraceptifs ne provoquent pas de cancer.,gender,Femme Nyɔnu,0.26270287865405106,57.0,0.7702702702702703,183612.6292288238,17.0,0.22972972972972974,35735.74389904525,347.0,562905.4621990462
237,Les contraceptifs ne provoquent pas de cancer.,gender,Homme Sunnu,0.10765132116656335,89.0,0.7672413793103449,98777.61066921556,27.0,0.23275862068965517,43724.064139292095,350.0,511406.1391289565
238,Les contraceptifs peuvent empêcher une femme de concevoir à nouveau.,gender,Femme Nyɔnu,0.2484482534635032,175.0,0.7954545454545454,257462.15151910423,45.0,0.20454545454545456,117609.27257068516,347.0,562905.4621990462
239,Les contraceptifs peuvent empêcher une femme de concevoir à nouveau.,gender,Homme Sunnu,0.8262731160566943,268.0,0.9084745762711864,439148.64077879046,27.0,0.09152542372881356,16587.4966301842,350.0,511406.1391289565
240,Les contraceptifs peuvent faire perdre trop de poids à une femme.,gender,Femme Nyɔnu,0.27794199293038796,258.0,0.945054945054945,305375.80675834586,15.0,0.054945054945054944,148920.7407633418,347.0,562905.4621990462
241,Les contraceptifs peuvent faire perdre trop de poids à une femme.,gender,Homme Sunnu,0.8713014106626557,281.0,0.972318339100346,455190.9387995738,8.0,0.02768166089965398,9602.048354971626,350.0,511406.1391289565
242,Les contraceptifs peuvent provoquer des gonflements ou des inflammations dans le corps.,gender,Femme Nyɔnu,0.08192878589854286,104.0,0.9541284403669725,63625.019378009325,5.0,0.045871559633027525,17506.858284383357,347.0,562905.4621990462
243,Les contraceptifs peuvent provoquer des gonflements ou des inflammations dans le corps.,gender,Homme Sunnu,0.6816431874592886,182.0,0.9381443298969072,354430.5755685171,12.0,0.061855670103092786,5834.064806406703,350.0,511406.1391289565
244,Les contraceptifs peuvent provoquer l'apparition de boutons chez les femmes.,gender,Femme Nyɔnu,-0.09757611485652182,90.0,0.8653846153846154,96394.77668078832,14.0,0.1346153846153846,151320.90471368594,347.0,562905.4621990462
245,Les contraceptifs peuvent provoquer l'apparition de boutons chez les femmes.,gender,Homme Sunnu,0.27213173563222776,101.0,0.8211382113821138,164219.50106802283,22.0,0.17886178861788618,25049.660813883398,350.0,511406.1391289565
246,Les contraceptifs peuvent provoquer une sécheresse pendant les rapports intimes.,gender,Femme Nyɔnu,-0.1764340865167546,30.0,0.4225352112676056,84866.91318226498,41.0,0.5774647887323944,184182.62420064525,347.0,562905.4621990462
247,Les contraceptifs peuvent provoquer une sécheresse pendant les rapports intimes.,gender,Homme Sunnu,0.2355959941322652,78.0,0.78,138419.2098195054,22.0,0.22,17933.972066075414,350.0,511406.1391289565
248,Les contraceptifs provoquent souvent des saignements excessifs chez les femmes.,gender,Femme Nyɔnu,0.44030546913964885,258.0,0.9314079422382672,373553.8081937232,19.0,0.06859205776173286,125703.45457890136,347.0,562905.4621990462
249,Les contraceptifs provoquent souvent des saignements excessifs chez les femmes.,gender,Homme Sunnu,0.8743608056576132,289.0,0.956953642384106,455731.68621021544,13.0,0.04304635761589404,8578.202383171641,350.0,511406.1391289565
250,Les contraceptifs provoquent souvent des vertiges ou des maux de tête.,gender,Femme Nyɔnu,0.34714442746175767,200.0,0.9090909090909091,293381.0943569064,20.0,0.09090909090909091,97971.59996672247,347.0,562905.4621990462
251,Les contraceptifs provoquent souvent des vertiges ou des maux de tête.,gender,Homme Sunnu,0.7573032776556786,216.0,0.9113924050632911,401976.8432429684,21.0,0.08860759493670886,14687.297867373616,350.0,511406.1391289565
252,Les contraceptifs rendent les femmes fatiguées en permanence.,gender,Femme Nyɔnu,0.3457402395861164,179.0,0.8817733990147784,280824.7867566501,24.0,0.11822660098522167,86205.71739161832,347.0,562905.4621990462
253,Les contraceptifs rendent les femmes fatiguées en permanence.,gender,Homme Sunnu,0.48353219337022957,177.0,0.84688995215311,273018.2947438711,32.0,0.15311004784688995,25736.962587846,350.0,511406.1391289565
254,Les contraceptifs sont dangereux car ils peuvent perturber les règles mensuelles des femmes.,gender,Femme Nyɔnu,0.43134131917449026,201.0,0.8445378151260504,360872.0323389142,37.0,0.15546218487394958,118067.64770345142,347.0,562905.4621990462
255,Les contraceptifs sont dangereux car ils peuvent perturber les règles mensuelles des femmes.,gender,Homme Sunnu,0.738489650799751,268.0,0.9115646258503401,422576.99132373405,26.0,0.08843537414965986,44908.85022154207,350.0,511406.1391289565
256,Les contraceptifs “modernes” sont fiables.,gender,Femme Nyɔnu,0.4288230845310253,150.0,0.8875739644970414,278495.3035223134,19.0,0.11242603550295859,37108.446922755975,347.0,562905.4621990462
257,Les contraceptifs “modernes” sont fiables.,gender,Homme Sunnu,-0.29226518635602805,112.0,0.4409448818897638,131129.01305351494,142.0,0.5590551181102362,280595.2236096562,350.0,511406.1391289565
258,Les couples peuvent décider eux-mêmes de l'espacement entre les naissances de leurs enfants.,gender,Femme Nyɔnu,0.8455844003002202,315.0,0.9692307692307692,510516.37058949436,10.0,0.03076923076923077,34532.292910195756,347.0,562905.4621990462
259,Les couples peuvent décider eux-mêmes de l'espacement entre les naissances de leurs enfants.,gender,Homme Sunnu,0.9177547124142176,331.0,0.9910179640718563,479871.0877350747,3.0,0.008982035928143712,10525.693591913963,350.0,511406.1391289565
260,Les effets secondaires des contraceptifs sont gérables.,gender,Femme Nyɔnu,0.2837939328075613,140.0,0.8333333333333334,253758.2969444544,28.0,0.16666666666666666,94009.142028129,347.0,562905.4621990462
261,Les effets secondaires des contraceptifs sont gérables.,gender,Homme Sunnu,-0.3232214728515856,135.0,0.5578512396694215,130322.66986898721,107.0,0.44214876033057854,295620.11538359144,350.0,511406.1391289565
262,"Les enfants naissent naturellement à des intervalles suffisants, sans contraception.",gender,Femme Nyɔnu,0.6287124240836522,214.0,0.7254237288135593,420646.66427818395,81.0,0.2745762711864407,66741.00660909286,347.0,562905.4621990462
263,"Les enfants naissent naturellement à des intervalles suffisants, sans contraception.",gender,Homme Sunnu,0.1334050120256408,162.0,0.6303501945525292,184848.88232531518,95.0,0.36964980544747084,116624.74018483021,350.0,511406.1391289565
264,Les familles peuvent planifier les besoins de leurs enfants tout en continuant à faire confiance à Dieu.,gender,Femme Nyɔnu,0.2517151297780418,294.0,0.8936170212765957,341307.4354053851,35.0,0.10638297872340426,199615.61393518356,347.0,562905.4621990462
265,Les familles peuvent planifier les besoins de leurs enfants tout en continuant à faire confiance à Dieu.,gender,Homme Sunnu,0.9114174185536712,318.0,0.954954954954955,479376.08923415316,15.0,0.04504504504504504,13271.626076740122,350.0,511406.1391289565
266,Les femmes qui utilisent des contraceptifs ne sont pas plus susceptibles de souffrir de complications lors de l'accouchement.,gender,Femme Nyɔnu,0.185518649779728,45.0,0.3383458646616541,196326.9145197945,88.0,0.6616541353383458,91897.45321899373,347.0,562905.4621990462
267,Les femmes qui utilisent des contraceptifs ne sont pas plus susceptibles de souffrir de complications lors de l'accouchement.,gender,Homme Sunnu,0.22305624487186035,110.0,0.7189542483660131,161765.3822504909,43.0,0.28104575163398693,47693.04925196973,350.0,511406.1391289565
268,Les femmes qui utilisent des contraceptifs prennent souvent trop de poids.,gender,Femme Nyɔnu,0.7644829172060761,278.0,0.9619377162629758,465313.49781265226,11.0,0.03806228373702422,34981.887959490865,347.0,562905.4621990462
269,Les femmes qui utilisent des contraceptifs prennent souvent trop de poids.,gender,Homme Sunnu,0.9092839976799735,297.0,0.9867109634551495,466468.9712585441,4.0,0.013289036544850499,1455.5526332857837,350.0,511406.1391289565
270,Les frais de transport pour me rendre dans un établissement de santé sont abordables pour moi.,gender,Femme Nyɔnu,0.6218894428184274,182.0,0.5652173913043478,443930.3553500208,140.0,0.43478260869565216,93865.39110360661,347.0,562905.4621990462
271,Les frais de transport pour me rendre dans un établissement de santé sont abordables pour moi.,gender,Homme Sunnu,0.5391346610920168,253.0,0.7737003058103975,377760.6342750982,74.0,0.22629969418960244,102043.85877543142,350.0,511406.1391289565
272,Les frères et sœurs ne devraient pas influencer la décision d'une femme d'utiliser ou non un moyen de contraception.,gender,Femme Nyɔnu,0.02612168432802782,203.0,0.6023738872403561,281037.3233013471,134.0,0.39762611275964393,266333.28451126104,347.0,562905.4621990462
273,Les frères et sœurs ne devraient pas influencer la décision d'une femme d'utiliser ou non un moyen de contraception.,gender,Homme Sunnu,-0.002795517146280215,221.0,0.6696969696969697,243825.11671745262,109.0,0.3303030303030303,245254.76134810055,350.0,511406.1391289565
274,Les implants et les Dispositifs Intra-utérins DIU (aussi appelés stérilets) ne se déplacent pas dangereusement à l'intérieur du corps.,gender,Femme Nyɔnu,0.1852486237780534,47.0,0.4392523364485981,203353.69962029392,60.0,0.5607476635514018,99076.23743077158,347.0,562905.4621990462
275,Les implants et les Dispositifs Intra-utérins DIU (aussi appelés stérilets) ne se déplacent pas dangereusement à l'intérieur du corps.,gender,Homme Sunnu,0.4626574066303026,136.0,0.5991189427312775,299761.60665491066,91.0,0.4008810572687225,63155.76859069192,350.0,511406.1391289565
276,Les membres de ma communauté me regarderaient de haut si j'utilisais des contraceptifs.,gender,Femme Nyɔnu,0.03095163093762478,67.0,0.38285714285714284,150979.5516547624,108.0,0.6171428571428571,133556.70953600446,347.0,562905.4621990462
277,Les membres de ma communauté me regarderaient de haut si j'utilisais des contraceptifs.,gender,Homme Sunnu,-0.10990054223677294,64.0,0.3076923076923077,74386.0482268438,144.0,0.6923076923076923,130589.86022033067,350.0,511406.1391289565
278,Les méthodes “traditionnelles” de prévention de la grossesse sont plus acceptables que les méthodes “modernes”.,gender,Femme Nyɔnu,-0.21285779491501,30.0,0.2127659574468085,53516.34750694638,111.0,0.7872340425531915,173335.16293624984,347.0,562905.4621990462
279,Les méthodes “traditionnelles” de prévention de la grossesse sont plus acceptables que les méthodes “modernes”.,gender,Homme Sunnu,0.5013581859277656,155.0,0.625,331059.25187664333,93.0,0.375,74661.59769062723,350.0,511406.1391289565
280,Les préservatifs ne réduisent pas le plaisir intime.,gender,Femme Nyɔnu,-0.4392037044869202,47.0,0.3333333333333333,34519.351280839684,94.0,0.6666666666666666,281749.51555458276,347.0,562905.4621990462
281,Les préservatifs ne réduisent pas le plaisir intime.,gender,Homme Sunnu,-0.09302651482744644,79.0,0.35267857142857145,102467.30341192531,145.0,0.6473214285714286,150041.6341964523,350.0,511406.1391289565
282,Ma religion autorise l'espacement des naissances grâce à des méthodes “modernes”.,gender,Femme Nyɔnu,0.05759917046059584,105.0,0.5614973262032086,215463.1305511684,82.0,0.4385026737967914,183040.2428807651,347.0,562905.4621990462
283,Ma religion autorise l'espacement des naissances grâce à des méthodes “modernes”.,gender,Homme Sunnu,0.5222066819924519,250.0,0.8333333333333334,360777.3943444949,50.0,0.16666666666666666,93717.69127939234,350.0,511406.1391289565
284,Mes parents doivent donner leur accord pour que je puisse utiliser un moyen de contraception.,gender,Femme Nyɔnu,-0.6457667858909373,54.0,0.16071428571428573,93090.37996131118,282.0,0.8392857142857143,456596.03104604175,347.0,562905.4621990462
285,Mes parents doivent donner leur accord pour que je puisse utiliser un moyen de contraception.,gender,Homme Sunnu,-0.7183434963175303,27.0,0.08256880733944955,60008.15038251572,300.0,0.9174311926605505,427373.4244026596,350.0,511406.1391289565
286,Mon conjoint doit donner son accord pour que je puisse utiliser un moyen de contraception.,gender,Femme Nyɔnu,0.7860599065886537,306.0,0.9134328358208955,498755.43405903596,29.0,0.08656716417910448,56278.01902461088,347.0,562905.4621990462
287,Mon conjoint doit donner son accord pour que je puisse utiliser un moyen de contraception.,gender,Homme Sunnu,0.16123000559389522,257.0,0.7883435582822086,283740.0559108707,69.0,0.2116564417177914,201286.0412383567,350.0,511406.1391289565
288,"Même si je souhaite avoir davantage d'enfants, je peux tout de même utiliser un moyen de contraception pour l'instant.",gender,Femme Nyɔnu,0.5336878705315855,230.0,0.8041958041958042,415198.2345655889,56.0,0.1958041958041958,114782.41713398197,347.0,562905.4621990462
289,"Même si je souhaite avoir davantage d'enfants, je peux tout de même utiliser un moyen de contraception pour l'instant.",gender,Homme Sunnu,0.06108591895990512,186.0,0.6305084745762712,235182.28983497727,109.0,0.3694915254237288,203942.5758645479,350.0,511406.1391289565
290,"Même si je voulais utiliser une méthode contraceptive moderne, son coût me rendrait cela impossible.",gender,Femme Nyɔnu,-0.6848088604129877,33.0,0.1064516129032258,33555.499417767474,277.0,0.8935483870967742,419038.1475065424,347.0,562905.4621990462
291,"Même si je voulais utiliser une méthode contraceptive moderne, son coût me rendrait cela impossible.",gender,Homme Sunnu,-0.4506348050186124,73.0,0.2664233576642336,102104.10401419768,201.0,0.7335766423357665,332561.50980589644,350.0,511406.1391289565
292,"Pour les personnes comme moi, l'accès aux contraceptifs est réaliste, malgré les coûts potentiels.",gender,Femme Nyɔnu,0.5455904343776149,214.0,0.7535211267605634,409659.988358787,70.0,0.24647887323943662,102544.15272407734,347.0,562905.4621990462
293,"Pour les personnes comme moi, l'accès aux contraceptifs est réaliste, malgré les coûts potentiels.",gender,Homme Sunnu,0.39725064731281545,160.0,0.6106870229007634,302899.51197118225,102.0,0.3893129770992366,99743.0921624565,350.0,511406.1391289565
294,"Si je voulais des contraceptifs, je ne saurais pas où m'adresser pour les obtenir.",gender,Femme Nyɔnu,-0.5715421942023999,61.0,0.1918238993710692,112205.7820676884,257.0,0.8081761006289309,433930.0050614473,347.0,562905.4621990462
295,"Si je voulais des contraceptifs, je ne saurais pas où m'adresser pour les obtenir.",gender,Homme Sunnu,-0.03254927311403239,119.0,0.3953488372093023,205676.9065202696,182.0,0.6046511627906976,222322.80461497093,350.0,511406.1391289565
296,"Si un enfant meurt, il est important d'en avoir un autre rapidement.",gender,Femme Nyɔnu,-0.3523846296115919,73.0,0.2425249169435216,129439.98247785689,228.0,0.7574750830564784,327799.21528120973,347.0,562905.4621990462
297,"Si un enfant meurt, il est important d'en avoir un autre rapidement.",gender,Homme Sunnu,-0.7574470908511635,20.0,0.06756756756756757,30827.360838246004,276.0,0.9324324324324325,418190.4531648994,350.0,511406.1391289565
298,"Si une famille n'a pas encore eu d'enfant d'un certain genre, elle doit continuer à avoir des enfants jusqu'à ce qu'elle y parvienne.",gender,Femme Nyɔnu,-0.5345846361438384,49.0,0.14540059347181009,125503.62460580494,288.0,0.8545994065281899,426424.23629886133,347.0,562905.4621990462
299,"Si une famille n'a pas encore eu d'enfant d'un certain genre, elle doit continuer à avoir des enfants jusqu'à ce qu'elle y parvienne.",gender,Homme Sunnu,-0.4855686231679537,47.0,0.14551083591331268,98266.22272276178,276.0,0.8544891640866873,346588.99757924816,350.0,511406.1391289565
300,Un couple ne devrait pas utiliser de contraception avant d'avoir son premier enfant.,gender,Femme Nyɔnu,0.8064754601820824,295.0,0.9335443037974683,504409.6317175565,21.0,0.06645569620253164,50440.19005157298,347.0,562905.4621990462
301,Un couple ne devrait pas utiliser de contraception avant d'avoir son premier enfant.,gender,Homme Sunnu,0.6058485205385729,255.0,0.8069620253164557,392342.3616870564,61.0,0.1930379746835443,82507.70890143454,350.0,511406.1391289565
302,Une femme doit donner naissance à tous les enfants qu'elle porte en elle.,gender,Femme Nyɔnu,-0.7320679573349265,22.0,0.06567164179104477,67414.34797352055,313.0,0.9343283582089552,479499.3998582489,347.0,562905.4621990462
303,Une femme doit donner naissance à tous les enfants qu'elle porte en elle.,gender,Homme Sunnu,-0.5722237005076548,54.0,0.16875,92020.6622787243,266.0,0.83125,384659.3756734284,350.0,511406.1391289565
304,Une femme ménopausée n'a pas besoin de contraception.,gender,Femme Nyɔnu,0.9753646075330791,294.0,0.9832775919732442,549703.6562046985,5.0,0.016722408026755852,665.590988699252,347.0,562905.4621990462
305,Une femme ménopausée n'a pas besoin de contraception.,gender,Homme Sunnu,0.5213011559997659,235.0,0.9288537549407114,298792.96618702693,18.0,0.07114624505928854,32196.35467372485,350.0,511406.1391289565
306,Une femme n'a pas besoin d'avoir davantage d'enfants que ses coépouses pour gagner le respect.,gender,Femme Nyɔnu,0.8409762358934799,308.0,0.8979591836734694,517205.4329713367,35.0,0.10204081632653061,43815.31620730331,347.0,562905.4621990462
307,Une femme n'a pas besoin d'avoir davantage d'enfants que ses coépouses pour gagner le respect.,gender,Homme Sunnu,0.8587503516183013,306.0,0.9053254437869822,465085.6993731432,32.0,0.09467455621301775,25915.49757639386,350.0,511406.1391289565
308,Une femme ne peut pas utiliser de contraception pendant qu'elle allaite.,gender,Femme Nyɔnu,-0.04763216894611748,127.0,0.5619469026548672,193043.27193322292,99.0,0.43805309734513276,219855.68000938024,347.0,562905.4621990462
309,Une femme ne peut pas utiliser de contraception pendant qu'elle allaite.,gender,Homme Sunnu,0.49285425054988996,177.0,0.759656652360515,329657.17207021825,56.0,0.24034334763948498,77608.48264320372,350.0,511406.1391289565
310,"Après l'accouchement, il n'est pas nécessaire d'utiliser un moyen de contraception jusqu'au retour des règles.",age_group,16-20,0.13624868235127013,5.0,0.38461538461538464,18585.86849624004,8.0,0.6153846153846154,12073.868408066197,22.0,47794.95827625621
311,"Après l'accouchement, il n'est pas nécessaire d'utiliser un moyen de contraception jusqu'au retour des règles.",age_group,21-30,0.389594849939586,121.0,0.6368421052631579,200588.2194952164,69.0,0.3631578947368421,71473.88852344535,289.0,331406.6677005424
312,"Après l'accouchement, il n'est pas nécessaire d'utiliser un moyen de contraception jusqu'au retour des règles.",age_group,31-45,0.3391952171639078,155.0,0.6652360515021459,318276.5884273808,78.0,0.33476394849785407,82498.60938533048,386.0,695109.975351204
313,Il est acceptable d'utiliser des contraceptifs avant même d'avoir atteint le nombre d'enfants souhaité.,age_group,16-20,0.17791759398114673,9.0,0.6923076923076923,26835.431413921222,4.0,0.3076923076923077,18331.86743298042,22.0,47794.95827625621
314,Il est acceptable d'utiliser des contraceptifs avant même d'avoir atteint le nombre d'enfants souhaité.,age_group,21-30,0.3720116562052039,186.0,0.7848101265822784,214574.98989789977,51.0,0.21518987341772153,91287.84656917333,289.0,331406.6677005424
315,Il est acceptable d'utiliser des contraceptifs avant même d'avoir atteint le nombre d'enfants souhaité.,age_group,31-45,0.42537631269629417,232.0,0.7295597484276729,458818.60521217214,86.0,0.27044025157232704,163135.2869788651,386.0,695109.975351204
316,"Il est important d'avoir beaucoup d'enfants, car ils apportent des avantages à la famille.",age_group,16-20,-0.28993495296997657,6.0,0.2857142857142857,16928.16053488966,15.0,0.7142857142857143,30785.589514918,22.0,47794.95827625621
317,"Il est important d'avoir beaucoup d'enfants, car ils apportent des avantages à la famille.",age_group,21-30,-0.37478387358330295,50.0,0.17543859649122806,100122.4781076443,235.0,0.8245614035087719,224328.3527597881,289.0,331406.6677005424
318,"Il est important d'avoir beaucoup d'enfants, car ils apportent des avantages à la famille.",age_group,31-45,-0.40452459970015214,70.0,0.1876675603217158,183651.87059036616,303.0,0.8123324396782842,464840.95511689456,386.0,695109.975351204
319,Il est possible d'utiliser des contraceptifs sans que les autres ne le sachent.,age_group,16-20,0.5622997187002827,16.0,0.8888888888888888,29893.179690246576,2.0,0.1111111111111111,3018.0880962159563,22.0,47794.95827625621
320,Il est possible d'utiliser des contraceptifs sans que les autres ne le sachent.,age_group,21-30,0.40181055097329244,222.0,0.8951612903225806,202281.83312067395,26.0,0.10483870967741936,69119.13737569615,289.0,331406.6677005424
321,Il est possible d'utiliser des contraceptifs sans que les autres ne le sachent.,age_group,31-45,0.66280728809952,299.0,0.906060606060606,522396.0283833158,31.0,0.09393939393939393,61672.070689859975,386.0,695109.975351204
322,Il existe des situations où la contraception est utile même si l'on n'est pas sexuellement actif.,age_group,16-20,-0.4554133800174791,2.0,0.4,1887.711602405618,3.0,0.6,23654.17509878985,22.0,47794.95827625621
323,Il existe des situations où la contraception est utile même si l'on n'est pas sexuellement actif.,age_group,21-30,0.029147187273997642,87.0,0.6850393700787402,111165.04245578032,40.0,0.31496062992125984,101505.47024846115,289.0,331406.6677005424
324,Il existe des situations où la contraception est utile même si l'on n'est pas sexuellement actif.,age_group,31-45,-0.19929114330962083,120.0,0.7100591715976331,119869.22407904248,49.0,0.28994082840236685,258398.4857927063,386.0,695109.975351204
325,Il m'est trop difficile de me rendre dans un établissement de santé qui fournit des contraceptifs.,age_group,16-20,-0.8733552102757208,7.0,0.35,2745.029905027216,13.0,0.65,44487.00574050627,22.0,47794.95827625621
326,Il m'est trop difficile de me rendre dans un établissement de santé qui fournit des contraceptifs.,age_group,21-30,-0.3173434481925083,81.0,0.30337078651685395,103664.90714205634,186.0,0.6966292134831461,208834.64182413527,289.0,331406.6677005424
327,Il m'est trop difficile de me rendre dans un établissement de santé qui fournit des contraceptifs.,age_group,31-45,-0.6006702046400861,76.0,0.22551928783382788,110738.77244315736,261.0,0.7744807121661721,528270.6235847302,386.0,695109.975351204
328,Il n'est pas nécessaire d'avoir beaucoup d'enfants pour réussir dans la vie.,age_group,16-20,-0.33273046028688613,14.0,0.6363636363636364,15946.059904802478,8.0,0.36363636363636365,31848.89837145373,22.0,47794.95827625621
329,Il n'est pas nécessaire d'avoir beaucoup d'enfants pour réussir dans la vie.,age_group,21-30,0.5546081602318498,240.0,0.851063829787234,250865.2655587598,42.0,0.14893617021276595,67064.42329679396,289.0,331406.6677005424
330,Il n'est pas nécessaire d'avoir beaucoup d'enfants pour réussir dans la vie.,age_group,31-45,0.6849153033726509,303.0,0.8233695652173914,573924.6286529588,65.0,0.1766304347826087,97833.169007933,386.0,695109.975351204
331,Il n'y a aucune raison valable qui m'empêche d'utiliser un moyen de contraception.,age_group,16-20,-0.5212586310322312,6.0,0.35294117647058826,10409.121791984428,11.0,0.6470588235294118,35322.656313308355,22.0,47794.95827625621
332,Il n'y a aucune raison valable qui m'empêche d'utiliser un moyen de contraception.,age_group,21-30,0.034451199672684604,135.0,0.5357142857142857,155983.666398915,117.0,0.4642857142857143,144566.3091171046,289.0,331406.6677005424
333,Il n'y a aucune raison valable qui m'empêche d'utiliser un moyen de contraception.,age_group,31-45,0.17403632611265338,154.0,0.5220338983050847,326685.3671519335,141.0,0.47796610169491527,205710.98079755288,386.0,695109.975351204
334,Je ne connais pas suffisamment les différentes méthodes contraceptives disponibles.,age_group,16-20,0.9492039106784157,17.0,0.8947368421052632,45606.553840469816,2.0,0.10526315789473684,239.39253393571536,22.0,47794.95827625621
335,Je ne connais pas suffisamment les différentes méthodes contraceptives disponibles.,age_group,21-30,0.6912897996339882,195.0,0.7558139534883721,272233.70341031236,63.0,0.2441860465116279,43135.65449823668,289.0,331406.6677005424
336,Je ne connais pas suffisamment les différentes méthodes contraceptives disponibles.,age_group,31-45,0.4324574014921742,241.0,0.7172619047619048,442622.36565210053,95.0,0.28273809523809523,142016.91196042948,386.0,695109.975351204
337,Je ne crains pas que les préservatifs puissent se perdre à l'intérieur du corps.,age_group,16-20,0.3961821320467322,4.0,0.5,23690.39795866205,4.0,0.5,4754.889487690256,22.0,47794.95827625621
338,Je ne crains pas que les préservatifs puissent se perdre à l'intérieur du corps.,age_group,21-30,0.1498490005826105,98.0,0.7205882352941176,92179.70581899566,38.0,0.27941176470588236,42518.74787765608,289.0,331406.6677005424
339,Je ne crains pas que les préservatifs puissent se perdre à l'intérieur du corps.,age_group,31-45,0.35333575119350735,138.0,0.7976878612716763,332188.7162625196,35.0,0.2023121387283237,86581.51095970157,386.0,695109.975351204
340,Je ne pense pas avoir suffisamment d'informations pour utiliser correctement les contraceptifs.,age_group,16-20,0.594550313763735,13.0,0.6842105263157895,37085.14365089101,6.0,0.3157894736842105,8668.636211418258,22.0,47794.95827625621
341,Je ne pense pas avoir suffisamment d'informations pour utiliser correctement les contraceptifs.,age_group,21-30,0.5936108704546064,185.0,0.7115384615384616,259690.19062030144,75.0,0.28846153846153844,62963.590132121964,289.0,331406.6677005424
342,Je ne pense pas avoir suffisamment d'informations pour utiliser correctement les contraceptifs.,age_group,31-45,0.21323316324708938,228.0,0.6909090909090909,360510.1464022572,102.0,0.3090909090909091,212289.6475535136,386.0,695109.975351204
343,Je ne vois pas d'avantages évidents à utiliser des contraceptifs modernes.,age_group,16-20,0.567208116150534,8.0,0.6666666666666666,35316.23241381772,4.0,0.3333333333333333,8206.54416844905,22.0,47794.95827625621
344,Je ne vois pas d'avantages évidents à utiliser des contraceptifs modernes.,age_group,21-30,0.0286397428298306,118.0,0.47580645161290325,157711.23460034383,130.0,0.5241935483870968,148219.83286530914,289.0,331406.6677005424
345,Je ne vois pas d'avantages évidents à utiliser des contraceptifs modernes.,age_group,31-45,-0.0352960563439637,151.0,0.4674922600619195,261041.14560074056,172.0,0.5325077399380805,285575.7864559879,386.0,695109.975351204
346,Je peux utiliser un contraceptif même si mon mari n'est pas d'accord.,age_group,16-20,-0.030067038615892123,3.0,0.14285714285714285,23113.395260724043,18.0,0.8571428571428571,24550.44811686119,22.0,47794.95827625621
347,Je peux utiliser un contraceptif même si mon mari n'est pas d'accord.,age_group,21-30,-0.5732127872617592,40.0,0.14545454545454545,60729.73734657431,235.0,0.8545454545454545,250696.27705633384,289.0,331406.6677005424
348,Je peux utiliser un contraceptif même si mon mari n'est pas d'accord.,age_group,31-45,-0.7426973886701296,36.0,0.1,78140.7932440382,324.0,0.9,594397.1567759356,386.0,695109.975351204
349,Je sais pourquoi je n'utilise pas de contraception.,age_group,16-20,0.89687956345646,19.0,0.95,44645.755281369275,1.0,0.05,1779.4339671408804,22.0,47794.95827625621
350,Je sais pourquoi je n'utilise pas de contraception.,age_group,21-30,0.8642243507163978,232.0,0.9317269076305221,295367.2033652428,17.0,0.06827309236947791,8957.491148656556,289.0,331406.6677005424
351,Je sais pourquoi je n'utilise pas de contraception.,age_group,31-45,0.6372722030754845,301.0,0.9148936170212766,478369.96132884733,28.0,0.0851063829787234,35395.69595703988,386.0,695109.975351204
352,Je suis convaincue que je pourrais choisir la méthode contraceptive qui me convient.,age_group,16-20,-0.21459927981674776,5.0,0.35714285714285715,10575.710008351669,9.0,0.6428571428571429,20832.47363330776,22.0,47794.95827625621
353,Je suis convaincue que je pourrais choisir la méthode contraceptive qui me convient.,age_group,21-30,0.028257710523148138,147.0,0.6336206896551724,153428.344280785,85.0,0.36637931034482757,144063.55059946192,289.0,331406.6677005424
354,Je suis convaincue que je pourrais choisir la méthode contraceptive qui me convient.,age_group,31-45,0.31708838025503416,198.0,0.668918918918919,375529.5481668876,98.0,0.3310810810810811,155118.25198365762,386.0,695109.975351204
355,Je suis convaincue que les contraceptifs “modernes” peuvent être utilisés en toute sécurité dans le corps.,age_group,16-20,0.16259714125843536,5.0,0.7142857142857143,23257.895755860984,2.0,0.2857142857142857,15486.572173575529,22.0,47794.95827625621
356,Je suis convaincue que les contraceptifs “modernes” peuvent être utilisés en toute sécurité dans le corps.,age_group,21-30,0.035655325569351116,116.0,0.6408839779005525,124928.47843895717,65.0,0.35911602209944754,113112.0658062406,289.0,331406.6677005424
357,Je suis convaincue que les contraceptifs “modernes” peuvent être utilisés en toute sécurité dans le corps.,age_group,31-45,0.12691151522962657,141.0,0.5850622406639004,322263.3348422998,100.0,0.4149377593360996,234045.87461925013,386.0,695109.975351204
358,L'utilisation de contraceptifs n'encourage pas la promiscuité/l’adultère.,age_group,16-20,0.4123721789030362,5.0,0.5,22055.464486658115,5.0,0.5,2346.1534016986357,22.0,47794.95827625621
359,L'utilisation de contraceptifs n'encourage pas la promiscuité/l’adultère.,age_group,21-30,0.17780136187870896,102.0,0.5543478260869565,97441.04337321421,82.0,0.44565217391304346,38516.48652037302,289.0,331406.6677005424
360,L'utilisation de contraceptifs n'encourage pas la promiscuité/l’adultère.,age_group,31-45,0.06741443855510783,151.0,0.569811320754717,289950.3492811024,114.0,0.43018867924528303,243089.9005587462,386.0,695109.975351204
361,L'utilisation de contraceptifs peut entraîner des problèmes cardiaques soudains.,age_group,16-20,-0.2967369313304639,3.0,0.75,668.9600898208548,1.0,0.25,14851.489341784683,22.0,47794.95827625621
362,L'utilisation de contraceptifs peut entraîner des problèmes cardiaques soudains.,age_group,21-30,0.20738872132606442,67.0,0.7528089887640449,82316.23850095076,22.0,0.24719101123595505,13586.233447603341,289.0,331406.6677005424
363,L'utilisation de contraceptifs peut entraîner des problèmes cardiaques soudains.,age_group,31-45,-0.13402343762167362,77.0,0.6416666666666667,87299.46508137016,43.0,0.35833333333333334,180460.49350305536,386.0,695109.975351204
364,L'utilisation de contraceptifs peut rendre les règles plus douloureuses.,age_group,16-20,0.6493000349561248,12.0,0.9230769230769231,31069.49093937189,1.0,0.07692307692307693,36.22285987220578,22.0,47794.95827625621
365,L'utilisation de contraceptifs peut rendre les règles plus douloureuses.,age_group,21-30,0.7657694251264733,198.0,0.9658536585365853,254707.14439986047,7.0,0.03414634146341464,926.0509917359591,289.0,331406.6677005424
366,L'utilisation de contraceptifs peut rendre les règles plus douloureuses.,age_group,31-45,0.42979766180351375,237.0,0.9045801526717557,385144.2875482696,25.0,0.09541984732824428,86387.64544602399,386.0,695109.975351204
367,L'utilisation de contraceptifs rend les femmes plus susceptibles de contracter des infections lorsqu'elles urinent dans des endroits sales.,age_group,16-20,0.46466065585713734,6.0,0.8571428571428571,23987.870626450604,1.0,0.14285714285714285,1779.4339671408804,22.0,47794.95827625621
368,L'utilisation de contraceptifs rend les femmes plus susceptibles de contracter des infections lorsqu'elles urinent dans des endroits sales.,age_group,21-30,0.38143047796731094,102.0,0.8793103448275862,139894.63916099299,14.0,0.1206896551724138,13486.0354984213,289.0,331406.6677005424
369,L'utilisation de contraceptifs rend les femmes plus susceptibles de contracter des infections lorsqu'elles urinent dans des endroits sales.,age_group,31-45,0.0941427608281587,107.0,0.7925925925925926,112191.14099605814,28.0,0.2074074074074074,46751.568837302446,386.0,695109.975351204
370,L'utilisation de contraceptifs va à l'encontre de ma foi.,age_group,16-20,0.34610637213785606,5.0,0.38461538461538464,20133.184026001047,8.0,0.6153846153846154,3591.044410525812,22.0,47794.95827625621
371,L'utilisation de contraceptifs va à l'encontre de ma foi.,age_group,21-30,0.036716403174973225,65.0,0.33678756476683935,133039.14760196346,128.0,0.6632124352331606,120871.08677579596,289.0,331406.6677005424
372,L'utilisation de contraceptifs va à l'encontre de ma foi.,age_group,31-45,-0.3199508453270036,81.0,0.28421052631578947,168763.09875637875,204.0,0.7157894736842105,391164.1229652292,386.0,695109.975351204
373,L'utilisation de la contraception n'est pas importante pour moi ou ma famille.,age_group,16-20,-0.16289975667389747,7.0,0.4375,19590.424178545807,9.0,0.5625,27376.211251987028,22.0,47794.95827625621
374,L'utilisation de la contraception n'est pas importante pour moi ou ma famille.,age_group,21-30,0.011716718434460456,107.0,0.4495798319327731,150178.44130964298,131.0,0.5504201680672269,146295.44269689295,289.0,331406.6677005424
375,L'utilisation de la contraception n'est pas importante pour moi ou ma famille.,age_group,31-45,0.08051481342968365,165.0,0.5188679245283019,344966.165729814,153.0,0.4811320754716981,288999.5157512998,386.0,695109.975351204
376,Les chefs religieux que j'admire n'utilisent pas et n'encouragent pas la contraception.,age_group,16-20,0.436349082077175,5.0,0.625,20966.194927544508,3.0,0.375,110.90875578322888,22.0,47794.95827625621
377,Les chefs religieux que j'admire n'utilisent pas et n'encouragent pas la contraception.,age_group,21-30,0.33849952894732604,68.0,0.6538461538461539,134061.5360159182,36.0,0.34615384615384615,21880.53510928155,289.0,331406.6677005424
378,Les chefs religieux que j'admire n'utilisent pas et n'encouragent pas la contraception.,age_group,31-45,0.14629369189987226,66.0,0.4782608695652174,187978.73457826182,72.0,0.5217391304347826,86288.53000770499,386.0,695109.975351204
379,Les contraceptifs affaiblissent l'utérus des femmes.,age_group,16-20,0.2233796848646893,5.0,0.8333333333333334,25527.91205965577,1.0,0.16666666666666666,14851.489341784683,22.0,47794.95827625621
380,Les contraceptifs affaiblissent l'utérus des femmes.,age_group,21-30,0.3348942601305472,64.0,0.8311688311688312,117294.52799851829,13.0,0.16883116883116883,6308.337216615025,289.0,331406.6677005424
381,Les contraceptifs affaiblissent l'utérus des femmes.,age_group,31-45,0.0015142235988514462,99.0,0.7557251908396947,173880.54924777822,32.0,0.24427480916030533,172827.99731930438,386.0,695109.975351204
382,Les contraceptifs ne causent pas la mort.,age_group,16-20,0.490103659821901,5.0,0.8333333333333334,23647.765382995472,1.0,0.16666666666666666,223.28141076724657,22.0,47794.95827625621
383,Les contraceptifs ne causent pas la mort.,age_group,21-30,-0.009069218289637027,88.0,0.7096774193548387,62510.663324767535,36.0,0.2903225806451613,65516.262736784956,289.0,331406.6677005424
384,Les contraceptifs ne causent pas la mort.,age_group,31-45,0.2923395692280412,129.0,0.8113207547169812,263949.76820204663,30.0,0.18867924528301888,60741.61744176133,386.0,695109.975351204
385,Les contraceptifs ne provoquent pas de cancer.,age_group,16-20,0.31149126892433904,2.0,1.0,14887.712201656888,0.0,0.0,0.0,22.0,47794.95827625621
386,Les contraceptifs ne provoquent pas de cancer.,age_group,21-30,0.044062662485434334,58.0,0.6904761904761905,50948.32562646365,26.0,0.30952380952380953,36345.665482152166,289.0,331406.6677005424
387,Les contraceptifs ne provoquent pas de cancer.,age_group,31-45,0.24951455980199835,86.0,0.8269230769230769,216554.20206991877,18.0,0.17307692307692307,43114.14255618517,386.0,695109.975351204
388,Les contraceptifs peuvent empêcher une femme de concevoir à nouveau.,age_group,16-20,0.26457020022015676,11.0,0.7857142857142857,29312.267849460914,3.0,0.21428571428571427,16667.146168797768,22.0,47794.95827625621
389,Les contraceptifs peuvent empêcher une femme de concevoir à nouveau.,age_group,21-30,0.6986993799104497,180.0,0.861244019138756,250922.53753243963,29.0,0.13875598086124402,19368.904311882197,289.0,331406.6677005424
390,Les contraceptifs peuvent empêcher une femme de concevoir à nouveau.,age_group,31-45,0.4577912553118325,252.0,0.863013698630137,416375.98691599414,40.0,0.136986301369863,98160.7187201894,386.0,695109.975351204
391,Les contraceptifs peuvent faire perdre trop de poids à une femme.,age_group,16-20,0.3393245267387137,13.0,0.8666666666666667,31105.7137992441,2.0,0.13333333333333333,14887.712201656888,22.0,47794.95827625621
392,Les contraceptifs peuvent faire perdre trop de poids à une femme.,age_group,21-30,0.7117817055439777,226.0,0.9699570815450643,242390.830238277,7.0,0.030042918454935622,6501.627073738653,289.0,331406.6677005424
393,Les contraceptifs peuvent faire perdre trop de poids à une femme.,age_group,31-45,0.5034264563685411,300.0,0.9554140127388535,487070.2015203986,14.0,0.044585987261146494,137133.44984291788,386.0,695109.975351204
394,Les contraceptifs peuvent provoquer des gonflements ou des inflammations dans le corps.,age_group,16-20,-0.006305838837394988,3.0,0.75,1478.046663010791,1.0,0.25,1779.4339671408804,22.0,47794.95827625621
395,Les contraceptifs peuvent provoquer des gonflements ou des inflammations dans le corps.,age_group,21-30,0.33991105973277735,117.0,0.9512195121951219,114181.74076958037,6.0,0.04878048780487805,1532.949148980611,289.0,331406.6677005424
396,Les contraceptifs peuvent provoquer des gonflements ou des inflammations dans le corps.,age_group,31-45,0.4062195588498075,166.0,0.9431818181818182,302395.80751393526,10.0,0.056818181818181816,20028.53997466857,386.0,695109.975351204
397,Les contraceptifs peuvent provoquer l'apparition de boutons chez les femmes.,age_group,16-20,0.033668018965112796,4.0,1.0,1609.161561681769,0.0,0.0,0.0,22.0,47794.95827625621
398,Les contraceptifs peuvent provoquer l'apparition de boutons chez les femmes.,age_group,21-30,0.371688604467588,92.0,0.8932038834951457,129288.69849461428,11.0,0.10679611650485436,6108.616665745996,289.0,331406.6677005424
399,Les contraceptifs peuvent provoquer l'apparition de boutons chez les femmes.,age_group,31-45,-0.05832966380438231,95.0,0.7916666666666666,129716.41769251513,25.0,0.20833333333333334,170261.9488618233,386.0,695109.975351204
400,Les contraceptifs peuvent provoquer une sécheresse pendant les rapports intimes.,age_group,16-20,-0.1653036963856865,1.0,0.25,7023.251789864283,3.0,0.75,14923.935061529095,22.0,47794.95827625621
401,Les contraceptifs peuvent provoquer une sécheresse pendant les rapports intimes.,age_group,21-30,0.30715641501058816,54.0,0.72,109290.83842683487,21.0,0.28,7497.154465331001,289.0,331406.6677005424
402,Les contraceptifs peuvent provoquer une sécheresse pendant les rapports intimes.,age_group,31-45,-0.10462153692737006,53.0,0.5760869565217391,106972.03278507123,39.0,0.42391304347826086,179695.5067398605,386.0,695109.975351204
403,Les contraceptifs provoquent souvent des saignements excessifs chez les femmes.,age_group,16-20,0.6120694560139757,11.0,0.9166666666666666,29290.05697223101,1.0,0.08333333333333333,36.22285987220578,22.0,47794.95827625621
404,Les contraceptifs provoquent souvent des saignements excessifs chez les femmes.,age_group,21-30,0.89036844943879,235.0,0.9710743801652892,296123.7239507331,7.0,0.028925619834710745,1049.6830965248128,289.0,331406.6677005424
405,Les contraceptifs provoquent souvent des saignements excessifs chez les femmes.,age_group,31-45,0.5332623262786793,301.0,0.9261538461538461,503871.71348097455,24.0,0.07384615384615385,133195.751005676,386.0,695109.975351204
406,Les contraceptifs provoquent souvent des vertiges ou des maux de tête.,age_group,16-20,-0.04963566870135901,8.0,0.8888888888888888,12479.154627189155,1.0,0.1111111111111111,14851.489341784683,22.0,47794.95827625621
407,Les contraceptifs provoquent souvent des vertiges ou des maux de tête.,age_group,21-30,0.655101010419454,172.0,0.9347826086956522,220562.67773572617,12.0,0.06521739130434782,3457.8348653565918,289.0,331406.6677005424
408,Les contraceptifs provoquent souvent des vertiges ou des maux de tête.,age_group,31-45,0.5293644813888474,236.0,0.8939393939393939,462316.1052369595,28.0,0.10606060606060606,94349.5736269548,386.0,695109.975351204
409,Les contraceptifs rendent les femmes fatiguées en permanence.,age_group,16-20,0.46464755016149645,6.0,0.8571428571428571,23987.244240274267,1.0,0.14285714285714285,1779.4339671408804,22.0,47794.95827625621
410,Les contraceptifs rendent les femmes fatiguées en permanence.,age_group,21-30,0.5985408103442638,151.0,0.8988095238095238,202467.9934196354,17.0,0.10119047619047619,4107.57798066063,289.0,331406.6677005424
411,Les contraceptifs rendent les femmes fatiguées en permanence.,age_group,31-45,0.31841317727762536,199.0,0.8396624472573839,327387.8438406115,38.0,0.16033755274261605,106055.6680316628,386.0,695109.975351204
412,Les contraceptifs sont dangereux car ils peuvent perturber les règles mensuelles des femmes.,age_group,16-20,0.4760479428550345,8.0,0.7272727272727273,26196.872149476625,3.0,0.2727272727272727,3444.1805832226482,22.0,47794.95827625621
413,Les contraceptifs sont dangereux car ils peuvent perturber les règles mensuelles des femmes.,age_group,21-30,0.7925493689400718,200.0,0.9090909090909091,276274.5229471199,20.0,0.09090909090909091,13618.37759852293,289.0,331406.6677005424
414,Les contraceptifs sont dangereux car ils peuvent perturber les règles mensuelles des femmes.,age_group,31-45,0.4820297517001002,261.0,0.867109634551495,480977.62856605166,40.0,0.132890365448505,145913.93974324793,386.0,695109.975351204
415,Les contraceptifs “modernes” sont fiables.,age_group,16-20,0.4575447328451469,5.0,0.8333333333333334,23647.765382995472,1.0,0.16666666666666666,1779.4339671408804,22.0,47794.95827625621
416,Les contraceptifs “modernes” sont fiables.,age_group,21-30,0.003972104156713193,102.0,0.6496815286624203,78017.51953801837,55.0,0.3503184713375796,76701.1377356826,289.0,331406.6677005424
417,Les contraceptifs “modernes” sont fiables.,age_group,31-45,0.0988849754177343,155.0,0.5961538461538461,307959.0316548145,105.0,0.40384615384615385,239223.09882958874,386.0,695109.975351204
418,Les couples peuvent décider eux-mêmes de l'espacement entre les naissances de leurs enfants.,age_group,16-20,0.375803049693532,20.0,0.9523809523809523,32812.980421976885,1.0,0.047619047619047616,14851.489341784683,22.0,47794.95827625621
419,Les couples peuvent décider eux-mêmes de l'espacement entre les naissances de leurs enfants.,age_group,21-30,0.917979835348639,269.0,0.9781818181818182,307969.0433422071,6.0,0.02181818181818182,3744.405093022021,289.0,331406.6677005424
420,Les couples peuvent décider eux-mêmes de l'espacement entre les naissances de leurs enfants.,age_group,31-45,0.8964672707771734,357.0,0.9834710743801653,649605.4345603853,6.0,0.01652892561983471,26462.092067303012,386.0,695109.975351204
421,Les effets secondaires des contraceptifs sont gérables.,age_group,16-20,0.39748378383287014,6.0,0.6666666666666666,24024.68253139654,3.0,0.3333333333333333,5026.961667616066,22.0,47794.95827625621
422,Les effets secondaires des contraceptifs sont gérables.,age_group,21-30,-0.08202754330368595,105.0,0.6687898089171974,76548.64128490558,52.0,0.33121019108280253,103733.11607084206,289.0,331406.6677005424
423,Les effets secondaires des contraceptifs sont gérables.,age_group,31-45,0.003795749474813781,164.0,0.6721311475409836,283507.6429971395,80.0,0.32786885245901637,280869.1796732623,386.0,695109.975351204
424,"Les enfants naissent naturellement à des intervalles suffisants, sans contraception.",age_group,16-20,0.10320872392172725,12.0,0.75,20127.784019159793,4.0,0.25,15194.927365575193,22.0,47794.95827625621
425,"Les enfants naissent naturellement à des intervalles suffisants, sans contraception.",age_group,21-30,0.408970019263507,154.0,0.6497890295358649,212129.9309681304,83.0,0.350210970464135,76594.53969458483,289.0,331406.6677005424
426,"Les enfants naissent naturellement à des intervalles suffisants, sans contraception.",age_group,31-45,0.4052043012907944,210.0,0.7023411371237458,373237.8316162089,89.0,0.2976588628762542,91576.27973376303,386.0,695109.975351204
427,Les familles peuvent planifier les besoins de leurs enfants tout en continuant à faire confiance à Dieu.,age_group,16-20,0.3738615708928548,20.0,0.9523809523809523,32720.18752370428,1.0,0.047619047619047616,14851.489341784683,22.0,47794.95827625621
428,Les familles peuvent planifier les besoins de leurs enfants tout en continuant à faire confiance à Dieu.,age_group,21-30,0.8800373622595414,251.0,0.916058394160584,300090.0309888403,23.0,0.08394160583941605,8439.78131043064,289.0,331406.6677005424
429,Les familles peuvent planifier les besoins de leurs enfants tout en continuant à faire confiance à Dieu.,age_group,31-45,0.4291081229507327,341.0,0.9291553133514986,487873.3061269936,26.0,0.07084468664850137,189595.96935970837,386.0,695109.975351204
430,Les femmes qui utilisent des contraceptifs ne sont pas plus susceptibles de souffrir de complications lors de l'accouchement.,age_group,16-20,0.18813270852720937,4.0,0.5,17905.800297872847,4.0,0.5,8914.0053434158,22.0,47794.95827625621
431,Les femmes qui utilisent des contraceptifs ne sont pas plus susceptibles de souffrir de complications lors de l'accouchement.,age_group,21-30,0.07190174686161473,72.0,0.5625,87976.03678449526,56.0,0.4375,64147.3184552396,289.0,331406.6677005424
432,Les femmes qui utilisent des contraceptifs ne sont pas plus susceptibles de souffrir de complications lors de l'accouchement.,age_group,31-45,0.2671250415041071,79.0,0.5266666666666666,252210.4596879173,71.0,0.47333333333333333,66529.17867230806,386.0,695109.975351204
433,Les femmes qui utilisent des contraceptifs prennent souvent trop de poids.,age_group,16-20,0.9607913038804639,14.0,0.9333333333333333,45957.20314102878,1.0,0.06666666666666667,36.22285987220578,22.0,47794.95827625621
434,Les femmes qui utilisent des contraceptifs prennent souvent trop de poids.,age_group,21-30,0.9228160711584307,246.0,0.984,306116.07162667776,4.0,0.016,288.6725835556666,289.0,331406.6677005424
435,Les femmes qui utilisent des contraceptifs prennent souvent trop de poids.,age_group,31-45,0.7820297052700027,315.0,0.9692307692307692,579709.1943034898,10.0,0.03076923076923077,36112.54514934878,386.0,695109.975351204
436,Les frais de transport pour me rendre dans un établissement de santé sont abordables pour moi.,age_group,16-20,0.8237063636610779,11.0,0.5789473684210527,43234.966014965226,8.0,0.42105263157894735,3865.95473189728,22.0,47794.95827625621
437,Les frais de transport pour me rendre dans un établissement de santé sont abordables pour moi.,age_group,21-30,0.36255661550179197,171.0,0.6286764705882353,220672.70790489894,101.0,0.3713235294117647,100519.02810866323,289.0,331406.6677005424
438,Les frais de transport pour me rendre dans un établissement de santé sont abordables pour moi.,age_group,31-45,0.6707701877407242,253.0,0.7067039106145251,557783.3157052549,105.0,0.29329608938547486,91524.26703847751,386.0,695109.975351204
439,Les frères et sœurs ne devraient pas influencer la décision d'une femme d'utiliser ou non un moyen de contraception.,age_group,16-20,-0.8474148745516396,12.0,0.5714285714285714,3580.8424028553636,9.0,0.42857142857142855,44083.000974729875,22.0,47794.95827625621
440,Les frères et sœurs ne devraient pas influencer la décision d'une femme d'utiliser ou non un moyen de contraception.,age_group,21-30,0.012352594922932161,161.0,0.5897435897435898,153041.50292252217,112.0,0.41025641025641024,148947.77060165862,289.0,331406.6677005424
441,Les frères et sœurs ne devraient pas influencer la décision d'une femme d'utiliser ou non un moyen de contraception.,age_group,31-45,0.07147476251559595,251.0,0.6729222520107239,368240.0946934222,122.0,0.32707774798927614,318557.27428297314,386.0,695109.975351204
442,Les implants et les Dispositifs Intra-utérins DIU (aussi appelés stérilets) ne se déplacent pas dangereusement à l'intérieur du corps.,age_group,16-20,0.392266801276447,2.0,0.4,21874.741131648967,3.0,0.6,3126.3657314806937,22.0,47794.95827625621
443,Les implants et les Dispositifs Intra-utérins DIU (aussi appelés stérilets) ne se déplacent pas dangereusement à l'intérieur du corps.,age_group,21-30,0.17968198098854676,78.0,0.624,109019.41817786514,47.0,0.376,49471.61161261865,289.0,331406.6677005424
444,Les implants et les Dispositifs Intra-utérins DIU (aussi appelés stérilets) ne se déplacent pas dangereusement à l'intérieur du corps.,age_group,31-45,0.3777634152864146,103.0,0.5049019607843137,372221.1469656905,101.0,0.4950980392156863,109634.02867736416,386.0,695109.975351204
445,Les membres de ma communauté me regarderaient de haut si j'utilisais des contraceptifs.,age_group,16-20,0.03513134742460826,3.0,0.375,3771.987295159097,5.0,0.625,2092.886010811284,22.0,47794.95827625621
446,Les membres de ma communauté me regarderaient de haut si j'utilisais des contraceptifs.,age_group,21-30,0.09783039912311144,58.0,0.35802469135802467,121332.62072486748,104.0,0.6419753086419753,88910.97415166305,289.0,331406.6677005424
447,Les membres de ma communauté me regarderaient de haut si j'utilisais des contraceptifs.,age_group,31-45,-0.1048491897925327,70.0,0.3286384976525822,100260.99186157968,143.0,0.6713615023474179,173142.7095938608,386.0,695109.975351204
448,Les méthodes “traditionnelles” de prévention de la grossesse sont plus acceptables que les méthodes “modernes”.,age_group,16-20,-0.10138105720212853,4.0,0.5714285714285714,3279.83254302202,3.0,0.42857142857142855,8125.335942000498,22.0,47794.95827625621
449,Les méthodes “traditionnelles” de prévention de la grossesse sont plus acceptables que les méthodes “modernes”.,age_group,21-30,0.1720671309050758,65.0,0.4513888888888889,93163.9688881478,79.0,0.5486111111111112,36139.77441410363,289.0,331406.6677005424
450,Les méthodes “traditionnelles” de prévention de la grossesse sont plus acceptables que les méthodes “modernes”.,age_group,31-45,0.12141984818877585,116.0,0.48739495798319327,288131.7979524199,122.0,0.5126050420168067,203731.65027077295,386.0,695109.975351204
451,Les préservatifs ne réduisent pas le plaisir intime.,age_group,16-20,-0.06738175624066649,3.0,0.5,295.7271305116581,3.0,0.5,3516.23535861518,22.0,47794.95827625621
452,Les préservatifs ne réduisent pas le plaisir intime.,age_group,21-30,-0.31822716498683123,51.0,0.34459459459459457,49953.83236697197,97.0,0.6554054054054054,155416.43668704847,289.0,331406.6677005424
453,Les préservatifs ne réduisent pas le plaisir intime.,age_group,31-45,-0.2677581808778565,72.0,0.3412322274881517,86737.09519528135,139.0,0.6587677725118484,272858.47770537145,386.0,695109.975351204
454,Ma religion autorise l'espacement des naissances grâce à des méthodes “modernes”.,age_group,16-20,-0.04277480869709381,7.0,0.5833333333333334,18088.763829048607,5.0,0.4166666666666667,20133.184026001047,22.0,47794.95827625621
455,Ma religion autorise l'espacement des naissances grâce à des méthodes “modernes”.,age_group,21-30,0.05426369316568408,132.0,0.6984126984126984,125083.71145698846,57.0,0.30158730158730157,107100.36172782439,289.0,331406.6677005424
456,Ma religion autorise l'espacement des naissances grâce à des méthodes “modernes”.,age_group,31-45,0.4079119438043367,216.0,0.7552447552447552,433068.0496096263,70.0,0.24475524475524477,149524.388406332,386.0,695109.975351204
457,Mes parents doivent donner leur accord pour que je puisse utiliser un moyen de contraception.,age_group,16-20,-0.20943148038774603,7.0,0.3333333333333333,18827.03725535917,14.0,0.6666666666666666,28836.806122226066,22.0,47794.95827625621
458,Mes parents doivent donner leur accord pour que je puisse utiliser un moyen de contraception.,age_group,21-30,-0.3829587008253761,33.0,0.12,90176.47092916364,242.0,0.88,217091.5378366305,289.0,331406.6677005424
459,Mes parents doivent donner leur accord pour que je puisse utiliser un moyen de contraception.,age_group,31-45,-0.8544634811641851,41.0,0.11171662125340599,44095.02215930406,326.0,0.888283378746594,638041.1114898447,386.0,695109.975351204
460,Mon conjoint doit donner son accord pour que je puisse utiliser un moyen de contraception.,age_group,16-20,0.9600261421974922,20.0,1.0,45884.40941044435,0.0,0.0,0.0,22.0,47794.95827625621
461,Mon conjoint doit donner son accord pour que je puisse utiliser un moyen de contraception.,age_group,21-30,0.8167679608815316,238.0,0.8654545454545455,292808.07816869323,37.0,0.13454545454545455,22125.72996837788,289.0,331406.6677005424
462,Mon conjoint doit donner son accord pour que je puisse utiliser un moyen de contraception.,age_group,31-45,0.2997578505342313,305.0,0.8333333333333334,443803.0023907692,61.0,0.16666666666666666,235438.33029458972,386.0,695109.975351204
463,"Même si je souhaite avoir davantage d'enfants, je peux tout de même utiliser un moyen de contraception pour l'instant.",age_group,16-20,0.15587865008831275,10.0,0.625,27059.198175224363,6.0,0.375,19608.984598094314,22.0,47794.95827625621
464,"Même si je souhaite avoir davantage d'enfants, je peux tout de même utiliser un moyen de contraception pour l'instant.",age_group,21-30,0.25603221399778053,173.0,0.726890756302521,194136.40923264954,65.0,0.27310924369747897,109285.62636765295,289.0,331406.6677005424
465,"Même si je souhaite avoir davantage d'enfants, je peux tout de même utiliser un moyen de contraception pour l'instant.",age_group,31-45,0.34434052660368714,233.0,0.7125382262996942,429184.91699269216,94.0,0.2874617737003058,189830.3820327826,386.0,695109.975351204
466,"Même si je voulais utiliser une méthode contraceptive moderne, son coût me rendrait cela impossible.",age_group,16-20,-0.79006642767132,3.0,0.15789473684210525,4312.767133224902,16.0,0.8421052631578947,42073.95907924644,22.0,47794.95827625621
467,"Même si je voulais utiliser une méthode contraceptive moderne, son coût me rendrait cela impossible.",age_group,21-30,-0.44860736416788494,54.0,0.21686746987951808,77221.70456470615,195.0,0.7831325301204819,225893.1762295086,289.0,331406.6677005424
468,"Même si je voulais utiliser une méthode contraceptive moderne, son coût me rendrait cela impossible.",age_group,31-45,-0.6178984700264748,49.0,0.1550632911392405,54125.13173403411,267.0,0.8449367088607594,483632.5220036836,386.0,695109.975351204
469,"Pour les personnes comme moi, l'accès aux contraceptifs est réaliste, malgré les coûts potentiels.",age_group,16-20,0.8307512883915597,11.0,0.7333333333333333,43119.96223946272,4.0,0.26666666666666666,3414.239072842034,22.0,47794.95827625621
470,"Pour les personnes comme moi, l'accès aux contraceptifs est réaliste, malgré les coûts potentiels.",age_group,21-30,0.3319109760060264,162.0,0.6923076923076923,204226.52030041692,72.0,0.3076923076923077,94229.009769025,289.0,331406.6677005424
471,"Pour les personnes comme moi, l'accès aux contraceptifs est réaliste, malgré les coûts potentiels.",age_group,31-45,0.5187222663050481,201.0,0.6767676767676768,465213.0177900896,96.0,0.32323232323232326,104643.99604466684,386.0,695109.975351204
472,"Si je voulais des contraceptifs, je ne saurais pas où m'adresser pour les obtenir.",age_group,16-20,-0.3706089773388935,3.0,0.17647058823529413,13739.928399517376,14.0,0.8235294117647058,31453.169008235775,22.0,47794.95827625621
473,"Si je voulais des contraceptifs, je ne saurais pas où m'adresser pour les obtenir.",age_group,21-30,-0.0006145479608238603,78.0,0.2965779467680608,159581.44576874262,185.0,0.7034220532319392,159785.11106058146,289.0,331406.6677005424
474,"Si je voulais des contraceptifs, je ne saurais pas où m'adresser pour les obtenir.",age_group,31-45,-0.4610108134701909,99.0,0.2920353982300885,144561.314419698,240.0,0.7079646017699115,465014.529607601,386.0,695109.975351204
475,"Si un enfant meurt, il est important d'en avoir un autre rapidement.",age_group,16-20,-0.8865337926879986,1.0,0.05263157894736842,2008.8735714001095,18.0,0.9473684210526315,44380.71920341418,22.0,47794.95827625621
476,"Si un enfant meurt, il est important d'en avoir un autre rapidement.",age_group,21-30,-0.19834772016213803,47.0,0.1910569105691057,107408.1911026682,199.0,0.8089430894308943,173141.94808760207,289.0,331406.6677005424
477,"Si un enfant meurt, il est important d'en avoir un autre rapidement.",age_group,31-45,-0.6871095789867532,45.0,0.1355421686746988,50850.278642034595,287.0,0.8644578313253012,528467.0011550928,386.0,695109.975351204
478,"Si une famille n'a pas encore eu d'enfant d'un certain genre, elle doit continuer à avoir des enfants jusqu'à ce qu'elle y parvienne.",age_group,16-20,0.27423947824457195,5.0,0.23809523809523808,30410.507235104622,16.0,0.7619047619047619,17303.242814703033,22.0,47794.95827625621
479,"Si une famille n'a pas encore eu d'enfant d'un certain genre, elle doit continuer à avoir des enfants jusqu'à ce qu'elle y parvienne.",age_group,21-30,-0.5024243628834546,38.0,0.13620071684587814,71082.522460645,241.0,0.8637992831541219,237589.30633541883,289.0,331406.6677005424
480,"Si une famille n'a pas encore eu d'enfant d'un certain genre, elle doit continuer à avoir des enfants jusqu'à ce qu'elle y parvienne.",age_group,31-45,-0.569469409348025,53.0,0.14722222222222223,122276.8176328171,307.0,0.8527777777777777,518120.6847279876,386.0,695109.975351204
481,Un couple ne devrait pas utiliser de contraception avant d'avoir son premier enfant.,age_group,16-20,0.2960816602617657,16.0,0.8888888888888888,30782.13390750132,2.0,0.1111111111111111,16630.923308925565,22.0,47794.95827625621
482,Un couple ne devrait pas utiliser de contraception avant d'avoir son premier enfant.,age_group,21-30,0.7234110810076708,239.0,0.9018867924528302,278803.55196221697,26.0,0.09811320754716982,39060.296227817715,289.0,331406.6677005424
483,Un couple ne devrait pas utiliser de contraception avant d'avoir son premier enfant.,age_group,31-45,0.7335668400687224,295.0,0.8452722063037249,587166.3075348946,54.0,0.15472779369627507,77256.67941626423,386.0,695109.975351204
484,Une femme doit donner naissance à tous les enfants qu'elle porte en elle.,age_group,16-20,-0.4344105685754367,2.0,0.09090909090909091,13516.161638214237,20.0,0.9090909090909091,34278.79663804197,22.0,47794.95827625621
485,Une femme doit donner naissance à tous les enfants qu'elle porte en elle.,age_group,21-30,-0.6581621943966806,29.0,0.10740740740740741,41686.57156516039,241.0,0.8925925925925926,259805.91121664087,289.0,331406.6677005424
486,Une femme doit donner naissance à tous les enfants qu'elle porte en elle.,age_group,31-45,-0.6701699114485558,45.0,0.12396694214876033,104232.27704887025,318.0,0.8760330578512396,570074.0676769944,386.0,695109.975351204
487,Une femme ménopausée n'a pas besoin de contraception.,age_group,16-20,0.9930078364203427,18.0,1.0,47460.768109705736,0.0,0.0,0.0,22.0,47794.95827625621
488,Une femme ménopausée n'a pas besoin de contraception.,age_group,21-30,0.8687537734144953,221.0,0.9608695652173913,295947.4826874179,9.0,0.0391304347826087,8036.68958784793,289.0,331406.6677005424
489,Une femme ménopausée n'a pas besoin de contraception.,age_group,31-45,0.6909167362723758,290.0,0.9539473684210527,505088.37159460166,14.0,0.046052631578947366,24825.25607457617,386.0,695109.975351204
490,Une femme n'a pas besoin d'avoir davantage d'enfants que ses coépouses pour gagner le respect.,age_group,16-20,0.8369457652297401,19.0,0.8636363636363636,43898.37310245048,3.0,0.13636363636363635,3896.5851738057277,22.0,47794.95827625621
491,Une femme n'a pas besoin d'avoir davantage d'enfants que ses coépouses pour gagner le respect.,age_group,21-30,0.7831557634712669,256.0,0.89198606271777,290886.6128101029,31.0,0.10801393728222997,31343.5709476161,289.0,331406.6677005424
492,Une femme n'a pas besoin d'avoir davantage d'enfants que ses coépouses pour gagner le respect.,age_group,31-45,0.8818971249260599,339.0,0.9112903225806451,647506.1464319265,33.0,0.08870967741935484,34490.65766227535,386.0,695109.975351204
493,Une femme ne peut pas utiliser de contraception pendant qu'elle allaite.,age_group,16-20,0.1424360950235932,5.0,0.5,18585.86849624004,5.0,0.5,11778.14127755454,22.0,47794.95827625621
494,Une femme ne peut pas utiliser de contraception pendant qu'elle allaite.,age_group,21-30,0.2975255387444005,124.0,0.6358974358974359,176275.583763899,71.0,0.3641025641025641,77673.63641280858,289.0,331406.6677005424
495,Une femme ne peut pas utiliser de contraception pendant qu'elle allaite.,age_group,31-45,0.17238510599785156,175.0,0.6889763779527559,327838.9917433021,79.0,0.3110236220472441,208012.38496222082,386.0,695109.975351204
